-- ----------------------------
-- Configurator modules
-- ----------------------------
INSERT INTO `wiser_module` (id, `custom_query`, `count_query`, `options`, `name`, `icon`, `type`, `group`) VALUES (800, NULL, NULL, NULL, 'Configurator beheer module 2.0', 'routes', 'DynamicItems', 'Instellingen');
INSERT INTO `wiser_module` (id, `custom_query`, `count_query`, `options`, `name`, `icon`, `type`, `group`) VALUES (854, 'SELECT \r\n	configuration.id, \r\n	configuration.id AS encrypted_id_encrypt_withdate, \r\n	configuration.title, \r\n	configuration.entity_type, \r\n	configuration.added_on AS	datecreated \r\nFROM wiser_item AS configuration \r\n# Check permissions. Default permissions are everything enabled, so if the user has no role or the role has no permissions on this item, they are allowed everything. \r\nJOIN wiser_itemlink AS configuratie_onder_leverancier ON configuratie_onder_leverancier.item_id = configuration.id \r\nLEFT JOIN wiser_user_roles user_role ON user_role.user_id = ?userId \r\nLEFT JOIN wiser_permission permission ON permission.role_id = user_role.role_id AND permission.item_id = configuratie_onder_leverancier.destination_item_id \r\nWHERE configuration.entity_type = \'configuration\' \r\nAND (permission.id IS NULL OR (permission.permissions & 1) > 0) \r\n[if({id}!)]AND configuration.id {id_filter}[endif] \r\n[if({title}!)]AND configuration.title {title_filter}[endif] \r\n[if({datecreated}!)]AND configuration.added_on {datecreated_filter}[endif] \r\nORDER BY configuration.id DESC \r\n{limit}','','{ \r\n	\"gridViewMode\": true, \r\n	\"gridViewSettings\": { \r\n		\"pageSize\": 100, \r\n		\"columns\": [ \r\n			{ \"field\": \"id\", \"title\": \"ID\", \"filterable\": { \"extra\": false } }, \r\n		{ \"field\": \"title\", \"title\": \"Naam\",  \"filterable\": { \"extra\": false }}, \r\n			{ \"field\": \"datecreated\", \"title\": \"Aangemaakt op\", \"filterable\": { \"extra\": false } } \r\n		], \r\n		\"filterable\": true \r\n	} \r\n}','Configuraties','routes','DynamicItems','Bestelproces');

-- ----------------------------
-- Records of wiser_permission
-- ----------------------------
INSERT INTO `wiser_permission`(`role_id`, `entity_name`, `item_id`, `entity_property_id`, `permissions`, `module_id`) VALUES (1, '', 0, 0, 15, 800);

-- ----------------------------
-- Records of wiser_entity
-- ---------------------------
INSERT INTO `wiser_entity`(`name`, `module_id`, `accepted_childtypes`, `icon`, `icon_add`, `icon_expanded`, `show_in_tree_view`, `query_after_insert`, `query_after_update`, `query_before_update`, `query_before_delete`, `color`, `show_in_search`, `show_overview_tab`, `save_title_as_seo`, `api_after_insert`, `api_after_update`, `api_before_update`, `api_before_delete`, `show_title_field`, `friendly_name`, `default_ordering`, `save_history`, `enable_multiple_environments`, `dedicated_table_prefix`) VALUES ('', 800, 'configurator', '', '', '', 1, NULL, NULL, NULL, NULL, 'blue', 1, 1, 0, NULL, NULL, NULL, NULL, 1, NULL, 'link_ordering', 1, 0, '');
INSERT INTO `wiser_entity`(`name`, `module_id`, `accepted_childtypes`, `icon`, `icon_add`, `icon_expanded`, `show_in_tree_view`, `query_after_insert`, `query_after_update`, `query_before_update`, `query_before_delete`, `color`, `show_in_search`, `show_overview_tab`, `save_title_as_seo`, `api_after_insert`, `api_after_update`, `api_before_update`, `api_before_delete`, `show_title_field`, `friendly_name`, `default_ordering`, `save_history`, `enable_multiple_environments`, `dedicated_table_prefix`) VALUES ('configurator', 800, 'hoofdstap', '', '', '', 1, NULL, NULL, NULL, NULL, 'blue', 1, 1, 0, NULL, NULL, NULL, NULL, 1, NULL, 'link_ordering', 1, 0, '');
INSERT INTO `wiser_entity`(`name`, `module_id`, `accepted_childtypes`, `icon`, `icon_add`, `icon_expanded`, `show_in_tree_view`, `query_after_insert`, `query_after_update`, `query_before_update`, `query_before_delete`, `color`, `show_in_search`, `show_overview_tab`, `save_title_as_seo`, `api_after_insert`, `api_after_update`, `api_before_update`, `api_before_delete`, `show_title_field`, `friendly_name`, `default_ordering`, `save_history`, `enable_multiple_environments`, `dedicated_table_prefix`) VALUES ('hoofdstap', 800, 'stap', '', '', '', 1, NULL, NULL, NULL, NULL, 'blue', 1, 1, 0, NULL, NULL, NULL, NULL, 1, NULL, 'link_ordering', 1, 0, '');
INSERT INTO `wiser_entity`(`name`, `module_id`, `accepted_childtypes`, `icon`, `icon_add`, `icon_expanded`, `show_in_tree_view`, `query_after_insert`, `query_after_update`, `query_before_update`, `query_before_delete`, `color`, `show_in_search`, `show_overview_tab`, `save_title_as_seo`, `api_after_insert`, `api_after_update`, `api_before_update`, `api_before_delete`, `show_title_field`, `friendly_name`, `default_ordering`, `save_history`, `enable_multiple_environments`, `dedicated_table_prefix`) VALUES ('stap', 800, 'substap', '', '', '', 1, NULL, NULL, NULL, NULL, 'blue', 1, 1, 0, NULL, NULL, NULL, NULL, 1, NULL, 'link_ordering', 1, 0, '');
INSERT INTO `wiser_entity`(`name`, `module_id`, `accepted_childtypes`, `icon`, `icon_add`, `icon_expanded`, `show_in_tree_view`, `query_after_insert`, `query_after_update`, `query_before_update`, `query_before_delete`, `color`, `show_in_search`, `show_overview_tab`, `save_title_as_seo`, `api_after_insert`, `api_after_update`, `api_before_update`, `api_before_delete`, `show_title_field`, `friendly_name`, `default_ordering`, `save_history`, `enable_multiple_environments`, `dedicated_table_prefix`) VALUES ('substap', 800, '', '', '', '', 1, NULL, NULL, NULL, NULL, 'blue', 1, 1, 0, NULL, NULL, NULL, NULL, 1, NULL, 'link_ordering', 1, 0, '');
INSERT INTO `wiser_entity`(`name`, `module_id`, `accepted_childtypes`, `icon`, `icon_add`, `icon_expanded`, `show_in_tree_view`, `query_after_insert`, `query_after_update`, `query_before_update`, `query_before_delete`, `color`, `show_in_search`, `show_overview_tab`, `save_title_as_seo`, `api_after_insert`, `api_after_update`, `api_before_update`, `api_before_delete`, `show_title_field`, `friendly_name`, `default_ordering`, `save_history`, `enable_multiple_environments`, `dedicated_table_prefix`) VALUES ('configuration', 854, 'configurationline', '', '', '', 1, NULL, NULL, NULL, NULL, 'blue', 1, 1, 0, NULL, NULL, NULL, NULL, 1, NULL, 'link_ordering', 1, 0, 'configurations');
INSERT INTO `wiser_entity`(`name`, `module_id`, `accepted_childtypes`, `icon`, `icon_add`, `icon_expanded`, `show_in_tree_view`, `query_after_insert`, `query_after_update`, `query_before_update`, `query_before_delete`, `color`, `show_in_search`, `show_overview_tab`, `save_title_as_seo`, `api_after_insert`, `api_after_update`, `api_before_update`, `api_before_delete`, `show_title_field`, `friendly_name`, `default_ordering`, `save_history`, `enable_multiple_environments`, `dedicated_table_prefix`) VALUES ('configurationline', 854, '', '', '', '', 1, NULL, NULL, NULL, NULL, 'blue', 1, 1, 0, NULL, NULL, NULL, NULL, 1, NULL, 'link_ordering', 1, 0, 'configurations');

-- ----------------------------
-- Records of wiser_entityproperty
-- ----------------------------
INSERT INTO `wiser_entityproperty`(`module_id`, `entity_name`, `link_type`, `visible_in_overview`, `overview_fieldtype`, `overview_width`, `tab_name`, `group_name`, `inputtype`, `display_name`, `property_name`, `explanation`, `ordering`, `regex_validation`, `mandatory`, `readonly`, `default_value`, `automation`, `css`, `width`, `height`, `options`, `data_query`, `action_query`, `search_query`, `search_count_query`, `grid_delete_query`, `grid_insert_query`, `grid_update_query`, `depends_on_field`, `depends_on_operator`, `depends_on_value`, `language_code`, `custom_script`, `also_save_seo_value`, `depends_on_action`, `save_on_change`, `extended_explanation`, `label_style`, `label_width`) VALUES (0, 'configurator', 0, 0, '', 100, '', '', 'combobox', 'Kopieer lay-out templates', 'duplicatelayoutfrom', 'Kopieer templates van een andere, qua lay-out identieke, configurator', 1, '', 0, 0, NULL, '', NULL, 0, 0, NULL, '#verkrijg overige configuratoren\r\nSELECT id,title AS name\r\nFROM wiser_item\r\nWHERE entity_type=\'configurator\' AND removed=0 AND published_environment>=4 AND id<>{itemId}\r\nORDER BY name;', NULL, NULL, NULL, NULL, NULL, NULL, NULL, NULL, NULL, '', NULL, 0, NULL, 0, 0, 'normal', '0');
INSERT INTO `wiser_entityproperty`(`module_id`, `entity_name`, `link_type`, `visible_in_overview`, `overview_fieldtype`, `overview_width`, `tab_name`, `group_name`, `inputtype`, `display_name`, `property_name`, `explanation`, `ordering`, `regex_validation`, `mandatory`, `readonly`, `default_value`, `automation`, `css`, `width`, `height`, `options`, `data_query`, `action_query`, `search_query`, `search_count_query`, `grid_delete_query`, `grid_insert_query`, `grid_update_query`, `depends_on_field`, `depends_on_operator`, `depends_on_value`, `language_code`, `custom_script`, `also_save_seo_value`, `depends_on_action`, `save_on_change`, `extended_explanation`, `label_style`, `label_width`) VALUES (0, 'configurator', 0, 0, '', 100, 'Templates', 'Basis', 'HTMLeditor', 'Template configurator', 'template', 'De basis template van de configurator. Kan deze variabelen bevatten:\n{progress}, {totalsteps}, {mainsteps}, {totalprice}', 1, '', 0, 0, 'Totaal aantal stappen {totalsteps}<br\\>\n{steps}<br\\>\n{progress}<br\\>\nTotaalprijs: {totalprice}', '', NULL, 100, 0, NULL, NULL, NULL, NULL, NULL, NULL, NULL, NULL, 'duplicatelayoutfrom', 'isempty', NULL, '', NULL, 0, 'toggle-visibility', 0, 0, 'normal', '0');
INSERT INTO `wiser_entityproperty`(`module_id`, `entity_name`, `link_type`, `visible_in_overview`, `overview_fieldtype`, `overview_width`, `tab_name`, `group_name`, `inputtype`, `display_name`, `property_name`, `explanation`, `ordering`, `regex_validation`, `mandatory`, `readonly`, `default_value`, `automation`, `css`, `width`, `height`, `options`, `data_query`, `action_query`, `search_query`, `search_count_query`, `grid_delete_query`, `grid_insert_query`, `grid_update_query`, `depends_on_field`, `depends_on_operator`, `depends_on_value`, `language_code`, `custom_script`, `also_save_seo_value`, `depends_on_action`, `save_on_change`, `extended_explanation`, `label_style`, `label_width`) VALUES (0, 'configurator', 0, 0, '', 100, 'Templates', 'Hoofdstap', 'HTMLeditor', 'Hoofdstap template', 'step_template', 'De basis template voor iedere stap (deze kan aangepast worden per stap). Deze variabelen zijn te gebruiken: {stepnumber}, {totalsteps}, {substeps} {stepname}', 10, '', 0, 0, 'Stap {stepnumber} van {totalsteps} - {stepname}<br/>\n{substeps}', '', NULL, 100, 0, NULL, NULL, NULL, NULL, NULL, NULL, NULL, NULL, 'duplicatelayoutfrom', 'isempty', NULL, '', NULL, 0, 'toggle-visibility', 0, 0, 'normal', '0');
INSERT INTO `wiser_entityproperty`(`module_id`, `entity_name`, `link_type`, `visible_in_overview`, `overview_fieldtype`, `overview_width`, `tab_name`, `group_name`, `inputtype`, `display_name`, `property_name`, `explanation`, `ordering`, `regex_validation`, `mandatory`, `readonly`, `default_value`, `automation`, `css`, `width`, `height`, `options`, `data_query`, `action_query`, `search_query`, `search_count_query`, `grid_delete_query`, `grid_insert_query`, `grid_update_query`, `depends_on_field`, `depends_on_operator`, `depends_on_value`, `language_code`, `custom_script`, `also_save_seo_value`, `depends_on_action`, `save_on_change`, `extended_explanation`, `label_style`, `label_width`) VALUES (0, 'configurator', 0, 0, '', 100, 'Templates', 'Stap', 'HTMLeditor', 'Standaard stap template', 'default_step_template', 'De standaard template voor een stap (te overrulen per stap). Te gebruiken variabelen: {datasource_values}, {datasource_count} en {substeps}', 20, '', 0, 0, 'Maak uw keuze:<br/>\n{datasource_values}<br/>\nOf vul zelf een waarde in', '', NULL, 100, 0, NULL, NULL, NULL, NULL, NULL, NULL, NULL, NULL, 'duplicatelayoutfrom', 'isempty', NULL, '', NULL, 0, 'toggle-visibility', 0, 0, 'normal', '0');
INSERT INTO `wiser_entityproperty`(`module_id`, `entity_name`, `link_type`, `visible_in_overview`, `overview_fieldtype`, `overview_width`, `tab_name`, `group_name`, `inputtype`, `display_name`, `property_name`, `explanation`, `ordering`, `regex_validation`, `mandatory`, `readonly`, `default_value`, `automation`, `css`, `width`, `height`, `options`, `data_query`, `action_query`, `search_query`, `search_count_query`, `grid_delete_query`, `grid_insert_query`, `grid_update_query`, `depends_on_field`, `depends_on_operator`, `depends_on_value`, `language_code`, `custom_script`, `also_save_seo_value`, `depends_on_action`, `save_on_change`, `extended_explanation`, `label_style`, `label_width`) VALUES (0, 'configurator', 0, 0, '', 100, 'Templates', 'Basis', 'HTMLeditor', 'Template voortgang', 'progress_template', 'De HTML template voor de voortgang, daarin kunnen de volgende variabelen gebruikt worden: {mainsteps}', 2, '', 0, 0, '{steps}', '', NULL, 100, 0, NULL, NULL, NULL, NULL, NULL, NULL, NULL, NULL, 'duplicatelayoutfrom', 'isempty', NULL, '', NULL, 0, 'toggle-visibility', 0, 0, 'normal', '0');
INSERT INTO `wiser_entityproperty`(`module_id`, `entity_name`, `link_type`, `visible_in_overview`, `overview_fieldtype`, `overview_width`, `tab_name`, `group_name`, `inputtype`, `display_name`, `property_name`, `explanation`, `ordering`, `regex_validation`, `mandatory`, `readonly`, `default_value`, `automation`, `css`, `width`, `height`, `options`, `data_query`, `action_query`, `search_query`, `search_count_query`, `grid_delete_query`, `grid_insert_query`, `grid_update_query`, `depends_on_field`, `depends_on_operator`, `depends_on_value`, `language_code`, `custom_script`, `also_save_seo_value`, `depends_on_action`, `save_on_change`, `extended_explanation`, `label_style`, `label_width`) VALUES (0, 'configurator', 0, 0, '', 100, 'Templates', 'Hoofdstap', 'HTMLeditor', 'Template voortgang hoofdstap', 'progress_step_template', 'De template voor het tonen van 1 hoofdstap in de voortgang. Te gebruiken variabelen: {step_name}, {stepnumber}, {steps}', 13, '', 0, 0, '{stepnumber}: {stepname}<br/>\n{substeps}', '', NULL, 100, 0, NULL, NULL, NULL, NULL, NULL, NULL, NULL, NULL, 'duplicatelayoutfrom', 'isempty', NULL, '', NULL, 0, 'toggle-visibility', 0, 0, 'normal', '0');
INSERT INTO `wiser_entityproperty`(`module_id`, `entity_name`, `link_type`, `visible_in_overview`, `overview_fieldtype`, `overview_width`, `tab_name`, `group_name`, `inputtype`, `display_name`, `property_name`, `explanation`, `ordering`, `regex_validation`, `mandatory`, `readonly`, `default_value`, `automation`, `css`, `width`, `height`, `options`, `data_query`, `action_query`, `search_query`, `search_count_query`, `grid_delete_query`, `grid_insert_query`, `grid_update_query`, `depends_on_field`, `depends_on_operator`, `depends_on_value`, `language_code`, `custom_script`, `also_save_seo_value`, `depends_on_action`, `save_on_change`, `extended_explanation`, `label_style`, `label_width`) VALUES (0, 'configurator', 0, 0, '', 100, 'Templates', 'Stap', 'HTMLeditor', 'Template voortgang stap', 'progress_substep_template', 'De template voor een stap binnen de voortgangsweergave. Beschikbare variabelen: {substepname}, {substepvalue}', 23, '', 0, 0, '{substepname}: {substepvalue}<br/>', '', NULL, 100, 0, NULL, NULL, NULL, NULL, NULL, NULL, NULL, NULL, 'duplicatelayoutfrom', 'isempty', NULL, '', NULL, 0, 'toggle-visibility', 0, 0, 'normal', '0');
INSERT INTO `wiser_entityproperty`(`module_id`, `entity_name`, `link_type`, `visible_in_overview`, `overview_fieldtype`, `overview_width`, `tab_name`, `group_name`, `inputtype`, `display_name`, `property_name`, `explanation`, `ordering`, `regex_validation`, `mandatory`, `readonly`, `default_value`, `automation`, `css`, `width`, `height`, `options`, `data_query`, `action_query`, `search_query`, `search_count_query`, `grid_delete_query`, `grid_insert_query`, `grid_update_query`, `depends_on_field`, `depends_on_operator`, `depends_on_value`, `language_code`, `custom_script`, `also_save_seo_value`, `depends_on_action`, `save_on_change`, `extended_explanation`, `label_style`, `label_width`) VALUES (0, 'configurator', 0, 0, '', 100, 'Queries', '', 'textbox', 'Query voor prijsberekening', 'price_calculation_query', 'De query voor het berekenen van de prijs. Alle variabelen worden hieraan meegegeven.', 23, '', 0, 0, NULL, '', NULL, 100, 0, '{\"type\": \"mysql\"}', NULL, NULL, NULL, NULL, NULL, NULL, NULL, '\r\n\r\n', NULL, NULL, '', NULL, 0, NULL, 0, 0, 'normal', '0');
INSERT INTO `wiser_entityproperty`(`module_id`, `entity_name`, `link_type`, `visible_in_overview`, `overview_fieldtype`, `overview_width`, `tab_name`, `group_name`, `inputtype`, `display_name`, `property_name`, `explanation`, `ordering`, `regex_validation`, `mandatory`, `readonly`, `default_value`, `automation`, `css`, `width`, `height`, `options`, `data_query`, `action_query`, `search_query`, `search_count_query`, `grid_delete_query`, `grid_insert_query`, `grid_update_query`, `depends_on_field`, `depends_on_operator`, `depends_on_value`, `language_code`, `custom_script`, `also_save_seo_value`, `depends_on_action`, `save_on_change`, `extended_explanation`, `label_style`, `label_width`) VALUES (0, 'configurator', 0, 0, '', 100, 'Templates', 'Basis', 'HTMLeditor', 'Template samenvatting', 'summary_template', 'De HTML template voor de samenvatting, daarin kunnen de volgende variabelen gebruikt worden: {mainsteps}', 5, '', 0, 0, '{steps}', '', NULL, 100, 0, NULL, NULL, NULL, NULL, NULL, NULL, NULL, NULL, 'duplicatelayoutfrom', 'isempty', NULL, '', NULL, 0, 'toggle-visibility', 0, 0, 'normal', '0');
INSERT INTO `wiser_entityproperty`(`module_id`, `entity_name`, `link_type`, `visible_in_overview`, `overview_fieldtype`, `overview_width`, `tab_name`, `group_name`, `inputtype`, `display_name`, `property_name`, `explanation`, `ordering`, `regex_validation`, `mandatory`, `readonly`, `default_value`, `automation`, `css`, `width`, `height`, `options`, `data_query`, `action_query`, `search_query`, `search_count_query`, `grid_delete_query`, `grid_insert_query`, `grid_update_query`, `depends_on_field`, `depends_on_operator`, `depends_on_value`, `language_code`, `custom_script`, `also_save_seo_value`, `depends_on_action`, `save_on_change`, `extended_explanation`, `label_style`, `label_width`) VALUES (0, 'configurator', 0, 0, '', 100, 'Templates', 'Hoofdstap', 'HTMLeditor', 'Template samenvatting hoofdstap', 'summary_mainstep_template', 'De template voor het tonen van 1 hoofdstap in de samenvatting. Te gebruiken variabelen: {step_name}, {stepnumber}, {steps}', 16, '', 0, 0, '{stepnumber}: {stepname}<br/>\n{substeps}', '', NULL, 100, 0, NULL, NULL, NULL, NULL, NULL, NULL, NULL, NULL, 'duplicatelayoutfrom', 'isempty', NULL, '', NULL, 0, 'toggle-visibility', 0, 0, 'normal', '0');
INSERT INTO `wiser_entityproperty`(`module_id`, `entity_name`, `link_type`, `visible_in_overview`, `overview_fieldtype`, `overview_width`, `tab_name`, `group_name`, `inputtype`, `display_name`, `property_name`, `explanation`, `ordering`, `regex_validation`, `mandatory`, `readonly`, `default_value`, `automation`, `css`, `width`, `height`, `options`, `data_query`, `action_query`, `search_query`, `search_count_query`, `grid_delete_query`, `grid_insert_query`, `grid_update_query`, `depends_on_field`, `depends_on_operator`, `depends_on_value`, `language_code`, `custom_script`, `also_save_seo_value`, `depends_on_action`, `save_on_change`, `extended_explanation`, `label_style`, `label_width`) VALUES (0, 'configurator', 0, 0, '', 100, 'Templates', 'Stap', 'HTMLeditor', 'Template samenvatting stap', 'summary_step_template', 'De template voor een stap binnen de samenvatting. Beschikbare variabelen: {substepname}, {substepvalue}', 26, '', 0, 0, '{substepname}: {substepvalue}<br/>', '', NULL, 100, 0, NULL, NULL, NULL, NULL, NULL, NULL, NULL, NULL, 'duplicatelayoutfrom', 'isempty', NULL, '', NULL, 0, 'toggle-visibility', 0, 0, 'normal', '0');
INSERT INTO `wiser_entityproperty`(`module_id`, `entity_name`, `link_type`, `visible_in_overview`, `overview_fieldtype`, `overview_width`, `tab_name`, `group_name`, `inputtype`, `display_name`, `property_name`, `explanation`, `ordering`, `regex_validation`, `mandatory`, `readonly`, `default_value`, `automation`, `css`, `width`, `height`, `options`, `data_query`, `action_query`, `search_query`, `search_count_query`, `grid_delete_query`, `grid_insert_query`, `grid_update_query`, `depends_on_field`, `depends_on_operator`, `depends_on_value`, `language_code`, `custom_script`, `also_save_seo_value`, `depends_on_action`, `save_on_change`, `extended_explanation`, `label_style`, `label_width`) VALUES (0, 'configurator', 0, 0, '', 100, 'Templates', 'Basis', 'HTMLeditor', 'Template (pre-current) voortgang', 'pre_progress_template', 'De HTML template voor de voortgang, daarin kunnen de volgende variabelen gebruikt worden: {mainsteps}', 3, '', 0, 0, '{steps}', '', NULL, 100, 0, NULL, NULL, NULL, NULL, NULL, NULL, NULL, NULL, 'duplicatelayoutfrom', 'isempty', NULL, '', NULL, 0, 'toggle-visibility', 0, 0, 'normal', '0');
INSERT INTO `wiser_entityproperty`(`module_id`, `entity_name`, `link_type`, `visible_in_overview`, `overview_fieldtype`, `overview_width`, `tab_name`, `group_name`, `inputtype`, `display_name`, `property_name`, `explanation`, `ordering`, `regex_validation`, `mandatory`, `readonly`, `default_value`, `automation`, `css`, `width`, `height`, `options`, `data_query`, `action_query`, `search_query`, `search_count_query`, `grid_delete_query`, `grid_insert_query`, `grid_update_query`, `depends_on_field`, `depends_on_operator`, `depends_on_value`, `language_code`, `custom_script`, `also_save_seo_value`, `depends_on_action`, `save_on_change`, `extended_explanation`, `label_style`, `label_width`) VALUES (0, 'configurator', 0, 0, '', 100, 'Templates', 'Hoofdstap', 'HTMLeditor', 'Template (pre-current) hoofdstap', 'pre_progress_step_template', 'De template voor het tonen van 1 hoofdstap in de voortgang. Te gebruiken variabelen: {step_name}, {stepnumber}, {steps}', 14, '', 0, 0, '{stepnumber}: {stepname}<br/>\n{substeps}', '', NULL, 100, 0, NULL, NULL, NULL, NULL, NULL, NULL, NULL, NULL, 'duplicatelayoutfrom', 'isempty', NULL, '', NULL, 0, 'toggle-visibility', 0, 0, 'normal', '0');
INSERT INTO `wiser_entityproperty`(`module_id`, `entity_name`, `link_type`, `visible_in_overview`, `overview_fieldtype`, `overview_width`, `tab_name`, `group_name`, `inputtype`, `display_name`, `property_name`, `explanation`, `ordering`, `regex_validation`, `mandatory`, `readonly`, `default_value`, `automation`, `css`, `width`, `height`, `options`, `data_query`, `action_query`, `search_query`, `search_count_query`, `grid_delete_query`, `grid_insert_query`, `grid_update_query`, `depends_on_field`, `depends_on_operator`, `depends_on_value`, `language_code`, `custom_script`, `also_save_seo_value`, `depends_on_action`, `save_on_change`, `extended_explanation`, `label_style`, `label_width`) VALUES (0, 'configurator', 0, 0, '', 100, 'Templates', 'Stap', 'HTMLeditor', 'Template (pre-current) stap', 'pre_progress_substep_template', 'De template voor een stap binnen de voortgangsweergave. Beschikbare variabelen: {substepname}, {substepvalue}', 24, '', 0, 0, '{substepname}: {substepvalue}<br/>', '', NULL, 100, 0, NULL, NULL, NULL, NULL, NULL, NULL, NULL, NULL, 'duplicatelayoutfrom', 'isempty', NULL, '', NULL, 0, 'toggle-visibility', 0, 0, 'normal', '0');
INSERT INTO `wiser_entityproperty`(`module_id`, `entity_name`, `link_type`, `visible_in_overview`, `overview_fieldtype`, `overview_width`, `tab_name`, `group_name`, `inputtype`, `display_name`, `property_name`, `explanation`, `ordering`, `regex_validation`, `mandatory`, `readonly`, `default_value`, `automation`, `css`, `width`, `height`, `options`, `data_query`, `action_query`, `search_query`, `search_count_query`, `grid_delete_query`, `grid_insert_query`, `grid_update_query`, `depends_on_field`, `depends_on_operator`, `depends_on_value`, `language_code`, `custom_script`, `also_save_seo_value`, `depends_on_action`, `save_on_change`, `extended_explanation`, `label_style`, `label_width`) VALUES (0, 'configurator', 0, 0, '', 100, 'Templates', 'Basis', 'HTMLeditor', 'Template (post-current) voortgang', 'post_progress_template', 'De HTML template voor de voortgang, daarin kunnen de volgende variabelen gebruikt worden: {mainsteps}', 4, '', 0, 0, '{steps}', '', NULL, 100, 0, NULL, NULL, NULL, NULL, NULL, NULL, NULL, NULL, 'duplicatelayoutfrom', 'isempty', NULL, '', NULL, 0, 'toggle-visibility', 0, 0, 'normal', '0');
INSERT INTO `wiser_entityproperty`(`module_id`, `entity_name`, `link_type`, `visible_in_overview`, `overview_fieldtype`, `overview_width`, `tab_name`, `group_name`, `inputtype`, `display_name`, `property_name`, `explanation`, `ordering`, `regex_validation`, `mandatory`, `readonly`, `default_value`, `automation`, `css`, `width`, `height`, `options`, `data_query`, `action_query`, `search_query`, `search_count_query`, `grid_delete_query`, `grid_insert_query`, `grid_update_query`, `depends_on_field`, `depends_on_operator`, `depends_on_value`, `language_code`, `custom_script`, `also_save_seo_value`, `depends_on_action`, `save_on_change`, `extended_explanation`, `label_style`, `label_width`) VALUES (0, 'configurator', 0, 0, '', 100, 'Templates', 'Hoofdstap', 'HTMLeditor', 'Template (post-current) hoofdstap', 'post_progress_step_template', 'De template voor het tonen van 1 hoofdstap in de voortgang. Te gebruiken variabelen: {step_name}, {stepnumber}, {steps}', 15, '', 0, 0, '{stepnumber}: {stepname}<br/>\n{substeps}', '', NULL, 100, 0, NULL, NULL, NULL, NULL, NULL, NULL, NULL, NULL, 'duplicatelayoutfrom', 'isempty', NULL, '', NULL, 0, 'toggle-visibility', 0, 0, 'normal', '0');
INSERT INTO `wiser_entityproperty`(`module_id`, `entity_name`, `link_type`, `visible_in_overview`, `overview_fieldtype`, `overview_width`, `tab_name`, `group_name`, `inputtype`, `display_name`, `property_name`, `explanation`, `ordering`, `regex_validation`, `mandatory`, `readonly`, `default_value`, `automation`, `css`, `width`, `height`, `options`, `data_query`, `action_query`, `search_query`, `search_count_query`, `grid_delete_query`, `grid_insert_query`, `grid_update_query`, `depends_on_field`, `depends_on_operator`, `depends_on_value`, `language_code`, `custom_script`, `also_save_seo_value`, `depends_on_action`, `save_on_change`, `extended_explanation`, `label_style`, `label_width`) VALUES (0, 'configurator', 0, 0, '', 100, 'Templates', 'Stap', 'HTMLeditor', 'Template (post-current) stap', 'post_progress_substep_template', 'De template voor een stap binnen de voortgangsweergave. Beschikbare variabelen: {substepname}, {substepvalue}', 25, '', 0, 0, '{substepname}: {substepvalue}<br/>', '', NULL, 100, 0, NULL, NULL, NULL, NULL, NULL, NULL, NULL, NULL, 'duplicatelayoutfrom', 'isempty', NULL, '', NULL, 0, 'toggle-visibility', 0, 0, 'normal', '0');
INSERT INTO `wiser_entityproperty`(`module_id`, `entity_name`, `link_type`, `visible_in_overview`, `overview_fieldtype`, `overview_width`, `tab_name`, `group_name`, `inputtype`, `display_name`, `property_name`, `explanation`, `ordering`, `regex_validation`, `mandatory`, `readonly`, `default_value`, `automation`, `css`, `width`, `height`, `options`, `data_query`, `action_query`, `search_query`, `search_count_query`, `grid_delete_query`, `grid_insert_query`, `grid_update_query`, `depends_on_field`, `depends_on_operator`, `depends_on_value`, `language_code`, `custom_script`, `also_save_seo_value`, `depends_on_action`, `save_on_change`, `extended_explanation`, `label_style`, `label_width`) VALUES (0, 'configurator', 0, 0, '', 100, 'Vrije inhoud velden', '', 'textbox', 'Vrije inhoud 1', 'free_content1', 'Zet hier vrije inhoud in die gebruikt kan worden in de substep template als {mainstep_free_content1}', 18, '', 0, 0, NULL, '', NULL, 0, 0, NULL, NULL, NULL, NULL, NULL, NULL, NULL, NULL, '\r\n', NULL, NULL, '', NULL, 0, NULL, 0, 0, 'normal', '0');
INSERT INTO `wiser_entityproperty`(`module_id`, `entity_name`, `link_type`, `visible_in_overview`, `overview_fieldtype`, `overview_width`, `tab_name`, `group_name`, `inputtype`, `display_name`, `property_name`, `explanation`, `ordering`, `regex_validation`, `mandatory`, `readonly`, `default_value`, `automation`, `css`, `width`, `height`, `options`, `data_query`, `action_query`, `search_query`, `search_count_query`, `grid_delete_query`, `grid_insert_query`, `grid_update_query`, `depends_on_field`, `depends_on_operator`, `depends_on_value`, `language_code`, `custom_script`, `also_save_seo_value`, `depends_on_action`, `save_on_change`, `extended_explanation`, `label_style`, `label_width`) VALUES (0, 'configurator', 0, 0, '', 100, 'Vrije inhoud velden', '', 'textbox', 'Vrije inhoud 2', 'free_content2', 'Zet hier vrije inhoud in die gebruikt kan worden in de substep template als {mainstep_free_content2}', 19, '', 0, 0, NULL, '', NULL, 0, 0, NULL, NULL, NULL, NULL, NULL, NULL, NULL, NULL, '\r\n', NULL, NULL, '', NULL, 0, NULL, 0, 0, 'normal', '0');
INSERT INTO `wiser_entityproperty`(`module_id`, `entity_name`, `link_type`, `visible_in_overview`, `overview_fieldtype`, `overview_width`, `tab_name`, `group_name`, `inputtype`, `display_name`, `property_name`, `explanation`, `ordering`, `regex_validation`, `mandatory`, `readonly`, `default_value`, `automation`, `css`, `width`, `height`, `options`, `data_query`, `action_query`, `search_query`, `search_count_query`, `grid_delete_query`, `grid_insert_query`, `grid_update_query`, `depends_on_field`, `depends_on_operator`, `depends_on_value`, `language_code`, `custom_script`, `also_save_seo_value`, `depends_on_action`, `save_on_change`, `extended_explanation`, `label_style`, `label_width`) VALUES (0, 'configurator', 0, 0, '', 100, 'Vrije inhoud velden', '', 'textbox', 'Vrije inhoud 3', 'free_content3', 'Zet hier vrije inhoud in die gebruikt kan worden in de substep template als {mainstep_free_content3}', 20, '', 0, 0, NULL, '', NULL, 0, 0, NULL, NULL, NULL, NULL, NULL, NULL, NULL, NULL, '\r\n', NULL, NULL, '', NULL, 0, NULL, 0, 0, 'normal', '0');
INSERT INTO `wiser_entityproperty`(`module_id`, `entity_name`, `link_type`, `visible_in_overview`, `overview_fieldtype`, `overview_width`, `tab_name`, `group_name`, `inputtype`, `display_name`, `property_name`, `explanation`, `ordering`, `regex_validation`, `mandatory`, `readonly`, `default_value`, `automation`, `css`, `width`, `height`, `options`, `data_query`, `action_query`, `search_query`, `search_count_query`, `grid_delete_query`, `grid_insert_query`, `grid_update_query`, `depends_on_field`, `depends_on_operator`, `depends_on_value`, `language_code`, `custom_script`, `also_save_seo_value`, `depends_on_action`, `save_on_change`, `extended_explanation`, `label_style`, `label_width`) VALUES (0, 'configurator', 0, 0, '', 100, 'Vrije inhoud velden', '', 'textbox', 'Vrije inhoud 4', 'free_content4', 'Zet hier vrije inhoud in die gebruikt kan worden in de substep template als {mainstep_free_content4}', 21, '', 0, 0, NULL, '', NULL, 0, 0, NULL, NULL, NULL, NULL, NULL, NULL, NULL, NULL, '\r\n', NULL, NULL, '', NULL, 0, NULL, 0, 0, 'normal', '0');
INSERT INTO `wiser_entityproperty`(`module_id`, `entity_name`, `link_type`, `visible_in_overview`, `overview_fieldtype`, `overview_width`, `tab_name`, `group_name`, `inputtype`, `display_name`, `property_name`, `explanation`, `ordering`, `regex_validation`, `mandatory`, `readonly`, `default_value`, `automation`, `css`, `width`, `height`, `options`, `data_query`, `action_query`, `search_query`, `search_count_query`, `grid_delete_query`, `grid_insert_query`, `grid_update_query`, `depends_on_field`, `depends_on_operator`, `depends_on_value`, `language_code`, `custom_script`, `also_save_seo_value`, `depends_on_action`, `save_on_change`, `extended_explanation`, `label_style`, `label_width`) VALUES (0, 'configurator', 0, 0, '', 100, 'Vrije inhoud velden', '', 'textbox', 'Vrije inhoud 5', 'free_content5', 'Zet hier vrije inhoud in die gebruikt kan worden in de substep template als {mainstep_free_content5}', 22, '', 0, 0, NULL, '', NULL, 0, 0, NULL, NULL, NULL, NULL, NULL, NULL, NULL, NULL, '\r\n', NULL, NULL, '', NULL, 0, NULL, 0, 0, 'normal', '0');
INSERT INTO `wiser_entityproperty`(`module_id`, `entity_name`, `link_type`, `visible_in_overview`, `overview_fieldtype`, `overview_width`, `tab_name`, `group_name`, `inputtype`, `display_name`, `property_name`, `explanation`, `ordering`, `regex_validation`, `mandatory`, `readonly`, `default_value`, `automation`, `css`, `width`, `height`, `options`, `data_query`, `action_query`, `search_query`, `search_count_query`, `grid_delete_query`, `grid_insert_query`, `grid_update_query`, `depends_on_field`, `depends_on_operator`, `depends_on_value`, `language_code`, `custom_script`, `also_save_seo_value`, `depends_on_action`, `save_on_change`, `extended_explanation`, `label_style`, `label_width`) VALUES (0, 'hoofdstap', 0, 0, '', 100, '', '', 'combobox', 'Kopieer lay-out templates', 'duplicatelayoutfrom', 'Kopieer templates van een andere, qua lay-out identieke, configurator', 1, '', 0, 0, NULL, '', NULL, 0, 0, NULL, '#verkrijg overige hoofdstappen\r\n\r\nSELECT i.id,CONCAT(ip.title,\' - \',i.title) AS name\r\nFROM wiser_item i\r\nJOIN wiser_itemlink ilp ON ilp.item_id=i.id AND ilp.type=1\r\nJOIN wiser_item ip ON ip.id=ilp.destination_item_id AND ip.removed=0 AND ip.published_environment>=4  AND ip.entity_type=\'configurator\'\r\nWHERE i.entity_type=\'hoofdstap\' AND i.removed=0 AND i.published_environment>=4 AND i.id<>{itemId}\r\nORDER BY ip.title,i.title;', NULL, NULL, NULL, NULL, NULL, NULL, NULL, NULL, NULL, '', NULL, 0, NULL, 0, 0, 'normal', '0');
INSERT INTO `wiser_entityproperty`(`module_id`, `entity_name`, `link_type`, `visible_in_overview`, `overview_fieldtype`, `overview_width`, `tab_name`, `group_name`, `inputtype`, `display_name`, `property_name`, `explanation`, `ordering`, `regex_validation`, `mandatory`, `readonly`, `default_value`, `automation`, `css`, `width`, `height`, `options`, `data_query`, `action_query`, `search_query`, `search_count_query`, `grid_delete_query`, `grid_insert_query`, `grid_update_query`, `depends_on_field`, `depends_on_operator`, `depends_on_value`, `language_code`, `custom_script`, `also_save_seo_value`, `depends_on_action`, `save_on_change`, `extended_explanation`, `label_style`, `label_width`) VALUES (0, 'hoofdstap', 0, 0, '', 100, 'Templates', 'Hoofdstap', 'HTMLeditor', 'Specifieke hoofdstap template', 'step_template', 'Vul hier een template in voor een hoofdstap als die afwijkt van de standaard zoals gedefinieerd voor deze configurator.', 1, '', 0, 0, NULL, '', NULL, 100, 0, NULL, NULL, NULL, NULL, NULL, NULL, NULL, NULL, 'duplicatelayoutfrom', 'isempty', NULL, '', NULL, 0, 'toggle-visibility', 0, 0, 'normal', '0');
INSERT INTO `wiser_entityproperty`(`module_id`, `entity_name`, `link_type`, `visible_in_overview`, `overview_fieldtype`, `overview_width`, `tab_name`, `group_name`, `inputtype`, `display_name`, `property_name`, `explanation`, `ordering`, `regex_validation`, `mandatory`, `readonly`, `default_value`, `automation`, `css`, `width`, `height`, `options`, `data_query`, `action_query`, `search_query`, `search_count_query`, `grid_delete_query`, `grid_insert_query`, `grid_update_query`, `depends_on_field`, `depends_on_operator`, `depends_on_value`, `language_code`, `custom_script`, `also_save_seo_value`, `depends_on_action`, `save_on_change`, `extended_explanation`, `label_style`, `label_width`) VALUES (0, 'hoofdstap', 0, 0, '', 100, 'Templates', 'Hoofdstap', 'HTMLeditor', 'Template per keuze', 'values_template', 'Bepaalt de HTML template van 1 keuze in deze stap. Te gebruiken variabelen zijn alle velden uit de databron, bijvoorbeeld: {kolomnaam}. Ook kan hier gebruikt worden {variablename} als vervanging voor de naam van de variabele in de HTML form fields.', 3, '', 0, 0, NULL, '', NULL, 100, 0, NULL, NULL, NULL, NULL, NULL, NULL, NULL, NULL, 'duplicatelayoutfrom', 'isempty', NULL, '', NULL, 0, 'toggle-visibility', 0, 0, 'normal', '0');
INSERT INTO `wiser_entityproperty`(`module_id`, `entity_name`, `link_type`, `visible_in_overview`, `overview_fieldtype`, `overview_width`, `tab_name`, `group_name`, `inputtype`, `display_name`, `property_name`, `explanation`, `ordering`, `regex_validation`, `mandatory`, `readonly`, `default_value`, `automation`, `css`, `width`, `height`, `options`, `data_query`, `action_query`, `search_query`, `search_count_query`, `grid_delete_query`, `grid_insert_query`, `grid_update_query`, `depends_on_field`, `depends_on_operator`, `depends_on_value`, `language_code`, `custom_script`, `also_save_seo_value`, `depends_on_action`, `save_on_change`, `extended_explanation`, `label_style`, `label_width`) VALUES (0, 'hoofdstap', 0, 0, '', 100, 'Vrije inhoud velden', '', 'textbox', 'Vrije inhoud 1', 'free_content1', 'Zet hier vrije inhoud in die gebruikt kan worden in de substep template als {mainstep_free_content1}', 4, '', 0, 0, NULL, '', NULL, 0, 0, NULL, NULL, NULL, NULL, NULL, NULL, NULL, NULL, '\r\n', NULL, NULL, '', NULL, 0, NULL, 0, 0, 'normal', '0');
INSERT INTO `wiser_entityproperty`(`module_id`, `entity_name`, `link_type`, `visible_in_overview`, `overview_fieldtype`, `overview_width`, `tab_name`, `group_name`, `inputtype`, `display_name`, `property_name`, `explanation`, `ordering`, `regex_validation`, `mandatory`, `readonly`, `default_value`, `automation`, `css`, `width`, `height`, `options`, `data_query`, `action_query`, `search_query`, `search_count_query`, `grid_delete_query`, `grid_insert_query`, `grid_update_query`, `depends_on_field`, `depends_on_operator`, `depends_on_value`, `language_code`, `custom_script`, `also_save_seo_value`, `depends_on_action`, `save_on_change`, `extended_explanation`, `label_style`, `label_width`) VALUES (0, 'hoofdstap', 0, 0, '', 100, 'Vrije inhoud velden', '', 'textbox', 'Vrije inhoud 2', 'free_content2', 'Zet hier vrije inhoud in die gebruikt kan worden in de substep template als {mainstep_free_content2}', 5, '', 0, 0, NULL, '', NULL, 0, 0, NULL, NULL, NULL, NULL, NULL, NULL, NULL, NULL, '\r\n', NULL, NULL, '', NULL, 0, NULL, 0, 0, 'normal', '0');
INSERT INTO `wiser_entityproperty`(`module_id`, `entity_name`, `link_type`, `visible_in_overview`, `overview_fieldtype`, `overview_width`, `tab_name`, `group_name`, `inputtype`, `display_name`, `property_name`, `explanation`, `ordering`, `regex_validation`, `mandatory`, `readonly`, `default_value`, `automation`, `css`, `width`, `height`, `options`, `data_query`, `action_query`, `search_query`, `search_count_query`, `grid_delete_query`, `grid_insert_query`, `grid_update_query`, `depends_on_field`, `depends_on_operator`, `depends_on_value`, `language_code`, `custom_script`, `also_save_seo_value`, `depends_on_action`, `save_on_change`, `extended_explanation`, `label_style`, `label_width`) VALUES (0, 'hoofdstap', 0, 0, '', 100, 'Vrije inhoud velden', '', 'textbox', 'Vrije inhoud 3', 'free_content3', 'Zet hier vrije inhoud in die gebruikt kan worden in de substep template als {mainstep_free_content3}', 6, '', 0, 0, NULL, '', NULL, 0, 0, NULL, NULL, NULL, NULL, NULL, NULL, NULL, NULL, '\r\n', NULL, NULL, '', NULL, 0, NULL, 0, 0, 'normal', '0');
INSERT INTO `wiser_entityproperty`(`module_id`, `entity_name`, `link_type`, `visible_in_overview`, `overview_fieldtype`, `overview_width`, `tab_name`, `group_name`, `inputtype`, `display_name`, `property_name`, `explanation`, `ordering`, `regex_validation`, `mandatory`, `readonly`, `default_value`, `automation`, `css`, `width`, `height`, `options`, `data_query`, `action_query`, `search_query`, `search_count_query`, `grid_delete_query`, `grid_insert_query`, `grid_update_query`, `depends_on_field`, `depends_on_operator`, `depends_on_value`, `language_code`, `custom_script`, `also_save_seo_value`, `depends_on_action`, `save_on_change`, `extended_explanation`, `label_style`, `label_width`) VALUES (0, 'hoofdstap', 0, 0, '', 100, 'Vrije inhoud velden', '', 'textbox', 'Vrije inhoud 4', 'free_content4', 'Zet hier vrije inhoud in die gebruikt kan worden in de substep template als {mainstep_free_content4}', 7, '', 0, 0, NULL, '', NULL, 0, 0, NULL, NULL, NULL, NULL, NULL, NULL, NULL, NULL, '\r\n', NULL, NULL, '', NULL, 0, NULL, 0, 0, 'normal', '0');
INSERT INTO `wiser_entityproperty`(`module_id`, `entity_name`, `link_type`, `visible_in_overview`, `overview_fieldtype`, `overview_width`, `tab_name`, `group_name`, `inputtype`, `display_name`, `property_name`, `explanation`, `ordering`, `regex_validation`, `mandatory`, `readonly`, `default_value`, `automation`, `css`, `width`, `height`, `options`, `data_query`, `action_query`, `search_query`, `search_count_query`, `grid_delete_query`, `grid_insert_query`, `grid_update_query`, `depends_on_field`, `depends_on_operator`, `depends_on_value`, `language_code`, `custom_script`, `also_save_seo_value`, `depends_on_action`, `save_on_change`, `extended_explanation`, `label_style`, `label_width`) VALUES (0, 'hoofdstap', 0, 0, '', 100, 'Vrije inhoud velden', '', 'textbox', 'Vrije inhoud 5', 'free_content5', 'Zet hier vrije inhoud in die gebruikt kan worden in de substep template als {mainstep_free_content5}', 8, '', 0, 0, NULL, '', NULL, 0, 0, NULL, NULL, NULL, NULL, NULL, NULL, NULL, NULL, '\r\n', NULL, NULL, '', NULL, 0, NULL, 0, 0, 'normal', '0');
INSERT INTO `wiser_entityproperty`(`module_id`, `entity_name`, `link_type`, `visible_in_overview`, `overview_fieldtype`, `overview_width`, `tab_name`, `group_name`, `inputtype`, `display_name`, `property_name`, `explanation`, `ordering`, `regex_validation`, `mandatory`, `readonly`, `default_value`, `automation`, `css`, `width`, `height`, `options`, `data_query`, `action_query`, `search_query`, `search_count_query`, `grid_delete_query`, `grid_insert_query`, `grid_update_query`, `depends_on_field`, `depends_on_operator`, `depends_on_value`, `language_code`, `custom_script`, `also_save_seo_value`, `depends_on_action`, `save_on_change`, `extended_explanation`, `label_style`, `label_width`) VALUES (0, 'hoofdstap', 0, 0, '', 100, '', '', 'input', 'Variabelenaam', 'variable_name', 'Geef de naam op van de variabele waarin de gekozen waarde moet worden opgeslagen. Als er geen naam wordt opgegeven wordt standaard de SEO naam gebruikt van het item in de treeview hier links.', 9, '', 0, 0, NULL, '', NULL, 0, 0, NULL, NULL, NULL, NULL, NULL, NULL, NULL, NULL, '\r\n', NULL, NULL, '', NULL, 0, NULL, 0, 0, 'normal', '0');
INSERT INTO `wiser_entityproperty`(`module_id`, `entity_name`, `link_type`, `visible_in_overview`, `overview_fieldtype`, `overview_width`, `tab_name`, `group_name`, `inputtype`, `display_name`, `property_name`, `explanation`, `ordering`, `regex_validation`, `mandatory`, `readonly`, `default_value`, `automation`, `css`, `width`, `height`, `options`, `data_query`, `action_query`, `search_query`, `search_count_query`, `grid_delete_query`, `grid_insert_query`, `grid_update_query`, `depends_on_field`, `depends_on_operator`, `depends_on_value`, `language_code`, `custom_script`, `also_save_seo_value`, `depends_on_action`, `save_on_change`, `extended_explanation`, `label_style`, `label_width`) VALUES (0, 'hoofdstap', 0, 0, '', 100, '', '', 'combobox', 'Bron data', 'datasource', 'Waar moeten de items uit deze stap vandaan komen?', 10, '', 0, 0, NULL, '', NULL, 0, 0, '{\r\n    \"dataSource\": [\r\n				{ \"name\": \"SQL query\", \"id\": \"customquery\" }\r\n    ]\r\n}', NULL, NULL, NULL, NULL, NULL, NULL, NULL, '\r\n\r\n', NULL, NULL, '', NULL, 0, NULL, 0, 0, 'normal', '0');
INSERT INTO `wiser_entityproperty`(`module_id`, `entity_name`, `link_type`, `visible_in_overview`, `overview_fieldtype`, `overview_width`, `tab_name`, `group_name`, `inputtype`, `display_name`, `property_name`, `explanation`, `ordering`, `regex_validation`, `mandatory`, `readonly`, `default_value`, `automation`, `css`, `width`, `height`, `options`, `data_query`, `action_query`, `search_query`, `search_count_query`, `grid_delete_query`, `grid_insert_query`, `grid_update_query`, `depends_on_field`, `depends_on_operator`, `depends_on_value`, `language_code`, `custom_script`, `also_save_seo_value`, `depends_on_action`, `save_on_change`, `extended_explanation`, `label_style`, `label_width`) VALUES (0, 'hoofdstap', 0, 0, '', 100, 'Queries', '', 'textbox', 'SQL query', 'custom_query', 'De query voor het ophalen van alle beschikbare items in deze substap. Je kunt {connectedid} gebruiken voor het verwerken van een afhankelijkheid.', 11, '', 0, 0, NULL, '', NULL, 100, 0, '{\"type\": \"mysql\"}', NULL, NULL, NULL, NULL, NULL, NULL, NULL, 'datasource', 'eq', 'customquery', '', NULL, 0, NULL, 0, 0, 'normal', '0');
INSERT INTO `wiser_entityproperty`(`module_id`, `entity_name`, `link_type`, `visible_in_overview`, `overview_fieldtype`, `overview_width`, `tab_name`, `group_name`, `inputtype`, `display_name`, `property_name`, `explanation`, `ordering`, `regex_validation`, `mandatory`, `readonly`, `default_value`, `automation`, `css`, `width`, `height`, `options`, `data_query`, `action_query`, `search_query`, `search_count_query`, `grid_delete_query`, `grid_insert_query`, `grid_update_query`, `depends_on_field`, `depends_on_operator`, `depends_on_value`, `language_code`, `custom_script`, `also_save_seo_value`, `depends_on_action`, `save_on_change`, `extended_explanation`, `label_style`, `label_width`) VALUES (0, 'hoofdstap', 0, 0, '', 100, '', '', 'textbox', 'Beschikbare artikelen', 'own_data_values', 'Vul hier een entergescheiden lijst in van EAN-nummers, of een query die de EAN-nummers ophaalt.', 12, '', 0, 0, NULL, '', NULL, 0, 0, NULL, NULL, NULL, NULL, NULL, NULL, NULL, NULL, 'datasource', 'eq', 'ownarticles', '', NULL, 0, NULL, 0, 0, 'normal', '0');
INSERT INTO `wiser_entityproperty`(`module_id`, `entity_name`, `link_type`, `visible_in_overview`, `overview_fieldtype`, `overview_width`, `tab_name`, `group_name`, `inputtype`, `display_name`, `property_name`, `explanation`, `ordering`, `regex_validation`, `mandatory`, `readonly`, `default_value`, `automation`, `css`, `width`, `height`, `options`, `data_query`, `action_query`, `search_query`, `search_count_query`, `grid_delete_query`, `grid_insert_query`, `grid_update_query`, `depends_on_field`, `depends_on_operator`, `depends_on_value`, `language_code`, `custom_script`, `also_save_seo_value`, `depends_on_action`, `save_on_change`, `extended_explanation`, `label_style`, `label_width`) VALUES (0, 'hoofdstap', 0, 0, '', 100, '', '', 'textbox', 'Beschikbare keuzes', 'fixed_valuelist', 'Geef entergescheiden de keuzes in die beschikbaar zijn. Dit mag ook een puntkomma-separated lijst zijn. Waarbij vervolgens in de template verwezen kan worden naar {valuelist_1} voor de eerste kolom, etc.', 13, '', 0, 0, NULL, '', NULL, 0, 0, NULL, NULL, NULL, NULL, NULL, NULL, NULL, NULL, 'datasource', 'eq', 'fixedvalues', '', NULL, 0, NULL, 0, 0, 'normal', '0');
INSERT INTO `wiser_entityproperty`(`module_id`, `entity_name`, `link_type`, `visible_in_overview`, `overview_fieldtype`, `overview_width`, `tab_name`, `group_name`, `inputtype`, `display_name`, `property_name`, `explanation`, `ordering`, `regex_validation`, `mandatory`, `readonly`, `default_value`, `automation`, `css`, `width`, `height`, `options`, `data_query`, `action_query`, `search_query`, `search_count_query`, `grid_delete_query`, `grid_insert_query`, `grid_update_query`, `depends_on_field`, `depends_on_operator`, `depends_on_value`, `language_code`, `custom_script`, `also_save_seo_value`, `depends_on_action`, `save_on_change`, `extended_explanation`, `label_style`, `label_width`) VALUES (0, 'hoofdstap', 0, 0, '', 100, '', '', 'input', 'Koppeltype', 'datasource_connectedtype', 'Het koppeltype bij gekoppelde producten (alleen die van het juiste koppeltype worden opgehaald). Als deze leeg is worden alle gekoppelde producten opgehaald.', 14, '', 0, 0, NULL, '', NULL, 0, 0, NULL, NULL, NULL, NULL, NULL, NULL, NULL, NULL, 'datasource', 'eq', 'connectedproductsoncategory,connectedproductsonproduct', '', NULL, 0, NULL, 0, 0, 'normal', '0');
INSERT INTO `wiser_entityproperty`(`module_id`, `entity_name`, `link_type`, `visible_in_overview`, `overview_fieldtype`, `overview_width`, `tab_name`, `group_name`, `inputtype`, `display_name`, `property_name`, `explanation`, `ordering`, `regex_validation`, `mandatory`, `readonly`, `default_value`, `automation`, `css`, `width`, `height`, `options`, `data_query`, `action_query`, `search_query`, `search_count_query`, `grid_delete_query`, `grid_insert_query`, `grid_update_query`, `depends_on_field`, `depends_on_operator`, `depends_on_value`, `language_code`, `custom_script`, `also_save_seo_value`, `depends_on_action`, `save_on_change`, `extended_explanation`, `label_style`, `label_width`) VALUES (0, 'hoofdstap', 0, 0, '', 100, '', '', 'input', 'Gekoppeld aan', 'datasource_connectedid', 'Voer één of meerdere (gescheiden door puntkomma) variabelen in waaraan de (hoofd/sub)stap gekoppeld is.', 15, '', 0, 0, NULL, '', NULL, 0, 0, NULL, '#verkrijg (seoname of variabelename) van stappen\r\n#SELECT \'\' AS id,\'niet dupliceren\' AS name\r\n#	\r\n#UNION \r\n#\r\n#SELECT IFNULL(IFNULL(variable_name.`value`,name_seo.`value`),\'onbekend\') AS id,CONCAT(ipp.title,\' - \',ip.title,\' - \',i.title) AS name\r\n#FROM wiser_item i\r\n#JOIN wiser_itemlink ilp ON il.item_id=i.id AND ilp.type=1\r\n#JOIN wiser_item ip ON ip.id=ilp.destination_item_id AND ip.removed=0\r\n#JOIN wiser_itemlink ilpp ON ilp.item_id=ip.id AND ilpp.type=1\r\n#JOIN wiser_item ipp ON ipp.id=ilpp.destination_item_id AND ipp.removed=0\r\n#LEFT JOIN wiser_itemdetail variable_name ON variable_name.item_id=i.id AND variable_name.`key`=\'variable_name\'\r\n#LEFT JOIN wiser_itemdetail name_seo ON name_seo.item_id=i.id AND name_seo.`key`=\'name_seo\'\r\n#WHERE i.entity_type=\'stap\' AND i.removed=0 AND i.id<>{itemId}\r\n#HAVING id<>\'onbekend\'\r\n#ORDER BY ipp.title,ip.title,i.title;', NULL, NULL, NULL, NULL, NULL, NULL, NULL, NULL, NULL, '', NULL, 0, NULL, 0, 0, 'normal', '0');
INSERT INTO `wiser_entityproperty`(`module_id`, `entity_name`, `link_type`, `visible_in_overview`, `overview_fieldtype`, `overview_width`, `tab_name`, `group_name`, `inputtype`, `display_name`, `property_name`, `explanation`, `ordering`, `regex_validation`, `mandatory`, `readonly`, `default_value`, `automation`, `css`, `width`, `height`, `options`, `data_query`, `action_query`, `search_query`, `search_count_query`, `grid_delete_query`, `grid_insert_query`, `grid_update_query`, `depends_on_field`, `depends_on_operator`, `depends_on_value`, `language_code`, `custom_script`, `also_save_seo_value`, `depends_on_action`, `save_on_change`, `extended_explanation`, `label_style`, `label_width`) VALUES (0, 'hoofdstap', 0, 0, '', 100, '', '', 'input', 'Gekozen waarde', 'check_connectedid', 'Geef de waarde op die van toepassing moet zijn om deze vaste lijst te tonen', 16, '', 0, 0, NULL, '', NULL, 0, 0, NULL, NULL, NULL, NULL, NULL, NULL, NULL, NULL, 'datasource', 'eq', 'fixedvalues', '', NULL, 0, NULL, 0, 0, 'normal', '0');
INSERT INTO `wiser_entityproperty`(`module_id`, `entity_name`, `link_type`, `visible_in_overview`, `overview_fieldtype`, `overview_width`, `tab_name`, `group_name`, `inputtype`, `display_name`, `property_name`, `explanation`, `ordering`, `regex_validation`, `mandatory`, `readonly`, `default_value`, `automation`, `css`, `width`, `height`, `options`, `data_query`, `action_query`, `search_query`, `search_count_query`, `grid_delete_query`, `grid_insert_query`, `grid_update_query`, `depends_on_field`, `depends_on_operator`, `depends_on_value`, `language_code`, `custom_script`, `also_save_seo_value`, `depends_on_action`, `save_on_change`, `extended_explanation`, `label_style`, `label_width`) VALUES (0, 'hoofdstap', 0, 0, '', 100, '', '', 'input', 'Minimale waarde', 'min_value', 'Geef een eventuele minimale waarde op', 17, '', 0, 0, NULL, '', NULL, 0, 0, NULL, NULL, NULL, NULL, NULL, NULL, NULL, NULL, NULL, NULL, NULL, '', NULL, 0, NULL, 0, 0, 'normal', '0');
INSERT INTO `wiser_entityproperty`(`module_id`, `entity_name`, `link_type`, `visible_in_overview`, `overview_fieldtype`, `overview_width`, `tab_name`, `group_name`, `inputtype`, `display_name`, `property_name`, `explanation`, `ordering`, `regex_validation`, `mandatory`, `readonly`, `default_value`, `automation`, `css`, `width`, `height`, `options`, `data_query`, `action_query`, `search_query`, `search_count_query`, `grid_delete_query`, `grid_insert_query`, `grid_update_query`, `depends_on_field`, `depends_on_operator`, `depends_on_value`, `language_code`, `custom_script`, `also_save_seo_value`, `depends_on_action`, `save_on_change`, `extended_explanation`, `label_style`, `label_width`) VALUES (0, 'hoofdstap', 0, 0, '', 100, '', '', 'input', 'Maximale waarde', 'max_value', 'Geef een eventuele maximale waarde op', 18, '', 0, 0, NULL, '', NULL, 0, 0, NULL, NULL, NULL, NULL, NULL, NULL, NULL, NULL, NULL, NULL, NULL, '', NULL, 0, NULL, 0, 0, 'normal', '0');
INSERT INTO `wiser_entityproperty`(`module_id`, `entity_name`, `link_type`, `visible_in_overview`, `overview_fieldtype`, `overview_width`, `tab_name`, `group_name`, `inputtype`, `display_name`, `property_name`, `explanation`, `ordering`, `regex_validation`, `mandatory`, `readonly`, `default_value`, `automation`, `css`, `width`, `height`, `options`, `data_query`, `action_query`, `search_query`, `search_count_query`, `grid_delete_query`, `grid_insert_query`, `grid_update_query`, `depends_on_field`, `depends_on_operator`, `depends_on_value`, `language_code`, `custom_script`, `also_save_seo_value`, `depends_on_action`, `save_on_change`, `extended_explanation`, `label_style`, `label_width`) VALUES (0, 'hoofdstap', 0, 0, '', 100, '', '', 'combobox', 'Verplichte of optioneel', 'isrequired', '', 20, '', 0, 0, 'true', '', NULL, 0, 0, '{\r\n    \"dataSource\": [\r\n        { \"name\": \"keuze is verplicht\", \"id\": \"true\" },\r\n				{ \"name\": \"keuze is optioneel\", \"id\": \"false\" }\r\n    ]\r\n}\r\n', NULL, NULL, NULL, NULL, NULL, NULL, NULL, '\r\n\r\n', NULL, NULL, '', NULL, 0, NULL, 0, 0, 'normal', '0');
INSERT INTO `wiser_entityproperty`(`module_id`, `entity_name`, `link_type`, `visible_in_overview`, `overview_fieldtype`, `overview_width`, `tab_name`, `group_name`, `inputtype`, `display_name`, `property_name`, `explanation`, `ordering`, `regex_validation`, `mandatory`, `readonly`, `default_value`, `automation`, `css`, `width`, `height`, `options`, `data_query`, `action_query`, `search_query`, `search_count_query`, `grid_delete_query`, `grid_insert_query`, `grid_update_query`, `depends_on_field`, `depends_on_operator`, `depends_on_value`, `language_code`, `custom_script`, `also_save_seo_value`, `depends_on_action`, `save_on_change`, `extended_explanation`, `label_style`, `label_width`) VALUES (0, 'hoofdstap', 0, 0, '', 100, '', '', 'input', 'URL regex', 'urlregex', 'De URL van de configurator moet voldoen aan deze regex check om deze stap te tonen. Deze regex kan eenvoudig zijn, bijvoorbeeld \'\\.nl\' controleert al op de exacte string \'.nl\'.\r\n\r\nLet op: er kan maar 1 regex van toepassing zijn! Als deze op een hoger niveau (bijvoorbeeld hoofdstap) dan kan deze niet meer op een lager niveau (stap) worden gebruikt.', 20, '', 0, 0, NULL, '', NULL, 0, 0, NULL, NULL, NULL, NULL, NULL, NULL, NULL, NULL, NULL, NULL, NULL, '', NULL, 0, NULL, 0, 0, 'normal', '0');
INSERT INTO `wiser_entityproperty`(`module_id`, `entity_name`, `link_type`, `visible_in_overview`, `overview_fieldtype`, `overview_width`, `tab_name`, `group_name`, `inputtype`, `display_name`, `property_name`, `explanation`, `ordering`, `regex_validation`, `mandatory`, `readonly`, `default_value`, `automation`, `css`, `width`, `height`, `options`, `data_query`, `action_query`, `search_query`, `search_count_query`, `grid_delete_query`, `grid_insert_query`, `grid_update_query`, `depends_on_field`, `depends_on_operator`, `depends_on_value`, `language_code`, `custom_script`, `also_save_seo_value`, `depends_on_action`, `save_on_change`, `extended_explanation`, `label_style`, `label_width`) VALUES (0, 'stap', 0, 0, '', 100, '', '', 'combobox', 'Kopieer lay-out templates', 'duplicatelayoutfrom', 'Kopieer templates van een andere stap (eventueel uit een andere configurator)', 1, '', 0, 0, NULL, '', NULL, 0, 0, NULL, '#verkrijg overige stappen\r\nSELECT i.id,CONCAT(ipp.title,\' - \',ip.title,\' - \',i.title) AS name\r\nFROM wiser_item i\r\nJOIN wiser_itemlink ilp ON ilp.item_id=i.id AND ilp.type=1\r\nJOIN wiser_item ip ON ip.id=ilp.destination_item_id AND ip.removed=0 AND ip.published_environment>=4 AND ip.entity_type=\'hoofdstap\'\r\nJOIN wiser_itemlink ilpp ON ilpp.item_id=ip.id AND ilpp.type=1\r\nJOIN wiser_item ipp ON ipp.id=ilpp.destination_item_id AND ipp.removed=0 AND ipp.published_environment>=4 AND ipp.entity_type=\'configurator\'\r\nWHERE i.entity_type=\'stap\' AND i.removed=0 AND i.published_environment>=4 AND i.id<>{itemId}\r\nORDER BY ipp.title,ip.title,i.title;', NULL, NULL, NULL, NULL, NULL, NULL, NULL, NULL, NULL, '', NULL, 0, NULL, 0, 0, 'normal', '0');
INSERT INTO `wiser_entityproperty`(`module_id`, `entity_name`, `link_type`, `visible_in_overview`, `overview_fieldtype`, `overview_width`, `tab_name`, `group_name`, `inputtype`, `display_name`, `property_name`, `explanation`, `ordering`, `regex_validation`, `mandatory`, `readonly`, `default_value`, `automation`, `css`, `width`, `height`, `options`, `data_query`, `action_query`, `search_query`, `search_count_query`, `grid_delete_query`, `grid_insert_query`, `grid_update_query`, `depends_on_field`, `depends_on_operator`, `depends_on_value`, `language_code`, `custom_script`, `also_save_seo_value`, `depends_on_action`, `save_on_change`, `extended_explanation`, `label_style`, `label_width`) VALUES (0, 'stap', 0, 0, '', 100, 'Templates', 'Standaard stap', 'HTMLeditor', 'Specifieke stap template', 'step_template', 'Bepaald de template van deze substap. Beschikbare variabalen: {datasource_values} {stepname} en {substeps}', 1, '', 0, 0, 'Maak uw keuze:<br/>\n{datasource_values}<br/>\nOf vul zelf een waarde in', '', NULL, 100, 0, NULL, NULL, NULL, NULL, NULL, NULL, NULL, NULL, 'duplicatelayoutfrom', 'isempty', NULL, '', NULL, 0, 'toggle-visibility', 0, 0, 'normal', '0');
INSERT INTO `wiser_entityproperty`(`module_id`, `entity_name`, `link_type`, `visible_in_overview`, `overview_fieldtype`, `overview_width`, `tab_name`, `group_name`, `inputtype`, `display_name`, `property_name`, `explanation`, `ordering`, `regex_validation`, `mandatory`, `readonly`, `default_value`, `automation`, `css`, `width`, `height`, `options`, `data_query`, `action_query`, `search_query`, `search_count_query`, `grid_delete_query`, `grid_insert_query`, `grid_update_query`, `depends_on_field`, `depends_on_operator`, `depends_on_value`, `language_code`, `custom_script`, `also_save_seo_value`, `depends_on_action`, `save_on_change`, `extended_explanation`, `label_style`, `label_width`) VALUES (0, 'stap', 0, 0, '', 100, 'Templates', 'Standaard stap', 'HTMLeditor', 'Template per keuze', 'values_template', 'Bepaalt de HTML template van 1 keuze in deze stap. Te gebruiken variabelen zijn alle velden uit de databron, bijvoorbeeld: {kolomnaam}. Ook kan hier gebruikt worden {variablename} als vervanging voor de naam van de variabele in de HTML form fields.', 3, '', 0, 0, NULL, '', NULL, 100, 0, NULL, NULL, NULL, NULL, NULL, NULL, NULL, NULL, 'duplicatelayoutfrom', 'isempty', NULL, '', NULL, 0, 'toggle-visibility', 0, 0, 'normal', '0');
INSERT INTO `wiser_entityproperty`(`module_id`, `entity_name`, `link_type`, `visible_in_overview`, `overview_fieldtype`, `overview_width`, `tab_name`, `group_name`, `inputtype`, `display_name`, `property_name`, `explanation`, `ordering`, `regex_validation`, `mandatory`, `readonly`, `default_value`, `automation`, `css`, `width`, `height`, `options`, `data_query`, `action_query`, `search_query`, `search_count_query`, `grid_delete_query`, `grid_insert_query`, `grid_update_query`, `depends_on_field`, `depends_on_operator`, `depends_on_value`, `language_code`, `custom_script`, `also_save_seo_value`, `depends_on_action`, `save_on_change`, `extended_explanation`, `label_style`, `label_width`) VALUES (0, 'stap', 0, 0, '', 100, 'Vrije inhoud velden', '', 'textbox', 'Vrije inhoud 1', 'free_content1', 'Zet hier vrije inhoud in die gebruikt kan worden in de substep template als {step_free_content1}', 4, '', 0, 0, NULL, '', NULL, 0, 0, NULL, NULL, NULL, NULL, NULL, NULL, NULL, NULL, '\r\n', NULL, NULL, '', NULL, 0, NULL, 0, 0, 'normal', '0');
INSERT INTO `wiser_entityproperty`(`module_id`, `entity_name`, `link_type`, `visible_in_overview`, `overview_fieldtype`, `overview_width`, `tab_name`, `group_name`, `inputtype`, `display_name`, `property_name`, `explanation`, `ordering`, `regex_validation`, `mandatory`, `readonly`, `default_value`, `automation`, `css`, `width`, `height`, `options`, `data_query`, `action_query`, `search_query`, `search_count_query`, `grid_delete_query`, `grid_insert_query`, `grid_update_query`, `depends_on_field`, `depends_on_operator`, `depends_on_value`, `language_code`, `custom_script`, `also_save_seo_value`, `depends_on_action`, `save_on_change`, `extended_explanation`, `label_style`, `label_width`) VALUES (0, 'stap', 0, 0, '', 100, 'Vrije inhoud velden', '', 'textbox', 'Vrije inhoud 2', 'free_content2', 'Zet hier vrije inhoud in die gebruikt kan worden in de substep template als {step_free_content2}', 5, '', 0, 0, NULL, '', NULL, 0, 0, NULL, NULL, NULL, NULL, NULL, NULL, NULL, NULL, '\r\n', NULL, NULL, '', NULL, 0, NULL, 0, 0, 'normal', '0');
INSERT INTO `wiser_entityproperty`(`module_id`, `entity_name`, `link_type`, `visible_in_overview`, `overview_fieldtype`, `overview_width`, `tab_name`, `group_name`, `inputtype`, `display_name`, `property_name`, `explanation`, `ordering`, `regex_validation`, `mandatory`, `readonly`, `default_value`, `automation`, `css`, `width`, `height`, `options`, `data_query`, `action_query`, `search_query`, `search_count_query`, `grid_delete_query`, `grid_insert_query`, `grid_update_query`, `depends_on_field`, `depends_on_operator`, `depends_on_value`, `language_code`, `custom_script`, `also_save_seo_value`, `depends_on_action`, `save_on_change`, `extended_explanation`, `label_style`, `label_width`) VALUES (0, 'stap', 0, 0, '', 100, 'Vrije inhoud velden', '', 'textbox', 'Vrije inhoud 3', 'free_content3', 'Zet hier vrije inhoud in die gebruikt kan worden in de substep template als {step_free_content3}', 6, '', 0, 0, NULL, '', NULL, 0, 0, NULL, NULL, NULL, NULL, NULL, NULL, NULL, NULL, '\r\n', NULL, NULL, '', NULL, 0, NULL, 0, 0, 'normal', '0');
INSERT INTO `wiser_entityproperty`(`module_id`, `entity_name`, `link_type`, `visible_in_overview`, `overview_fieldtype`, `overview_width`, `tab_name`, `group_name`, `inputtype`, `display_name`, `property_name`, `explanation`, `ordering`, `regex_validation`, `mandatory`, `readonly`, `default_value`, `automation`, `css`, `width`, `height`, `options`, `data_query`, `action_query`, `search_query`, `search_count_query`, `grid_delete_query`, `grid_insert_query`, `grid_update_query`, `depends_on_field`, `depends_on_operator`, `depends_on_value`, `language_code`, `custom_script`, `also_save_seo_value`, `depends_on_action`, `save_on_change`, `extended_explanation`, `label_style`, `label_width`) VALUES (0, 'stap', 0, 0, '', 100, 'Vrije inhoud velden', '', 'textbox', 'Vrije inhoud 4', 'free_content4', 'Zet hier vrije inhoud in die gebruikt kan worden in de substep template als {step_free_content4}', 7, '', 0, 0, NULL, '', NULL, 0, 0, NULL, NULL, NULL, NULL, NULL, NULL, NULL, NULL, '\r\n', NULL, NULL, '', NULL, 0, NULL, 0, 0, 'normal', '0');
INSERT INTO `wiser_entityproperty`(`module_id`, `entity_name`, `link_type`, `visible_in_overview`, `overview_fieldtype`, `overview_width`, `tab_name`, `group_name`, `inputtype`, `display_name`, `property_name`, `explanation`, `ordering`, `regex_validation`, `mandatory`, `readonly`, `default_value`, `automation`, `css`, `width`, `height`, `options`, `data_query`, `action_query`, `search_query`, `search_count_query`, `grid_delete_query`, `grid_insert_query`, `grid_update_query`, `depends_on_field`, `depends_on_operator`, `depends_on_value`, `language_code`, `custom_script`, `also_save_seo_value`, `depends_on_action`, `save_on_change`, `extended_explanation`, `label_style`, `label_width`) VALUES (0, 'stap', 0, 0, '', 100, 'Vrije inhoud velden', '', 'textbox', 'Vrije inhoud 5', 'free_content5', 'Zet hier vrije inhoud in die gebruikt kan worden in de substep template als {step_free_content5}', 8, '', 0, 0, NULL, '', NULL, 0, 0, NULL, NULL, NULL, NULL, NULL, NULL, NULL, NULL, '\r\n', NULL, NULL, '', NULL, 0, NULL, 0, 0, 'normal', '0');
INSERT INTO `wiser_entityproperty`(`module_id`, `entity_name`, `link_type`, `visible_in_overview`, `overview_fieldtype`, `overview_width`, `tab_name`, `group_name`, `inputtype`, `display_name`, `property_name`, `explanation`, `ordering`, `regex_validation`, `mandatory`, `readonly`, `default_value`, `automation`, `css`, `width`, `height`, `options`, `data_query`, `action_query`, `search_query`, `search_count_query`, `grid_delete_query`, `grid_insert_query`, `grid_update_query`, `depends_on_field`, `depends_on_operator`, `depends_on_value`, `language_code`, `custom_script`, `also_save_seo_value`, `depends_on_action`, `save_on_change`, `extended_explanation`, `label_style`, `label_width`) VALUES (0, 'stap', 0, 0, '', 100, '', '', 'input', 'Variabelenaam', 'variable_name', 'Geef de naam op van de variabele waarin de gekozen waarde moet worden opgeslagen. Als er geen naam wordt opgegeven wordt standaard de SEO naam gebruikt van het item in de treeview hier links.', 9, '', 0, 0, NULL, '', NULL, 0, 0, NULL, NULL, NULL, NULL, NULL, NULL, NULL, NULL, '\r\n', NULL, NULL, '', NULL, 0, NULL, 0, 0, 'normal', '0');
INSERT INTO `wiser_entityproperty`(`module_id`, `entity_name`, `link_type`, `visible_in_overview`, `overview_fieldtype`, `overview_width`, `tab_name`, `group_name`, `inputtype`, `display_name`, `property_name`, `explanation`, `ordering`, `regex_validation`, `mandatory`, `readonly`, `default_value`, `automation`, `css`, `width`, `height`, `options`, `data_query`, `action_query`, `search_query`, `search_count_query`, `grid_delete_query`, `grid_insert_query`, `grid_update_query`, `depends_on_field`, `depends_on_operator`, `depends_on_value`, `language_code`, `custom_script`, `also_save_seo_value`, `depends_on_action`, `save_on_change`, `extended_explanation`, `label_style`, `label_width`) VALUES (0, 'stap', 0, 0, '', 100, '', '', 'combobox', 'Bron data', 'datasource', 'Waar moeten de items uit deze stap vandaan komen?', 10, '', 0, 0, NULL, '', NULL, 0, 0, '{\r\n    \"dataSource\": [\r\n				{ \"name\": \"SQL query\", \"id\": \"customquery\" }\r\n    ]\r\n}', NULL, NULL, NULL, NULL, NULL, NULL, NULL, '\r\n\r\n', NULL, NULL, '', NULL, 0, NULL, 0, 0, 'normal', '0');
INSERT INTO `wiser_entityproperty`(`module_id`, `entity_name`, `link_type`, `visible_in_overview`, `overview_fieldtype`, `overview_width`, `tab_name`, `group_name`, `inputtype`, `display_name`, `property_name`, `explanation`, `ordering`, `regex_validation`, `mandatory`, `readonly`, `default_value`, `automation`, `css`, `width`, `height`, `options`, `data_query`, `action_query`, `search_query`, `search_count_query`, `grid_delete_query`, `grid_insert_query`, `grid_update_query`, `depends_on_field`, `depends_on_operator`, `depends_on_value`, `language_code`, `custom_script`, `also_save_seo_value`, `depends_on_action`, `save_on_change`, `extended_explanation`, `label_style`, `label_width`) VALUES (0, 'stap', 0, 0, '', 100, 'Queries', '', 'textbox', 'SQL query', 'custom_query', 'De query voor het ophalen van alle beschikbare items in deze substap. Je kunt {connectedid} gebruiken voor het verwerken van een afhankelijkheid.', 11, '', 0, 0, NULL, '', NULL, 100, 0, '{\"type\": \"mysql\"}', NULL, NULL, NULL, NULL, NULL, NULL, NULL, 'datasource', 'eq', 'customquery', '', NULL, 0, NULL, 0, 0, 'normal', '0');
INSERT INTO `wiser_entityproperty`(`module_id`, `entity_name`, `link_type`, `visible_in_overview`, `overview_fieldtype`, `overview_width`, `tab_name`, `group_name`, `inputtype`, `display_name`, `property_name`, `explanation`, `ordering`, `regex_validation`, `mandatory`, `readonly`, `default_value`, `automation`, `css`, `width`, `height`, `options`, `data_query`, `action_query`, `search_query`, `search_count_query`, `grid_delete_query`, `grid_insert_query`, `grid_update_query`, `depends_on_field`, `depends_on_operator`, `depends_on_value`, `language_code`, `custom_script`, `also_save_seo_value`, `depends_on_action`, `save_on_change`, `extended_explanation`, `label_style`, `label_width`) VALUES (0, 'stap', 0, 0, '', 100, '', '', 'textbox', 'Beschikbare artikelen', 'own_data_values', 'Vul hier een entergescheiden lijst in van EAN-nummers, of een query die de EAN-nummers ophaalt.', 12, '', 0, 0, NULL, '', NULL, 0, 0, NULL, NULL, NULL, NULL, NULL, NULL, NULL, NULL, 'datasource', 'eq', 'ownarticles', '', NULL, 0, NULL, 0, 0, 'normal', '0');
INSERT INTO `wiser_entityproperty`(`module_id`, `entity_name`, `link_type`, `visible_in_overview`, `overview_fieldtype`, `overview_width`, `tab_name`, `group_name`, `inputtype`, `display_name`, `property_name`, `explanation`, `ordering`, `regex_validation`, `mandatory`, `readonly`, `default_value`, `automation`, `css`, `width`, `height`, `options`, `data_query`, `action_query`, `search_query`, `search_count_query`, `grid_delete_query`, `grid_insert_query`, `grid_update_query`, `depends_on_field`, `depends_on_operator`, `depends_on_value`, `language_code`, `custom_script`, `also_save_seo_value`, `depends_on_action`, `save_on_change`, `extended_explanation`, `label_style`, `label_width`) VALUES (0, 'stap', 0, 0, '', 100, '', '', 'textbox', 'Beschikbare keuzes', 'fixed_valuelist', 'Geef entergescheiden de keuzes in die beschikbaar zijn. Dit mag ook een puntkomma-separated lijst zijn. Waarbij vervolgens in de template verwezen kan worden naar {valuelist_1} voor de eerste kolom, etc.', 13, '', 0, 0, NULL, '', NULL, 0, 0, NULL, NULL, NULL, NULL, NULL, NULL, NULL, NULL, 'datasource', 'eq', 'fixedvalues', '', NULL, 0, NULL, 0, 0, 'normal', '0');
INSERT INTO `wiser_entityproperty`(`module_id`, `entity_name`, `link_type`, `visible_in_overview`, `overview_fieldtype`, `overview_width`, `tab_name`, `group_name`, `inputtype`, `display_name`, `property_name`, `explanation`, `ordering`, `regex_validation`, `mandatory`, `readonly`, `default_value`, `automation`, `css`, `width`, `height`, `options`, `data_query`, `action_query`, `search_query`, `search_count_query`, `grid_delete_query`, `grid_insert_query`, `grid_update_query`, `depends_on_field`, `depends_on_operator`, `depends_on_value`, `language_code`, `custom_script`, `also_save_seo_value`, `depends_on_action`, `save_on_change`, `extended_explanation`, `label_style`, `label_width`) VALUES (0, 'stap', 0, 0, '', 100, '', '', 'input', 'Koppeltype', 'datasource_connectedtype', 'Het koppeltype bij gekoppelde producten (alleen die van het juiste koppeltype worden opgehaald). Als deze leeg is worden alle gekoppelde producten opgehaald.', 14, '', 0, 0, NULL, '', NULL, 0, 0, NULL, NULL, NULL, NULL, NULL, NULL, NULL, NULL, 'datasource', 'eq', 'connectedproductsoncategory,connectedproductsonproduct', '', NULL, 0, NULL, 0, 0, 'normal', '0');
INSERT INTO `wiser_entityproperty`(`module_id`, `entity_name`, `link_type`, `visible_in_overview`, `overview_fieldtype`, `overview_width`, `tab_name`, `group_name`, `inputtype`, `display_name`, `property_name`, `explanation`, `ordering`, `regex_validation`, `mandatory`, `readonly`, `default_value`, `automation`, `css`, `width`, `height`, `options`, `data_query`, `action_query`, `search_query`, `search_count_query`, `grid_delete_query`, `grid_insert_query`, `grid_update_query`, `depends_on_field`, `depends_on_operator`, `depends_on_value`, `language_code`, `custom_script`, `also_save_seo_value`, `depends_on_action`, `save_on_change`, `extended_explanation`, `label_style`, `label_width`) VALUES (0, 'stap', 0, 0, '', 100, '', '', 'input', 'Gekoppeld aan', 'datasource_connectedid', 'Voer één of meerdere (gescheiden door puntkomma) variabelen in waaraan de (hoofd/sub)stap gekoppeld is.', 15, '', 0, 0, NULL, '', NULL, 0, 0, NULL, '#verkrijg (seoname of variabelename) van stappen\r\n#SELECT \'\' AS id,\'niet dupliceren\' AS name\r\n#	\r\n#UNION \r\n#\r\n#SELECT IFNULL(IFNULL(variable_name.`value`,name_seo.`value`),\'onbekend\') AS id,CONCAT(ipp.title,\' - \',ip.title,\' - \',i.title) AS name\r\n#FROM wiser_item i\r\n#JOIN wiser_itemlink ilp ON il.item_id=i.id AND ilp.type=1\r\n#JOIN wiser_item ip ON ip.id=ilp.destination_item_id AND ip.removed=0\r\n#JOIN wiser_itemlink ilpp ON ilp.item_id=ip.id AND ilpp.type=1\r\n#JOIN wiser_item ipp ON ipp.id=ilpp.destination_item_id AND ipp.removed=0\r\n#LEFT JOIN wiser_itemdetail variable_name ON variable_name.item_id=i.id AND variable_name.`key`=\'variable_name\'\r\n#LEFT JOIN wiser_itemdetail name_seo ON name_seo.item_id=i.id AND name_seo.`key`=\'name_seo\'\r\n#WHERE i.entity_type=\'stap\' AND i.removed=0 AND i.id<>{itemId}\r\n#HAVING id<>\'onbekend\'\r\n#ORDER BY ipp.title,ip.title,i.title;', NULL, NULL, NULL, NULL, NULL, NULL, NULL, NULL, NULL, '', NULL, 0, NULL, 0, 0, 'normal', '0');
INSERT INTO `wiser_entityproperty`(`module_id`, `entity_name`, `link_type`, `visible_in_overview`, `overview_fieldtype`, `overview_width`, `tab_name`, `group_name`, `inputtype`, `display_name`, `property_name`, `explanation`, `ordering`, `regex_validation`, `mandatory`, `readonly`, `default_value`, `automation`, `css`, `width`, `height`, `options`, `data_query`, `action_query`, `search_query`, `search_count_query`, `grid_delete_query`, `grid_insert_query`, `grid_update_query`, `depends_on_field`, `depends_on_operator`, `depends_on_value`, `language_code`, `custom_script`, `also_save_seo_value`, `depends_on_action`, `save_on_change`, `extended_explanation`, `label_style`, `label_width`) VALUES (0, 'stap', 0, 0, '', 100, '', '', 'input', 'Gekozen waarde', 'check_connectedid', 'Geef de waarde op die van toepassing moet zijn om deze vaste lijst te tonen', 16, '', 0, 0, NULL, '', NULL, 0, 0, NULL, NULL, NULL, NULL, NULL, NULL, NULL, NULL, 'datasource', 'eq', 'fixedvalues', '', NULL, 0, NULL, 0, 0, 'normal', '0');
INSERT INTO `wiser_entityproperty`(`module_id`, `entity_name`, `link_type`, `visible_in_overview`, `overview_fieldtype`, `overview_width`, `tab_name`, `group_name`, `inputtype`, `display_name`, `property_name`, `explanation`, `ordering`, `regex_validation`, `mandatory`, `readonly`, `default_value`, `automation`, `css`, `width`, `height`, `options`, `data_query`, `action_query`, `search_query`, `search_count_query`, `grid_delete_query`, `grid_insert_query`, `grid_update_query`, `depends_on_field`, `depends_on_operator`, `depends_on_value`, `language_code`, `custom_script`, `also_save_seo_value`, `depends_on_action`, `save_on_change`, `extended_explanation`, `label_style`, `label_width`) VALUES (0, 'stap', 0, 0, '', 100, '', '', 'input', 'Minimale waarde', 'min_value', 'Geef een eventuele minimale waarde op', 17, '', 0, 0, NULL, '', NULL, 0, 0, NULL, NULL, NULL, NULL, NULL, NULL, NULL, NULL, NULL, NULL, NULL, '', NULL, 0, NULL, 0, 0, 'normal', '0');
INSERT INTO `wiser_entityproperty`(`module_id`, `entity_name`, `link_type`, `visible_in_overview`, `overview_fieldtype`, `overview_width`, `tab_name`, `group_name`, `inputtype`, `display_name`, `property_name`, `explanation`, `ordering`, `regex_validation`, `mandatory`, `readonly`, `default_value`, `automation`, `css`, `width`, `height`, `options`, `data_query`, `action_query`, `search_query`, `search_count_query`, `grid_delete_query`, `grid_insert_query`, `grid_update_query`, `depends_on_field`, `depends_on_operator`, `depends_on_value`, `language_code`, `custom_script`, `also_save_seo_value`, `depends_on_action`, `save_on_change`, `extended_explanation`, `label_style`, `label_width`) VALUES (0, 'stap', 0, 0, '', 100, '', '', 'input', 'Maximale waarde', 'max_value', 'Geef een eventuele maximale waarde op', 18, '', 0, 0, NULL, '', NULL, 0, 0, NULL, NULL, NULL, NULL, NULL, NULL, NULL, NULL, NULL, NULL, NULL, '', NULL, 0, NULL, 0, 0, 'normal', '0');
INSERT INTO `wiser_entityproperty`(`module_id`, `entity_name`, `link_type`, `visible_in_overview`, `overview_fieldtype`, `overview_width`, `tab_name`, `group_name`, `inputtype`, `display_name`, `property_name`, `explanation`, `ordering`, `regex_validation`, `mandatory`, `readonly`, `default_value`, `automation`, `css`, `width`, `height`, `options`, `data_query`, `action_query`, `search_query`, `search_count_query`, `grid_delete_query`, `grid_insert_query`, `grid_update_query`, `depends_on_field`, `depends_on_operator`, `depends_on_value`, `language_code`, `custom_script`, `also_save_seo_value`, `depends_on_action`, `save_on_change`, `extended_explanation`, `label_style`, `label_width`) VALUES (0, 'stap', 0, 0, '', 100, '', '', 'combobox', 'Verplichte of optioneel', 'isrequired', '', 19, '', 0, 0, 'true', '', NULL, 0, 0, '{\r\n    \"dataSource\": [\r\n        { \"name\": \"keuze is verplicht\", \"id\": \"true\" },\r\n				{ \"name\": \"keuze is optioneel\", \"id\": \"false\" }\r\n    ]\r\n}\r\n', NULL, NULL, NULL, NULL, NULL, NULL, NULL, '\r\n\r\n', NULL, NULL, '', NULL, 0, NULL, 0, 0, 'normal', '0');
INSERT INTO `wiser_entityproperty`(`module_id`, `entity_name`, `link_type`, `visible_in_overview`, `overview_fieldtype`, `overview_width`, `tab_name`, `group_name`, `inputtype`, `display_name`, `property_name`, `explanation`, `ordering`, `regex_validation`, `mandatory`, `readonly`, `default_value`, `automation`, `css`, `width`, `height`, `options`, `data_query`, `action_query`, `search_query`, `search_count_query`, `grid_delete_query`, `grid_insert_query`, `grid_update_query`, `depends_on_field`, `depends_on_operator`, `depends_on_value`, `language_code`, `custom_script`, `also_save_seo_value`, `depends_on_action`, `save_on_change`, `extended_explanation`, `label_style`, `label_width`) VALUES (0, 'stap', 0, 0, '', 100, '', '', 'input', 'URL regex', 'urlregex', 'De URL van de configurator moet voldoen aan deze regex check om deze stap te tonen. Deze regex kan eenvoudig zijn, bijvoorbeeld \'\\.nl\' controleert al op de exacte string \'.nl\'.\r\n\r\nLet op: er kan maar 1 regex van toepassing zijn! Als deze op een hoger niveau (bijvoorbeeld hoofdstap) dan kan deze niet meer op een lager niveau (stap) worden gebruikt.', 20, '', 0, 0, NULL, '', NULL, 0, 0, NULL, NULL, NULL, NULL, NULL, NULL, NULL, NULL, NULL, NULL, NULL, '', NULL, 0, NULL, 0, 0, 'normal', '0');
INSERT INTO `wiser_entityproperty`(`module_id`, `entity_name`, `link_type`, `visible_in_overview`, `overview_fieldtype`, `overview_width`, `tab_name`, `group_name`, `inputtype`, `display_name`, `property_name`, `explanation`, `ordering`, `regex_validation`, `mandatory`, `readonly`, `default_value`, `automation`, `css`, `width`, `height`, `options`, `data_query`, `action_query`, `search_query`, `search_count_query`, `grid_delete_query`, `grid_insert_query`, `grid_update_query`, `depends_on_field`, `depends_on_operator`, `depends_on_value`, `language_code`, `custom_script`, `also_save_seo_value`, `depends_on_action`, `save_on_change`, `extended_explanation`, `label_style`, `label_width`) VALUES (0, 'substap', 0, 0, '', 100, '', '', 'combobox', 'Kopieer lay-out templates', 'duplicatelayoutfrom', 'Kopieer templates van een andere stap (eventueel uit een andere configurator)', 1, '', 0, 0, NULL, '', NULL, 0, 0, NULL, '#verkrijg overige substappen\r\nSELECT i.id,CONCAT(ippp.title,\' - \',ipp.title,\' - \',ip.title,\' - \',i.title) AS name\r\nFROM wiser_item i\r\nJOIN wiser_itemlink ilp ON ilp.item_id=i.id AND ilp.type=1\r\nJOIN wiser_item ip ON ip.id=ilp.destination_item_id AND ip.removed=0 AND ip.published_environment>=4 AND ip.entity_type=\'stap\'\r\nJOIN wiser_itemlink ilpp ON ilpp.item_id=ip.id AND ilpp.type=1\r\nJOIN wiser_item ipp ON ipp.id=ilpp.destination_item_id AND ipp.removed=0 AND ipp.published_environment>=4 AND ipp.entity_type=\'hoofdstap\'\r\nJOIN wiser_itemlink ilppp ON ilppp.item_id=ipp.id AND ilppp.type=1\r\nJOIN wiser_item ippp ON ippp.id=ilppp.destination_item_id AND ippp.removed=0 AND ippp.published_environment>=4 \r\nWHERE i.entity_type=\'substap\' AND i.removed=0 AND i.published_environment>=4 AND i.id<>{itemId};', NULL, NULL, NULL, NULL, NULL, NULL, NULL, NULL, NULL, '', NULL, 0, NULL, 0, 0, 'normal', '0');
INSERT INTO `wiser_entityproperty`(`module_id`, `entity_name`, `link_type`, `visible_in_overview`, `overview_fieldtype`, `overview_width`, `tab_name`, `group_name`, `inputtype`, `display_name`, `property_name`, `explanation`, `ordering`, `regex_validation`, `mandatory`, `readonly`, `default_value`, `automation`, `css`, `width`, `height`, `options`, `data_query`, `action_query`, `search_query`, `search_count_query`, `grid_delete_query`, `grid_insert_query`, `grid_update_query`, `depends_on_field`, `depends_on_operator`, `depends_on_value`, `language_code`, `custom_script`, `also_save_seo_value`, `depends_on_action`, `save_on_change`, `extended_explanation`, `label_style`, `label_width`) VALUES (0, 'substap', 0, 0, '', 100, 'Templates', 'Substap', 'HTMLeditor', 'Specifieke substap template', 'step_template', 'Bepaald de template van deze substap. Beschikbare variabalen: {datasource_values}, {datasource_count} {substepname}', 2, '', 0, 0, NULL, '', NULL, 100, 0, NULL, NULL, NULL, NULL, NULL, NULL, NULL, NULL, 'duplicatelayoutfrom', 'isempty', NULL, '', NULL, 0, 'toggle-visibility', 0, 0, 'normal', '0');
INSERT INTO `wiser_entityproperty`(`module_id`, `entity_name`, `link_type`, `visible_in_overview`, `overview_fieldtype`, `overview_width`, `tab_name`, `group_name`, `inputtype`, `display_name`, `property_name`, `explanation`, `ordering`, `regex_validation`, `mandatory`, `readonly`, `default_value`, `automation`, `css`, `width`, `height`, `options`, `data_query`, `action_query`, `search_query`, `search_count_query`, `grid_delete_query`, `grid_insert_query`, `grid_update_query`, `depends_on_field`, `depends_on_operator`, `depends_on_value`, `language_code`, `custom_script`, `also_save_seo_value`, `depends_on_action`, `save_on_change`, `extended_explanation`, `label_style`, `label_width`) VALUES (0, 'substap', 0, 0, '', 100, 'Templates', 'Substap', 'HTMLeditor', 'Template per keuze', 'values_template', 'Bepaalt de HTML template van 1 keuze in deze stap. Te gebruiken variabelen zijn alle velden uit de databron, bijvoorbeeld: {kolomnaam}.', 3, '', 0, 0, NULL, '', NULL, 100, 0, NULL, NULL, NULL, NULL, NULL, NULL, NULL, NULL, 'duplicatelayoutfrom', 'isempty', NULL, '', NULL, 0, 'toggle-visibility', 0, 0, 'normal', '0');
INSERT INTO `wiser_entityproperty`(`module_id`, `entity_name`, `link_type`, `visible_in_overview`, `overview_fieldtype`, `overview_width`, `tab_name`, `group_name`, `inputtype`, `display_name`, `property_name`, `explanation`, `ordering`, `regex_validation`, `mandatory`, `readonly`, `default_value`, `automation`, `css`, `width`, `height`, `options`, `data_query`, `action_query`, `search_query`, `search_count_query`, `grid_delete_query`, `grid_insert_query`, `grid_update_query`, `depends_on_field`, `depends_on_operator`, `depends_on_value`, `language_code`, `custom_script`, `also_save_seo_value`, `depends_on_action`, `save_on_change`, `extended_explanation`, `label_style`, `label_width`) VALUES (0, 'substap', 0, 0, '', 100, '', '', 'input', 'Variabelenaam', 'variable_name', 'Geef de naam op van de variabele waarin de gekozen waarde moet worden opgeslagen. Als er geen naam wordt opgegeven wordt standaard de SEO naam gebruikt van het item in de treeview hier links.', 4, '', 0, 0, NULL, '', NULL, 0, 0, NULL, NULL, NULL, NULL, NULL, NULL, NULL, NULL, NULL, NULL, NULL, '', NULL, 0, NULL, 0, 0, 'normal', '0');
INSERT INTO `wiser_entityproperty`(`module_id`, `entity_name`, `link_type`, `visible_in_overview`, `overview_fieldtype`, `overview_width`, `tab_name`, `group_name`, `inputtype`, `display_name`, `property_name`, `explanation`, `ordering`, `regex_validation`, `mandatory`, `readonly`, `default_value`, `automation`, `css`, `width`, `height`, `options`, `data_query`, `action_query`, `search_query`, `search_count_query`, `grid_delete_query`, `grid_insert_query`, `grid_update_query`, `depends_on_field`, `depends_on_operator`, `depends_on_value`, `language_code`, `custom_script`, `also_save_seo_value`, `depends_on_action`, `save_on_change`, `extended_explanation`, `label_style`, `label_width`) VALUES (0, 'substap', 0, 0, '', 100, '', '', 'combobox', 'Bron data', 'datasource', 'Waar moeten de items uit deze stap vandaan komen?', 5, '', 0, 0, NULL, '', NULL, 0, 0, '{\r\n    \"dataSource\": [\r\n				{ \"name\": \"SQL query\", \"id\": \"customquery\" }\r\n    ]\r\n}', NULL, NULL, NULL, NULL, NULL, NULL, NULL, NULL, NULL, NULL, '', NULL, 0, NULL, 0, 0, 'normal', '0');
INSERT INTO `wiser_entityproperty`(`module_id`, `entity_name`, `link_type`, `visible_in_overview`, `overview_fieldtype`, `overview_width`, `tab_name`, `group_name`, `inputtype`, `display_name`, `property_name`, `explanation`, `ordering`, `regex_validation`, `mandatory`, `readonly`, `default_value`, `automation`, `css`, `width`, `height`, `options`, `data_query`, `action_query`, `search_query`, `search_count_query`, `grid_delete_query`, `grid_insert_query`, `grid_update_query`, `depends_on_field`, `depends_on_operator`, `depends_on_value`, `language_code`, `custom_script`, `also_save_seo_value`, `depends_on_action`, `save_on_change`, `extended_explanation`, `label_style`, `label_width`) VALUES (0, 'substap', 0, 0, '', 100, '', '', 'input', 'Gekoppeld aan', 'datasource_connectedid', 'Voer één of meerdere (gescheiden door puntkomma) variabelen in waaraan de (hoofd/sub)stap gekoppeld is.', 6, '', 0, 0, NULL, '', NULL, 0, 0, NULL, '#verkrijg (seoname of variabelename) van stappen\r\n#SELECT \'\' AS id,\'niet dupliceren\' AS name\r\n#	\r\n#UNION \r\n#\r\n#SELECT IFNULL(IFNULL(variable_name.`value`,name_seo.`value`),\'onbekend\') AS id,CONCAT(ipp.title,\' - \',ip.title,\' - \',i.title) AS name\r\n#FROM wiser_item i\r\n#JOIN wiser_itemlink ilp ON il.item_id=i.id AND ilp.type=1\r\n#JOIN wiser_item ip ON ip.id=ilp.destination_item_id AND ip.removed=0\r\n#JOIN wiser_itemlink ilpp ON ilp.item_id=ip.id AND ilpp.type=1\r\n#JOIN wiser_item ipp ON ipp.id=ilpp.destination_item_id AND ipp.removed=0\r\n#LEFT JOIN wiser_itemdetail variable_name ON variable_name.item_id=i.id AND variable_name.`key`=\'variable_name\'\r\n#LEFT JOIN wiser_itemdetail name_seo ON name_seo.item_id=i.id AND name_seo.`key`=\'name_seo\'\r\n#WHERE i.entity_type=\'stap\' AND i.removed=0 AND i.id<>{itemId}\r\n#HAVING id<>\'onbekend\'\r\n#ORDER BY ipp.title,ip.title,i.title;', NULL, NULL, NULL, NULL, NULL, NULL, NULL, NULL, NULL, '', NULL, 0, NULL, 0, 0, 'normal', '0');
INSERT INTO `wiser_entityproperty`(`module_id`, `entity_name`, `link_type`, `visible_in_overview`, `overview_fieldtype`, `overview_width`, `tab_name`, `group_name`, `inputtype`, `display_name`, `property_name`, `explanation`, `ordering`, `regex_validation`, `mandatory`, `readonly`, `default_value`, `automation`, `css`, `width`, `height`, `options`, `data_query`, `action_query`, `search_query`, `search_count_query`, `grid_delete_query`, `grid_insert_query`, `grid_update_query`, `depends_on_field`, `depends_on_operator`, `depends_on_value`, `language_code`, `custom_script`, `also_save_seo_value`, `depends_on_action`, `save_on_change`, `extended_explanation`, `label_style`, `label_width`) VALUES (0, 'substap', 0, 0, '', 100, 'Queries', '', 'textbox', 'SQL query', 'custom_query', 'De query voor het ophalen van alle beschikbare items in deze substap', 7, '', 0, 0, NULL, '', NULL, 100, 0, '{\"type\": \"mysql\"}', NULL, NULL, NULL, NULL, NULL, NULL, NULL, 'datasource', 'eq', 'customquery', '', NULL, 0, NULL, 0, 0, 'normal', '0');
INSERT INTO `wiser_entityproperty`(`module_id`, `entity_name`, `link_type`, `visible_in_overview`, `overview_fieldtype`, `overview_width`, `tab_name`, `group_name`, `inputtype`, `display_name`, `property_name`, `explanation`, `ordering`, `regex_validation`, `mandatory`, `readonly`, `default_value`, `automation`, `css`, `width`, `height`, `options`, `data_query`, `action_query`, `search_query`, `search_count_query`, `grid_delete_query`, `grid_insert_query`, `grid_update_query`, `depends_on_field`, `depends_on_operator`, `depends_on_value`, `language_code`, `custom_script`, `also_save_seo_value`, `depends_on_action`, `save_on_change`, `extended_explanation`, `label_style`, `label_width`) VALUES (0, 'substap', 0, 0, '', 100, '', '', 'textbox', 'Beschikbare artikelen', 'own_data_values', 'Vul hier een entergescheiden lijst in van EAN-nummers, of een query die de EAN-nummers ophaalt.', 8, '', 0, 0, NULL, '', NULL, 0, 0, NULL, NULL, NULL, NULL, NULL, NULL, NULL, NULL, 'datasource', 'eq', 'ownarticles', '', NULL, 0, NULL, 0, 0, 'normal', '0');
INSERT INTO `wiser_entityproperty`(`module_id`, `entity_name`, `link_type`, `visible_in_overview`, `overview_fieldtype`, `overview_width`, `tab_name`, `group_name`, `inputtype`, `display_name`, `property_name`, `explanation`, `ordering`, `regex_validation`, `mandatory`, `readonly`, `default_value`, `automation`, `css`, `width`, `height`, `options`, `data_query`, `action_query`, `search_query`, `search_count_query`, `grid_delete_query`, `grid_insert_query`, `grid_update_query`, `depends_on_field`, `depends_on_operator`, `depends_on_value`, `language_code`, `custom_script`, `also_save_seo_value`, `depends_on_action`, `save_on_change`, `extended_explanation`, `label_style`, `label_width`) VALUES (0, 'substap', 0, 0, '', 100, '', '', 'textbox', 'Beschikbare keuzes', 'fixed_valuelist', 'Geef entergescheiden de keuzes in die beschikbaar zijn. Dit mag ook een puntkomma-separated lijst zijn. Waarbij vervolgens in de template verwezen kan worden naar {valuelist_1} voor de eerste kolom, etc.', 9, '', 0, 0, NULL, '', NULL, 0, 0, NULL, NULL, NULL, NULL, NULL, NULL, NULL, NULL, 'datasource', 'eq', 'fixedvalues', '', NULL, 0, NULL, 0, 0, 'normal', '0');
INSERT INTO `wiser_entityproperty`(`module_id`, `entity_name`, `link_type`, `visible_in_overview`, `overview_fieldtype`, `overview_width`, `tab_name`, `group_name`, `inputtype`, `display_name`, `property_name`, `explanation`, `ordering`, `regex_validation`, `mandatory`, `readonly`, `default_value`, `automation`, `css`, `width`, `height`, `options`, `data_query`, `action_query`, `search_query`, `search_count_query`, `grid_delete_query`, `grid_insert_query`, `grid_update_query`, `depends_on_field`, `depends_on_operator`, `depends_on_value`, `language_code`, `custom_script`, `also_save_seo_value`, `depends_on_action`, `save_on_change`, `extended_explanation`, `label_style`, `label_width`) VALUES (0, 'substap', 0, 0, '', 100, '', '', 'input', 'Koppeltype', 'datasource_connectedtype', 'Het koppeltype bij gekoppelde producten (alleen die van het juiste koppeltype worden opgehaald). Als deze leeg is worden alle gekoppelde producten opgehaald.', 10, '', 0, 0, NULL, '', NULL, 0, 0, NULL, NULL, NULL, NULL, NULL, NULL, NULL, NULL, 'datasource', 'eq', 'connectedproductsoncategory,connectedproductsonproduct', '', NULL, 0, NULL, 0, 0, 'normal', '0');
INSERT INTO `wiser_entityproperty`(`module_id`, `entity_name`, `link_type`, `visible_in_overview`, `overview_fieldtype`, `overview_width`, `tab_name`, `group_name`, `inputtype`, `display_name`, `property_name`, `explanation`, `ordering`, `regex_validation`, `mandatory`, `readonly`, `default_value`, `automation`, `css`, `width`, `height`, `options`, `data_query`, `action_query`, `search_query`, `search_count_query`, `grid_delete_query`, `grid_insert_query`, `grid_update_query`, `depends_on_field`, `depends_on_operator`, `depends_on_value`, `language_code`, `custom_script`, `also_save_seo_value`, `depends_on_action`, `save_on_change`, `extended_explanation`, `label_style`, `label_width`) VALUES (0, 'substap', 0, 0, '', 100, '', '', 'input', 'Gekozen waarde', 'check_connectedid', 'Geef de waarde op die van toepassing moet zijn om deze vaste lijst te tonen', 11, '', 0, 0, NULL, '', NULL, 0, 0, NULL, NULL, NULL, NULL, NULL, NULL, NULL, NULL, 'datasource', 'eq', 'fixedvalues', '', NULL, 0, NULL, 0, 0, 'normal', '0');
INSERT INTO `wiser_entityproperty`(`module_id`, `entity_name`, `link_type`, `visible_in_overview`, `overview_fieldtype`, `overview_width`, `tab_name`, `group_name`, `inputtype`, `display_name`, `property_name`, `explanation`, `ordering`, `regex_validation`, `mandatory`, `readonly`, `default_value`, `automation`, `css`, `width`, `height`, `options`, `data_query`, `action_query`, `search_query`, `search_count_query`, `grid_delete_query`, `grid_insert_query`, `grid_update_query`, `depends_on_field`, `depends_on_operator`, `depends_on_value`, `language_code`, `custom_script`, `also_save_seo_value`, `depends_on_action`, `save_on_change`, `extended_explanation`, `label_style`, `label_width`) VALUES (0, 'substap', 0, 0, '', 100, '', '', 'combobox', 'Verplichte of optioneel', 'isrequired', '', 12, '', 0, 0, 'true', '', NULL, 0, 0, '{\r\n    \"dataSource\": [\r\n        { \"name\": \"keuze is verplicht\", \"id\": \"true\" },\r\n				{ \"name\": \"keuze is optioneel\", \"id\": \"false\" }\r\n    ]\r\n}\r\n', NULL, NULL, NULL, NULL, NULL, NULL, NULL, NULL, NULL, NULL, '', NULL, 0, NULL, 0, 0, 'normal', '0');
INSERT INTO `wiser_entityproperty`(`module_id`, `entity_name`, `link_type`, `visible_in_overview`, `overview_fieldtype`, `overview_width`, `tab_name`, `group_name`, `inputtype`, `display_name`, `property_name`, `explanation`, `ordering`, `regex_validation`, `mandatory`, `readonly`, `default_value`, `automation`, `css`, `width`, `height`, `options`, `data_query`, `action_query`, `search_query`, `search_count_query`, `grid_delete_query`, `grid_insert_query`, `grid_update_query`, `depends_on_field`, `depends_on_operator`, `depends_on_value`, `language_code`, `custom_script`, `also_save_seo_value`, `depends_on_action`, `save_on_change`, `extended_explanation`, `label_style`, `label_width`) VALUES (0, 'substap', 0, 0, '', 100, '', '', 'input', 'URL regex', 'urlregex', 'De URL van de configurator moet voldoen aan deze regex check om deze stap te tonen. Deze regex kan eenvoudig zijn, bijvoorbeeld \'\\.nl\' controleert al op de exacte string \'.nl\'.\r\n\r\nLet op: er kan maar 1 regex van toepassing zijn! Als deze op een hoger niveau (bijvoorbeeld hoofdstap) dan kan deze niet meer op een lager niveau (stap) worden gebruikt.', 13, '', 0, 0, NULL, '', NULL, 0, 0, NULL, NULL, NULL, NULL, NULL, NULL, NULL, NULL, NULL, NULL, NULL, '', NULL, 0, NULL, 0, 0, 'normal', '0');
INSERT INTO `wiser_entityproperty`(`module_id`, `entity_name`, `link_type`, `visible_in_overview`, `overview_fieldtype`, `overview_width`, `tab_name`, `group_name`, `inputtype`, `display_name`, `property_name`, `explanation`, `ordering`, `regex_validation`, `mandatory`, `readonly`, `default_value`, `automation`, `css`, `width`, `height`, `options`, `data_query`, `action_query`, `search_query`, `search_count_query`, `grid_delete_query`, `grid_insert_query`, `grid_update_query`, `depends_on_field`, `depends_on_operator`, `depends_on_value`, `language_code`, `custom_script`, `also_save_seo_value`, `depends_on_action`, `save_on_change`, `extended_explanation`, `label_style`, `label_width`) VALUES (0, 'substap', 0, 0, '', 100, 'Vrije inhoud velden', '', 'textbox', 'Vrije inhoud 1', 'free_content1', 'Zet hier vrije inhoud in die gebruikt kan worden in de substep template als {substep_free_content1}', 14, '', 0, 0, NULL, '', NULL, 0, 0, NULL, NULL, NULL, NULL, NULL, NULL, NULL, NULL, NULL, NULL, NULL, '', NULL, 0, NULL, 0, 0, 'normal', '0');
INSERT INTO `wiser_entityproperty`(`module_id`, `entity_name`, `link_type`, `visible_in_overview`, `overview_fieldtype`, `overview_width`, `tab_name`, `group_name`, `inputtype`, `display_name`, `property_name`, `explanation`, `ordering`, `regex_validation`, `mandatory`, `readonly`, `default_value`, `automation`, `css`, `width`, `height`, `options`, `data_query`, `action_query`, `search_query`, `search_count_query`, `grid_delete_query`, `grid_insert_query`, `grid_update_query`, `depends_on_field`, `depends_on_operator`, `depends_on_value`, `language_code`, `custom_script`, `also_save_seo_value`, `depends_on_action`, `save_on_change`, `extended_explanation`, `label_style`, `label_width`) VALUES (0, 'substap', 0, 0, '', 100, 'Vrije inhoud velden', '', 'textbox', 'Vrije inhoud 2', 'free_content2', 'Zet hier vrije inhoud in die gebruikt kan worden in de substep template als {substep_free_content2}', 15, '', 0, 0, NULL, '', NULL, 0, 0, NULL, NULL, NULL, NULL, NULL, NULL, NULL, NULL, NULL, NULL, NULL, '', NULL, 0, NULL, 0, 0, 'normal', '0');
INSERT INTO `wiser_entityproperty`(`module_id`, `entity_name`, `link_type`, `visible_in_overview`, `overview_fieldtype`, `overview_width`, `tab_name`, `group_name`, `inputtype`, `display_name`, `property_name`, `explanation`, `ordering`, `regex_validation`, `mandatory`, `readonly`, `default_value`, `automation`, `css`, `width`, `height`, `options`, `data_query`, `action_query`, `search_query`, `search_count_query`, `grid_delete_query`, `grid_insert_query`, `grid_update_query`, `depends_on_field`, `depends_on_operator`, `depends_on_value`, `language_code`, `custom_script`, `also_save_seo_value`, `depends_on_action`, `save_on_change`, `extended_explanation`, `label_style`, `label_width`) VALUES (0, 'substap', 0, 0, '', 100, 'Vrije inhoud velden', '', 'textbox', 'Vrije inhoud 3', 'free_content3', 'Zet hier vrije inhoud in die gebruikt kan worden in de substep template als {substep_free_content3}', 16, '', 0, 0, NULL, '', NULL, 0, 0, NULL, NULL, NULL, NULL, NULL, NULL, NULL, NULL, NULL, NULL, NULL, '', NULL, 0, NULL, 0, 0, 'normal', '0');
INSERT INTO `wiser_entityproperty`(`module_id`, `entity_name`, `link_type`, `visible_in_overview`, `overview_fieldtype`, `overview_width`, `tab_name`, `group_name`, `inputtype`, `display_name`, `property_name`, `explanation`, `ordering`, `regex_validation`, `mandatory`, `readonly`, `default_value`, `automation`, `css`, `width`, `height`, `options`, `data_query`, `action_query`, `search_query`, `search_count_query`, `grid_delete_query`, `grid_insert_query`, `grid_update_query`, `depends_on_field`, `depends_on_operator`, `depends_on_value`, `language_code`, `custom_script`, `also_save_seo_value`, `depends_on_action`, `save_on_change`, `extended_explanation`, `label_style`, `label_width`) VALUES (0, 'substap', 0, 0, '', 100, 'Vrije inhoud velden', '', 'textbox', 'Vrije inhoud 4', 'free_content4', 'Zet hier vrije inhoud in die gebruikt kan worden in de substep template als {substep_free_content4}', 17, '', 0, 0, NULL, '', NULL, 0, 0, NULL, NULL, NULL, NULL, NULL, NULL, NULL, NULL, NULL, NULL, NULL, '', NULL, 0, NULL, 0, 0, 'normal', '0');
INSERT INTO `wiser_entityproperty`(`module_id`, `entity_name`, `link_type`, `visible_in_overview`, `overview_fieldtype`, `overview_width`, `tab_name`, `group_name`, `inputtype`, `display_name`, `property_name`, `explanation`, `ordering`, `regex_validation`, `mandatory`, `readonly`, `default_value`, `automation`, `css`, `width`, `height`, `options`, `data_query`, `action_query`, `search_query`, `search_count_query`, `grid_delete_query`, `grid_insert_query`, `grid_update_query`, `depends_on_field`, `depends_on_operator`, `depends_on_value`, `language_code`, `custom_script`, `also_save_seo_value`, `depends_on_action`, `save_on_change`, `extended_explanation`, `label_style`, `label_width`) VALUES (0, 'substap', 0, 0, '', 100, 'Vrije inhoud velden', '', 'textbox', 'Vrije inhoud 5', 'free_content5', 'Zet hier vrije inhoud in die gebruikt kan worden in de substep template als {substep_free_content5}', 18, '', 0, 0, NULL, '', NULL, 0, 0, NULL, NULL, NULL, NULL, NULL, NULL, NULL, NULL, NULL, NULL, NULL, '', NULL, 0, NULL, 0, 0, 'normal', '0');
INSERT INTO `wiser_entityproperty`(`module_id`, `entity_name`, `link_type`, `visible_in_overview`, `overview_fieldtype`, `overview_width`, `tab_name`, `group_name`, `inputtype`, `display_name`, `property_name`, `explanation`, `ordering`, `regex_validation`, `mandatory`, `readonly`, `default_value`, `automation`, `css`, `width`, `height`, `options`, `data_query`, `action_query`, `search_query`, `search_count_query`, `grid_delete_query`, `grid_insert_query`, `grid_update_query`, `depends_on_field`, `depends_on_operator`, `depends_on_value`, `language_code`, `custom_script`, `also_save_seo_value`, `depends_on_action`, `save_on_change`, `extended_explanation`, `label_style`, `label_width`) VALUES (0, 'hoofdstap', 0, 0, '', 100, '', '', 'data-selector', 'Dataselector', 'dataselector', 'Bepaal de dataselector', 20, '', 0, 0, NULL, '', NULL, 0, 0, NULL, NULL, NULL, NULL, NULL, NULL, NULL, NULL, 'datasource', 'eq', 'dataselector', '', NULL, 0, NULL, 0, 0, 'normal', '0');
INSERT INTO `wiser_entityproperty`(`module_id`, `entity_name`, `link_type`, `visible_in_overview`, `overview_fieldtype`, `overview_width`, `tab_name`, `group_name`, `inputtype`, `display_name`, `property_name`, `explanation`, `ordering`, `regex_validation`, `mandatory`, `readonly`, `default_value`, `automation`, `css`, `width`, `height`, `options`, `data_query`, `action_query`, `search_query`, `search_count_query`, `grid_delete_query`, `grid_insert_query`, `grid_update_query`, `depends_on_field`, `depends_on_operator`, `depends_on_value`, `language_code`, `custom_script`, `also_save_seo_value`, `depends_on_action`, `save_on_change`, `extended_explanation`, `label_style`, `label_width`) VALUES (0, 'stap', 0, 0, '', 100, '', '', 'data-selector', 'Dataselector', 'dataselector', 'Bepaal de dataselector', 21, '', 0, 0, NULL, '', NULL, 0, 0, NULL, NULL, NULL, NULL, NULL, NULL, NULL, NULL, 'datasource', 'eq', 'dataselector', '', NULL, 0, NULL, 0, 0, 'normal', '0');
INSERT INTO `wiser_entityproperty`(`module_id`, `entity_name`, `link_type`, `visible_in_overview`, `overview_fieldtype`, `overview_width`, `tab_name`, `group_name`, `inputtype`, `display_name`, `property_name`, `explanation`, `ordering`, `regex_validation`, `mandatory`, `readonly`, `default_value`, `automation`, `css`, `width`, `height`, `options`, `data_query`, `action_query`, `search_query`, `search_count_query`, `grid_delete_query`, `grid_insert_query`, `grid_update_query`, `depends_on_field`, `depends_on_operator`, `depends_on_value`, `language_code`, `custom_script`, `also_save_seo_value`, `depends_on_action`, `save_on_change`, `extended_explanation`, `label_style`, `label_width`) VALUES (0, 'substap', 0, 0, '', 100, '', '', 'data-selector', 'Dataselector', 'dataselector', 'Bepaal de dataselector', 19, '', 0, 0, NULL, '', NULL, 0, 0, NULL, NULL, NULL, NULL, NULL, NULL, NULL, NULL, 'datasource', 'eq', 'dataselector', '', NULL, 0, NULL, 0, 0, 'normal', '0');
INSERT INTO `wiser_entityproperty`(`module_id`, `entity_name`, `link_type`, `visible_in_overview`, `overview_fieldtype`, `overview_width`, `tab_name`, `group_name`, `inputtype`, `display_name`, `property_name`, `explanation`, `ordering`, `regex_validation`, `mandatory`, `readonly`, `default_value`, `automation`, `css`, `width`, `height`, `options`, `data_query`, `action_query`, `search_query`, `search_count_query`, `grid_delete_query`, `grid_insert_query`, `grid_update_query`, `depends_on_field`, `depends_on_operator`, `depends_on_value`, `language_code`, `custom_script`, `also_save_seo_value`, `depends_on_action`, `save_on_change`, `extended_explanation`, `label_style`, `label_width`) VALUES (0, 'configurator', 0, 0, '', 100, 'Custom parameters', '', 'input', 'Parameter naam', 'custom_param_name', 'De naam van de custom parameter', 23, '', 0, 0, NULL, '', NULL, 20, 0, NULL, NULL, NULL, NULL, NULL, NULL, NULL, NULL, '\r\n', NULL, NULL, '', NULL, 0, NULL, 0, 0, 'normal', '0');
INSERT INTO `wiser_entityproperty`(`module_id`, `entity_name`, `link_type`, `visible_in_overview`, `overview_fieldtype`, `overview_width`, `tab_name`, `group_name`, `inputtype`, `display_name`, `property_name`, `explanation`, `ordering`, `regex_validation`, `mandatory`, `readonly`, `default_value`, `automation`, `css`, `width`, `height`, `options`, `data_query`, `action_query`, `search_query`, `search_count_query`, `grid_delete_query`, `grid_insert_query`, `grid_update_query`, `depends_on_field`, `depends_on_operator`, `depends_on_value`, `language_code`, `custom_script`, `also_save_seo_value`, `depends_on_action`, `save_on_change`, `extended_explanation`, `label_style`, `label_width`) VALUES (0, 'configurator', 0, 0, '', 100, 'Custom parameters', '', 'input', 'Parameter Dependencies', 'custom_param_dependencies', 'Comma separated dependencies', 24, '', 0, 0, NULL, '', NULL, 70, 0, NULL, NULL, NULL, NULL, NULL, NULL, NULL, NULL, '\r\n', NULL, NULL, '', NULL, 0, NULL, 0, 0, 'normal', '0');
INSERT INTO `wiser_entityproperty`(`module_id`, `entity_name`, `link_type`, `visible_in_overview`, `overview_fieldtype`, `overview_width`, `tab_name`, `group_name`, `inputtype`, `display_name`, `property_name`, `explanation`, `ordering`, `regex_validation`, `mandatory`, `readonly`, `default_value`, `automation`, `css`, `width`, `height`, `options`, `data_query`, `action_query`, `search_query`, `search_count_query`, `grid_delete_query`, `grid_insert_query`, `grid_update_query`, `depends_on_field`, `depends_on_operator`, `depends_on_value`, `language_code`, `custom_script`, `also_save_seo_value`, `depends_on_action`, `save_on_change`, `extended_explanation`, `label_style`, `label_width`) VALUES (0, 'configurator', 0, 0, '', 100, 'Custom parameters', '', 'textbox', 'Parameter query', 'custom_param_query', 'De query om de parameter te bepalen', 25, '', 0, 0, NULL, '', NULL, 100, 0, '{\"type\": \"mysql\"}', NULL, NULL, NULL, NULL, NULL, NULL, NULL, '\r\n', NULL, NULL, '', NULL, 0, NULL, 0, 0, 'normal', '0');
INSERT INTO `wiser_entityproperty`(`module_id`, `entity_name`, `link_type`, `visible_in_overview`, `overview_fieldtype`, `overview_width`, `tab_name`, `group_name`, `inputtype`, `display_name`, `property_name`, `explanation`, `ordering`, `regex_validation`, `mandatory`, `readonly`, `default_value`, `automation`, `css`, `width`, `height`, `options`, `data_query`, `action_query`, `search_query`, `search_count_query`, `grid_delete_query`, `grid_insert_query`, `grid_update_query`, `depends_on_field`, `depends_on_operator`, `depends_on_value`, `language_code`, `custom_script`, `also_save_seo_value`, `depends_on_action`, `save_on_change`, `extended_explanation`, `label_style`, `label_width`) VALUES (0, 'substap', 0, 0, '', 100, '', '', 'input', 'Minimale waarde', 'min_value', 'Geef een eventuele minimum waarde op', 7, '', 0, 0, NULL, '', NULL, 0, 0, NULL, NULL, NULL, NULL, NULL, NULL, NULL, NULL, NULL, NULL, NULL, '', NULL, 0, NULL, 0, 0, 'normal', '0');
INSERT INTO `wiser_entityproperty`(`module_id`, `entity_name`, `link_type`, `visible_in_overview`, `overview_fieldtype`, `overview_width`, `tab_name`, `group_name`, `inputtype`, `display_name`, `property_name`, `explanation`, `ordering`, `regex_validation`, `mandatory`, `readonly`, `default_value`, `automation`, `css`, `width`, `height`, `options`, `data_query`, `action_query`, `search_query`, `search_count_query`, `grid_delete_query`, `grid_insert_query`, `grid_update_query`, `depends_on_field`, `depends_on_operator`, `depends_on_value`, `language_code`, `custom_script`, `also_save_seo_value`, `depends_on_action`, `save_on_change`, `extended_explanation`, `label_style`, `label_width`) VALUES (0, 'substap', 0, 0, '', 100, '', '', 'input', 'Maximale waarde', 'max_value', 'Geef een eventuele maximale waarde op', 8, '', 0, 0, NULL, '', NULL, 0, 0, NULL, NULL, NULL, NULL, NULL, NULL, NULL, NULL, NULL, NULL, NULL, '', NULL, 0, NULL, 0, 0, 'normal', '0');
INSERT INTO `wiser_entityproperty`(`module_id`, `entity_name`, `link_type`, `visible_in_overview`, `overview_fieldtype`, `overview_width`, `tab_name`, `group_name`, `inputtype`, `display_name`, `property_name`, `explanation`, `ordering`, `regex_validation`, `mandatory`, `readonly`, `default_value`, `automation`, `css`, `width`, `height`, `options`, `data_query`, `action_query`, `search_query`, `search_count_query`, `grid_delete_query`, `grid_insert_query`, `grid_update_query`, `depends_on_field`, `depends_on_operator`, `depends_on_value`, `language_code`, `custom_script`, `also_save_seo_value`, `depends_on_action`, `save_on_change`, `extended_explanation`, `label_style`, `label_width`) VALUES (0, 'substap', 0, 0, '', 100, '', '', 'input', 'Stap opties', 'step_options', 'Opties om mee te geven aan stap', 9, '', 0, 0, NULL, '', NULL, 0, 0, NULL, NULL, NULL, NULL, NULL, NULL, NULL, NULL, NULL, NULL, NULL, '', NULL, 0, NULL, 0, 0, 'normal', '0');
INSERT INTO `wiser_entityproperty`(`module_id`, `entity_name`, `link_type`, `visible_in_overview`, `overview_fieldtype`, `overview_width`, `tab_name`, `group_name`, `inputtype`, `display_name`, `property_name`, `explanation`, `ordering`, `regex_validation`, `mandatory`, `readonly`, `default_value`, `automation`, `css`, `width`, `height`, `options`, `data_query`, `action_query`, `search_query`, `search_count_query`, `grid_delete_query`, `grid_insert_query`, `grid_update_query`, `depends_on_field`, `depends_on_operator`, `depends_on_value`, `language_code`, `custom_script`, `also_save_seo_value`, `depends_on_action`, `save_on_change`, `extended_explanation`, `label_style`, `label_width`) VALUES (0, 'configurator', 0, 0, '', 100, 'Queries', '', 'textbox', 'Query voor levertijd berekening', 'delivery_time_calculation_query', 'De query voor het berekenen van de levertijd', 23, '', 0, 0, NULL, '', NULL, 100, 0, '{\"type\": \"mysql\"}', NULL, NULL, NULL, NULL, NULL, NULL, NULL, '\r\n\r\n', NULL, NULL, '', NULL, 0, NULL, 0, 0, 'normal', '0');