SET @customerId = ?newCustomerId;

-- ----------------------------
-- Records of wiser_roles
-- ----------------------------
INSERT INTO `wiser_roles` VALUES (1, 'Admin');

-- ----------------------------
-- Records of system_tablechanges
-- ----------------------------
INSERT INTO `system_tablechanges` VALUES (1, 'dev_commit', NOW());
INSERT INTO `system_tablechanges` VALUES (2, 'dev_commit_item', NOW());
INSERT INTO `system_tablechanges` VALUES (3, 'dev_history', NOW());
INSERT INTO `system_tablechanges` VALUES (4, 'dev_template_live', NOW());
INSERT INTO `system_tablechanges` VALUES (5, 'easy_dynamiccontent', NOW());
INSERT INTO `system_tablechanges` VALUES (6, 'easy_items', NOW());
INSERT INTO `system_tablechanges` VALUES (7, 'easy_objects', NOW());
INSERT INTO `system_tablechanges` VALUES (8, 'objecttypes', NOW());
INSERT INTO `system_tablechanges` VALUES (9, 'wiser_user_roles', NOW());
INSERT INTO `system_tablechanges` VALUES (10, 'wiser_entityproperty', NOW());
INSERT INTO `system_tablechanges` VALUES (11, 'wiser_permission', NOW());
INSERT INTO `system_tablechanges` VALUES (12, 'wiser_link', NOW());
INSERT INTO `system_tablechanges` VALUES (13, 'wiser_entity', NOW());
INSERT INTO `system_tablechanges` VALUES (14, 'wiser_query', NOW());
INSERT INTO `system_tablechanges` VALUES (15, 'wiser_data_selector', NOW());
INSERT INTO `system_tablechanges` VALUES (16, 'wiser_login_attempts', NOW());
INSERT INTO `system_tablechanges` VALUES (17, 'wiser_user_auth_token', NOW());
INSERT INTO `system_tablechanges` VALUES (18, 'wiser_module', NOW());
INSERT INTO `system_tablechanges` VALUES (19, 'wiser_ordering', NOW());
INSERT INTO `system_tablechanges` VALUES (20, 'easy_templates', NOW());
INSERT INTO `system_tablechanges` VALUES (21, 'wiser_itemfile', NOW());
INSERT INTO `system_tablechanges` VALUES (22, 'easy_seo', NOW());
INSERT INTO `system_tablechanges` VALUES (23, 'wiser_communication', NOW());
INSERT INTO `system_tablechanges` VALUES (24, 'wiser_communication_generated', NOW());
INSERT INTO `system_tablechanges` VALUES (25, 'wiser_import', NOW());
INSERT INTO `system_tablechanges` VALUES (26, 'wiser_import_log', NOW());
INSERT INTO `system_tablechanges` VALUES (27, 'wiser_item_archive', NOW());
INSERT INTO `system_tablechanges` VALUES (28, 'wiser_itemdetail_archive', NOW());
INSERT INTO `system_tablechanges` VALUES (29, 'wiser_itemfile_archive', NOW());
INSERT INTO `system_tablechanges` VALUES (30, 'wiser_itemlink_archive', NOW());
INSERT INTO `system_tablechanges` VALUES (31, 'wiser_itemlinkdetail_archive', NOW());

-- ----------------------------
-- Records of easy_items
-- ----------------------------
INSERT INTO `easy_items` VALUES (1, @customerId, 143, 'CSS', 1, 0, 0, 0, 1, 1, 'css', NOW(), 0, 0, NULL, 0, NULL, 'Systeem', NULL, 0);
INSERT INTO `easy_items` VALUES (5, @customerId, 143, 'SCSS', 1, 0, 1, 0, 1, 1, 'scss', NOW(), 0, 0, NULL, 0, NULL, 'Systeem', NULL, 0);
INSERT INTO `easy_items` VALUES (2, @customerId, 143, 'HTML', 1, 0, 2, 0, 1, 1, 'html', NOW(), 0, 0, NULL, 0, NULL, 'Systeem', NULL, 0);
INSERT INTO `easy_items` VALUES (3, @customerId, 143, 'QUERY', 1, 0, 3, 0, 1, 1, 'query', NOW(), 0, 0, NULL, 0, NULL, 'Systeem', NULL, 0);
INSERT INTO `easy_items` VALUES (4, @customerId, 143, 'SCRIPTS', 1, 0, 4, 0, 1, 1, 'scripts', NOW(), 0, 0, NULL, 0, NULL, 'Systeem', NULL, 0);

-- ----------------------------
-- Records of easy_objects
-- ----------------------------
INSERT IGNORE INTO `easy_objects` (typenr, `key`, `value`) VALUES (-1,'autoredirectmaindomain','true');
INSERT IGNORE INTO `easy_objects` (typenr, `key`, `value`) VALUES (-1,'requiressl','true');
INSERT IGNORE INTO `easy_objects` (typenr, `key`, `value`) VALUES (-1,'seomodule','true');
INSERT IGNORE INTO `easy_objects` (typenr, `key`, `value`) VALUES (-1,'redirectRequiresTrailingSlash','true');
INSERT IGNORE INTO `easy_objects` (typenr, `key`, `value`) VALUES (-1,'redirectRequiresLowerCase','true');
INSERT IGNORE INTO `easy_objects` (typenr, `key`, `value`) VALUES (-1,'seo_dont_use_meta_keywords','true');
INSERT IGNORE INTO `easy_objects` (typenr, `key`, `value`) VALUES (-1,'searchSystemObjectsFromSpecificToGeneral','true');
INSERT IGNORE INTO `easy_objects` (typenr, `key`, `value`) VALUES (-1,'fixed_url_active','false');
INSERT IGNORE INTO `easy_objects` (typenr, `key`, `value`) VALUES (-1,'multilanguage','false');
INSERT IGNORE INTO `easy_objects` (typenr, `key`, `value`) VALUES (-1,'global_meta_title_suffix','{siteName}');
INSERT IGNORE INTO `easy_objects` (typenr, `key`, `value`) VALUES (-1,'maindomain_wiser','{hostLive}');
INSERT IGNORE INTO `easy_objects` (typenr, `key`, `value`) VALUES (-1,'maindomain','{hostLive}');
INSERT IGNORE INTO `easy_objects` (typenr, `key`, `value`) VALUES (-1,'IsTestDomain_{hostTest}','true');
INSERT IGNORE INTO `easy_objects` (typenr, `key`, `value`) VALUES (-1,'minify_html','true');
INSERT IGNORE INTO `easy_objects` (typenr, `key`, `value`) VALUES (-1,'javascriptmovetobottom','true');
INSERT IGNORE INTO `easy_objects` (typenr, `key`, `value`) VALUES (-1,'wiser_save_images_relative','true');
INSERT IGNORE INTO `easy_objects` (typenr, `key`, `value`) VALUES (-1,'W2CHECKOUT_AddOrderIdsToPspSuccessUrl_nopsp','true');
INSERT IGNORE INTO `easy_objects` (typenr, `key`, `value`) VALUES (-1,'TrackJSEnable','true');
INSERT IGNORE INTO `easy_objects` (typenr, `key`, `value`) VALUES (-1,'always_add_canonical_to_self','true');
INSERT IGNORE INTO `easy_objects` (typenr, `key`, `value`) VALUES (-1,'include_parameters_canonical','pagenr');
INSERT IGNORE INTO `easy_objects` (typenr, `key`, `value`) VALUES (-1,'canonical_path_end','/filter/');
INSERT IGNORE INTO `easy_objects` (typenr, `key`, `value`) VALUES (-1,'robotstxt','User-agent: *\r\nAllow: /\r\nDisallow: /checkout/*\r\nDisallow: /account/\r\nDisallow: /winkelmandje/\r\nSitemap: <sitemap url>');
INSERT IGNORE INTO `easy_objects` (typenr, `key`, `value`) VALUES (-1,'IsWiser2CustomerWithoutRemovedColumn','true');
INSERT IGNORE INTO `easy_objects` (typenr, `key`, `value`) VALUES (-1,'W2ImagesRootId','3');
INSERT IGNORE INTO `easy_objects` (typenr, `key`, `value`) VALUES (-1,'W2FilesRootId','4');
INSERT IGNORE INTO `easy_objects` (typenr, `key`, `value`) VALUES (-1,'W2TemplatesRootId','5');

-- ----------------------------
-- Records of easy_files
-- ----------------------------
INSERT IGNORE INTO `easy_files` (ItemId, Name, IsDirectory) VALUES (1, 'images', 1);
INSERT IGNORE INTO `easy_files` (ItemId, Name, IsDirectory) VALUES (2, 'documents', 1);
INSERT IGNORE INTO `easy_files` (ItemId, Name, IsDirectory) VALUES (3, 'templates', 1);
INSERT IGNORE INTO `easy_files` (ItemId, Name, IsDirectory) VALUES (4, 'flash', 1);
INSERT IGNORE INTO `easy_files` (ItemId, Name, IsDirectory) VALUES (5, 'media', 1);

-- ----------------------------
-- Records of wiser_module
-- ----------------------------
# Wiser users.
INSERT INTO `wiser_module`(`id`, `name`, `icon`, `custom_query`, `count_query`, `options`, `group`) VALUES (806, 'Gebruikers - Wiser', 'users', '# Wiser users\r\nSELECT \r\n    ilc1.id AS id,\r\n    ilc1.id AS `encrypted_id_encrypt_withdate`,\r\n    ilc1.title AS title_wiseruser,\r\n    ilc1.entity_type,\r\n    \r\n    idv_email.value AS email_wiseruser,\r\n    idv_username.value AS username_wiseruser\r\nFROM wiser_item ilc1\r\n[if({email_wiseruser}=)]LEFT[endif] JOIN wiser_itemdetail `idv_email` ON `idv_email`.item_id=ilc1.id AND `idv_email`.`key`=\'email_address\' [if({email_wiseruser}!)]AND `idv_email`.`value` LIKE \'{email_wiseruser}%\'[endif]\r\n[if({username_wiseruser}=)]LEFT[endif] JOIN wiser_itemdetail `idv_username` ON `idv_username`.item_id=ilc1.id AND `idv_username`.`key`=\'username\' [if({username_wiseruser}!)]AND `idv_username`.`value` LIKE \'{username_wiseruser}%\'[endif]\r\n\r\nWHERE ilc1.entity_type=\'wiseruser\'\r\n[if({title_wiseruser}!)]AND ilc1.title {title_wiseruser_filter}[endif]\r\n[if({id}!)]AND ilc1.id = {id}[endif]\r\n{sort}\r\n{limit}', '#CRM module\r\nSELECT COUNT(*)\r\nFROM wiser_item ilc1\r\n[if({email_wiseruser}!)] JOIN wiser_itemdetail `idv_email` ON `idv_email`.item_id=ilc1.id AND `idv_email`.`key`=\'email_address\' AND `idv_email`.`value` LIKE \'{email_wiseruser}%\'[endif]\r\n[if({username_wiseruser}!)]JOIN wiser_itemdetail `idv_username` ON `idv_username`.item_id=ilc1.id AND `idv_username`.`key`=\'username\' AND `idv_username`.`value` LIKE \'{username_wiseruser}%\'[endif]\r\n\r\nWHERE ilc1.entity_type=\'wiseruser\'\r\n[if({title_wiseruser}!)]AND ilc1.title {title_wiseruser_filter}[endif]\r\n[if({id}!)]AND ilc1.id = {id}[endif]\r\n{sort}\r\n{limit}', '{\r\n	\"gridViewMode\": true,\r\n	\"gridViewSettings\": {\r\n		\"pageSize\": 100,\r\n		\"columns\": [\r\n			{ \"field\": \"id\", \"title\": \"ID\" },\r\n			{ \"field\": \"title_wiseruser\", \"title\": \"Naam\" },\r\n			{ \"field\": \"username_wiseruser\", \"title\": \"Gebruikersnaam\" },\r\n			{ \"field\": \"email_wiseruser\", \"title\": \"E-mailadres\" }\r\n		]\r\n	}\r\n}', 'Instellingen');
# Webpages.
INSERT INTO `wiser_module`(`id`, `name`, `icon`, `custom_query`, `count_query`, `options`, `group`) VALUES (5505, 'Webpagina\'s', 'document-web', NULL, NULL, NULL, 'Contentbeheer');
# Task alerts.
INSERT INTO `wiser_module`(`id`, `name`, `icon`, `custom_query`, `count_query`, `options`) VALUES (708, 'Agendering', 'date', NULL, NULL, NULL);
# Import history.
INSERT INTO `wiser_module` (`id`, `custom_query`, `count_query`, `options`, `name`, `icon`, `color`, `type`, `group`) VALUES (5524, 'SELECT\r\n	x.*,\r\n	permission.*\r\nFROM (\r\n	SELECT\r\n		`import`.id,\r\n		`import`.`name`,\r\n		`import`.start_on,\r\n		`import`.started_on,\r\n		`import`.finished_on,\r\n		`import`.success,\r\n		JSON_LENGTH(`import`.`data`) AS amount_of_items,\r\n		SUM(JSON_LENGTH(jsonTable.links)) AS amount_of_links,\r\n		SUM(JSON_LENGTH(jsonTable.files)) AS amount_of_files,\r\n		TIMEDIFF(`import`.finished_on, `import`.started_on) AS time_taken,\r\n		`import`.errors,\r\n		`import`.user_id\r\n	FROM wiser_import AS `import`,\r\n	JSON_TABLE(`import`.`data`, \r\n		\"$[*]\"\r\n		COLUMNS(\r\n			rowid FOR ORDINALITY,\r\n			links JSON PATH \"$.Links\" DEFAULT \'[]\' ON EMPTY,\r\n			files JSON PATH \"$.Files\" DEFAULT \'[]\' ON EMPTY\r\n		)\r\n	) AS jsonTable\r\n	GROUP BY `import`.id\r\n	ORDER BY start_on DESC\r\n) AS x\r\nLEFT JOIN wiser_user_roles AS userRole ON userRole.user_id = ?userId\r\nLEFT JOIN wiser_permission AS permission ON permission.role_id = userRole.role_id AND permission.module_id = ?id\r\nWHERE permission.permissions IS NULL OR permission.permissions & 4 = 4 OR x.user_id = ?userId\r\nGROUP BY x.id', 'SELECT COUNT(*) FROM wiser_import', '{\r\n    \"gridViewMode\": true,\r\n    \"gridViewSettings\": {\r\n        \"pageSize\": 100,\r\n        \"hideCommandColumn\": true,\r\n        \"toolbar\": {\r\n            \"hideExportButton\": true,\r\n			\"hideCreateButton\": true\r\n        },\r\n		\"disableOpeningOfItems\": true,\r\n        \"columns\": [{\r\n                \"field\": \"name\",\r\n                \"title\": \"Naam\"\r\n            }, {\r\n                \"field\": \"start_on\",\r\n                \"title\": \"Gekozen startdatumtijd\",\r\n				\"format\": \"{0:dd-MM-yyyy HH:mm:ss}\"\r\n            }, {\r\n                \"field\": \"started_on\",\r\n                \"title\": \"Begonnen om\",\r\n				\"format\": \"{0:dd-MM-yyyy HH:mm:ss}\"\r\n            }, {\r\n                \"field\": \"finished_on\",\r\n                \"title\": \"Afgerond om\",\r\n				\"format\": \"{0:dd-MM-yyyy HH:mm:ss}\"\r\n            }, {\r\n                \"field\": \"success\",\r\n                \"title\": \"gelukt\",\r\n				\"template\": \"<span class=\'k-icon k-i-#:(success ? \\\"check k-syntax-str\\\" : \\\"cancel k-syntax-error\\\")#\'></span>\"\r\n            }, {\r\n                \"field\": \"amount_of_items\",\r\n                \"title\": \"Aantal items\"\r\n            }, {\r\n                \"field\": \"amount_of_links\",\r\n                \"title\": \"Aantal koppelingen\"\r\n            }, {\r\n                \"field\": \"amount_of_files\",\r\n                \"title\": \"Aantal bestanden\"\r\n            }, {\r\n                \"field\": \"time_taken\",\r\n                \"title\": \"Duur\"\r\n            },\r\n			{\r\n                \"title\": \"Fouten\",\r\n                \"encoded\": false,\r\n				\"template\": \"# if(!errors) { # Geen fouten # } else { # <a class=\'k-button k-grid-settings\' onclick=\'var kendoWindow = $(`<div id=\\\"importErrorLogsPopup\\\">`).kendoWindow({ width: \\\"600px\\\", title: \\\"Fouten\\\", content: { template: \\\"<iframe frameborder=0 class=iframe width=100% height=100% />\\\" }}).data(\\\"kendoWindow\\\"); kendoWindow.center().open(); var iframe = kendoWindow.element.find(\\\"iframe\\\")[0]; iframe = iframe.contentWindow || (iframe.contentDocument.document || iframe.contentDocument); iframe.document.open(); iframe.document.write(\\\"<pre>\\\" + dynamicItems.grids.mainGrid.dataItem(this.closest(\\\"tr\\\")).errors + \\\"</pre>\\\"); iframe.document.close();\'>Fouten bekijken <span class=\'k-icon k-i-hyperlink-open\'></span></a> # } #\"\r\n            }\r\n        ]\r\n    }\r\n}\r\n', 'Importhistorie', 'database', NULL, 'DynamicItems', 'Contentbeheer');
# Redirect
INSERT INTO `wiser_module` (`id`, `custom_query`, `count_query`, `options`, `name`, `icon`, `color`, `type`) VALUES (5534, 'SELECT\r\n	redirect.id,\r\n	redirect.id AS `encrypted_id_encrypt_withdate`,\r\n	redirect.entity_type,\r\n	oldurl.`value` AS oldurl,\r\n	newurl.`value` AS newurl,\r\n	permanent.`value` AS permanent,\r\n	ordering.`value` AS ordering\r\nFROM wiser_item redirect\r\n[if({oldurl}=)]LEFT[endif] JOIN wiser_itemdetail oldurl ON oldurl.item_id=redirect.id AND oldurl.`key`=\'oldurl\' [if({oldurl}!)]AND oldurl.`value` {oldurl_filter}[endif]\r\n[if({newurl}=)]LEFT[endif] JOIN wiser_itemdetail newurl ON newurl.item_id=redirect.id AND newurl.`key`=\'newurl\' [if({newurl}!)]AND newurl.`value` {newurl_filter}[endif]\r\n[if({permanent}=)]LEFT[endif] JOIN wiser_itemdetail permanent ON permanent.item_id=redirect.id AND permanent.`key`=\'permanent\' [if({permanent}!)]AND permanent.`value` {permanent_filter}[endif]\r\n[if({ordering}=)]LEFT[endif] JOIN wiser_itemdetail ordering ON ordering.item_id=redirect.id AND ordering.`key`=\'ordering\' [if({ordering}!)]AND ordering.`value` {ordering_filter}[endif]\r\nWHERE redirect.entity_type=\'redirect\'', 'SELECT COUNT(*)\r\nFROM wiser_item redirect\r\n[if({oldurl}!)]JOIN wiser_itemdetail oldurl ON oldurl.item_id=redirect.id AND oldurl.`key`=\'oldurl\' AND oldurl.`value` {oldurl_filter}[endif]\r\n[if({newurl}!)]JOIN wiser_itemdetail newurl ON newurl.item_id=redirect.id AND newurl.`key`=\'newurl\' AND newurl.`value` {newurl_filter}[endif]\r\n[if({permanent}!)]JOIN wiser_itemdetail permanent ON permanent.item_id=redirect.id AND permanent.`key`=\'permanent\' AND permanent.`value` {permanent_filter}[endif]\r\n[if({ordering}!)]JOIN wiser_itemdetail ordering ON ordering.item_id=redirect.id AND ordering.`key`=\'ordering\' AND ordering.`value` {ordering_filter}[endif]\r\nWHERE redirect.entity_type=\'redirect\'', '{\r\n    \"gridViewMode\": true,\r\n    \"gridViewSettings\": {\r\n			\"skipNameForNewItems\": true,\r\n			\"showDeleteButton\": true,\r\n			\"pageSize\": 100,\r\n			\"hideCommandColumn\": false,\r\n			\"toolbar\": {\r\n					\"hideExportButton\": false,\r\n					\"hideCreateButton\": false\r\n			},\r\n			\"disableOpeningOfItems\": false,\r\n			\"columns\": [\r\n				{ \"field\": \"oldurl\", \"title\": \"Oude URL\" },\r\n				{ \"field\": \"newurl\", \"title\": \"Nieuwe URL\" },\r\n				{ \"field\": \"permanent\", \"title\": \"Permanent\" },\r\n				{ \"field\": \"ordering\", \"title\": \"Volgnummer\" }\r\n			]\r\n    }\r\n}', 'Redirect', 'reset', NULL, 'DynamicItems');
# Admin.
INSERT INTO `wiser_module`(`id`, `name`, `icon`, `type`, `group`) VALUES (737, 'Wiser beheer', 'database', 'Admin', 'Instellingen');
# Stamgegevens
INSERT INTO `wiser_module`(`id`, `name`, `icon`, `type`, `group`) VALUES (700, 'Stamgegevens', 'controls', 'DynamicItems', 'Instellingen');


-- ----------------------------
-- Records of wiser_entity
-- ----------------------------
# Wiser users.
INSERT INTO `wiser_entity`(`id`, `name`, `module_id`, `accepted_childtypes`, `icon`, `icon_add`, `show_in_tree_view`, `query_after_insert`, `query_after_update`, `query_before_update`, `query_before_delete`, `color`, `show_in_search`, `show_overview_tab`, `save_title_as_seo`, `api_after_insert`, `api_after_update`, `api_before_update`, `api_before_delete`) VALUES (NULL, 'wiseruser', 806, '', '', '', 1, NULL, NULL, NULL, NULL, 'blue', 1, 1, 0, NULL, NULL, NULL, NULL);
INSERT INTO `wiser_entity`(`id`, `name`, `module_id`, `accepted_childtypes`, `icon`, `icon_add`, `show_in_tree_view`, `query_after_insert`, `query_after_update`, `query_before_update`, `query_before_delete`, `color`, `show_in_search`, `show_overview_tab`, `save_title_as_seo`, `api_after_insert`, `api_after_update`, `api_before_update`, `api_before_delete`) VALUES (NULL, '', 806, 'wiseruser', '', '', 1, NULL, NULL, NULL, NULL, 'blue', 1, 1, 0, NULL, NULL, NULL, NULL);
# Webpages.
INSERT INTO `wiser_entity`(`name`, `module_id`, `accepted_childtypes`, `icon`, `icon_add`) VALUES ('', 5505, 'map', '', '');
INSERT INTO `wiser_entity`(`name`, `module_id`, `accepted_childtypes`, `icon`, `icon_add`, `save_title_as_seo`) VALUES ('map', 5505, 'webpagina,map', 'icon-folder', 'icon-folder-add', 1);
INSERT INTO `wiser_entity`(`name`, `module_id`, `accepted_childtypes`, `icon`, `icon_add`, `save_title_as_seo`) VALUES ('webpagina', 5505, '', '', '', 1);
# Task alerts.
INSERT INTO `wiser_entity`(`name`, `module_id`, `accepted_childtypes`, `icon`, `icon_add`) VALUES ('agendering', 708, '', '', '');
# SEO.
INSERT INTO `wiser_entity`(`name`, `module_id`, `accepted_childtypes`, `icon`, `icon_add`) VALUES ('', 5533, 'seo,map', '', '');
INSERT INTO `wiser_entity`(`name`, `module_id`, `accepted_childtypes`, `icon`, `icon_add`) VALUES ('map', 5533, 'seo,map', 'icon-folder', 'icon-folder-add');
INSERT INTO `wiser_entity`(`name`, `module_id`, `accepted_childtypes`, `icon`, `icon_add`) VALUES ('seo', 5533, '', '', '');
# Redirect
INSERT INTO `wiser_entity`(`name`, `module_id`, `accepted_childtypes`, `icon`, `icon_add`) VALUES ('', 5534, 'redirect', '', '');
INSERT INTO `wiser_entity`(`name`, `module_id`, `accepted_childtypes`, `icon`, `icon_add`) VALUES ('redirect', 5534, '', 'reset', '');
# Image uploader
INSERT INTO `wiser_entity`(`name`, `module_id`, `accepted_childtypes`, `icon`, `icon_add`) VALUES ('', 5531, 'filedirectory', '', '');
INSERT INTO `wiser_entity`(`name`, `module_id`, `accepted_childtypes`, `icon`, `icon_add`) VALUES ('filedirectory', 5531, 'filedirectory', '', '');
# Stamgegevens
INSERT INTO `wiser_entity`(`name`, `module_id`, `accepted_childtypes`, `icon`, `icon_add`) VALUES ('', 700, 'map', '', '');
INSERT INTO `wiser_entity`(`name`, `module_id`, `accepted_childtypes`, `icon`, `icon_add`, `icon_expanded`) VALUES ('map', 700, 'map,template,ftp_configuration,content-builder-snippet,shippingcost,deliverymethod,paymentmethod,mailtemplate,language,filter,vatrate,vatrule,country,dataselector-template', 'icon-folder-closed', 'icon-folder-add', 'icon-folder');
INSERT INTO `wiser_entity`(`name`, `module_id`, `accepted_childtypes`, `icon`, `icon_add`) VALUES ('template', 700, '', 'icon-document', 'icon-document-add');
# FTP
INSERT INTO `wiser_entity`(`name`, `module_id`, `accepted_childtypes`, `icon`, `icon_add`) VALUES ('ftp_configuration', 700, '', 'icon-cloud-up', 'icon-cloud-up');
# Content builder
INSERT INTO `wiser_entity`(`name`, `module_id`, `accepted_childtypes`, `icon`, `icon_add`) VALUES ('content-builder-snippet', 700, '', 'icon-document-exam', 'icon-document-add');
# Data Selector
INSERT INTO `wiser_entity`(`name`, `module_id`, `accepted_childtypes`, `icon`, `icon_add`) VALUES ('dataselector-template', 700, '', 'icon-document-exam', 'icon-document-add');


-- ----------------------------
-- Records of wiser_query
-- ----------------------------
# Wiser users.
INSERT INTO `wiser_query` (`id`, `description`, `query`) VALUES (1, 'Rol toevoegen aan gebruiker', 'INSERT INTO wiser_user_roles (user_id, role_id) VALUES ({itemId}, {role_id})');
INSERT INTO `wiser_query` (`id`, `description`, `query`) VALUES (2, 'Alle rollen ophalen', 'SELECT \r\n	role.id AS role_id,\r\n	role.role_name AS role_name\r\nFROM wiser_roles role');
# Templates
INSERT INTO `wiser_query` (`id`, `description`, `query`) VALUES (3, 'Standaardwaarde testknop', 'SELECT 2 AS value, \'{itemId}\' AS id, \'{test2}\' AS test2');

-- ----------------------------
-- Records of wiser_entityproperty
-- ----------------------------
# Wiser users
INSERT INTO `wiser_entityproperty` (`id`, `module_id`, `entity_name`, `link_type`, `visible_in_overview`, `overview_fieldtype`, `overview_width`, `tab_name`, `group_name`, `inputtype`, `display_name`, `property_name`, `explanation`, `ordering`, `regex_validation`, `mandatory`, `readonly`, `default_value`, `automation`, `css`, `width`, `height`, `options`, `data_query`, `action_query`, `search_query`, `search_count_query`, `grid_delete_query`, `grid_insert_query`, `grid_update_query`, `depends_on_field`, `depends_on_operator`, `depends_on_value`, `language_code`, `custom_script`, `also_save_seo_value`, `depends_on_action`, `save_on_change`, `extended_explanation`, `label_style`, `label_width`) VALUES (1, 0, 'wiseruser', 0, 1, '', 100, '', '', 'input', 'E-mailadres', 'email_address', NULL, 2, '', 0, 0, NULL, '', NULL, 50, 0, NULL, NULL, NULL, NULL, NULL, NULL, NULL, NULL, NULL, NULL, NULL, '', NULL, 0, NULL, 0, 0, 'normal', '0');
INSERT INTO `wiser_entityproperty` (`id`, `module_id`, `entity_name`, `link_type`, `visible_in_overview`, `overview_fieldtype`, `overview_width`, `tab_name`, `group_name`, `inputtype`, `display_name`, `property_name`, `explanation`, `ordering`, `regex_validation`, `mandatory`, `readonly`, `default_value`, `automation`, `css`, `width`, `height`, `options`, `data_query`, `action_query`, `search_query`, `search_count_query`, `grid_delete_query`, `grid_insert_query`, `grid_update_query`, `depends_on_field`, `depends_on_operator`, `depends_on_value`, `language_code`, `custom_script`, `also_save_seo_value`, `depends_on_action`, `save_on_change`, `extended_explanation`, `label_style`, `label_width`) VALUES (2, 0, 'wiseruser', 0, 1, '', 100, '', '', 'checkbox', 'Gebruiker moet na inloggen wachtwoord wijzigen', 'require_password_change', NULL, 4, '', 0, 0, '1', '', NULL, 0, 0, NULL, NULL, NULL, NULL, NULL, NULL, NULL, NULL, NULL, NULL, NULL, '', NULL, 0, NULL, 0, 0, 'normal', '0');
INSERT INTO `wiser_entityproperty` (`id`, `module_id`, `entity_name`, `link_type`, `visible_in_overview`, `overview_fieldtype`, `overview_width`, `tab_name`, `group_name`, `inputtype`, `display_name`, `property_name`, `explanation`, `ordering`, `regex_validation`, `mandatory`, `readonly`, `default_value`, `automation`, `css`, `width`, `height`, `options`, `data_query`, `action_query`, `search_query`, `search_count_query`, `grid_delete_query`, `grid_insert_query`, `grid_update_query`, `depends_on_field`, `depends_on_operator`, `depends_on_value`, `language_code`, `custom_script`, `also_save_seo_value`, `depends_on_action`, `save_on_change`, `extended_explanation`, `label_style`, `label_width`) VALUES (3, 0, 'wiseruser', 0, 1, '', 100, '', '', 'input', 'Gebruikersnaam', 'username', NULL, 1, '', 0, 0, NULL, '', NULL, 50, 0, NULL, NULL, NULL, NULL, NULL, NULL, NULL, NULL, NULL, NULL, NULL, '', NULL, 0, NULL, 0, 0, 'normal', '0');
INSERT INTO `wiser_entityproperty` (`id`, `module_id`, `entity_name`, `link_type`, `visible_in_overview`, `overview_fieldtype`, `overview_width`, `tab_name`, `group_name`, `inputtype`, `display_name`, `property_name`, `explanation`, `ordering`, `regex_validation`, `mandatory`, `readonly`, `default_value`, `automation`, `css`, `width`, `height`, `options`, `data_query`, `action_query`, `search_query`, `search_count_query`, `grid_delete_query`, `grid_insert_query`, `grid_update_query`, `depends_on_field`, `depends_on_operator`, `depends_on_value`, `language_code`, `custom_script`, `also_save_seo_value`, `depends_on_action`, `save_on_change`, `extended_explanation`, `label_style`, `label_width`) VALUES (4, 0, 'wiseruser', 0, 0, '', 100, '', '', 'sub-entities-grid', 'Rollen', 'roles', NULL, 5, '', 0, 0, NULL, '', NULL, 0, 0, '{\n	\"customQuery\": true,\n	\"hideCommandColumn\": false,\n	\"toolbar\": {\n		\"hideExportButton\": true,\n		\"hideCreateButton\": true,\n		\"hideLinkButton\": true,\n		\"customActions\": [\n			{\n				\"text\": \"Rol toevoegen\",\n				\"icon\": \"add\",\n				\"allowNoSelection\": true,\n				\"actions\": [\n                    {\n                        \"type\": \"executeQuery\",\n                        \"queryId\": 1,\n                        \"userParameters\": [\n                            {\n                                \"name\": \"role_id\",\n                                \"question\": \"Kies een rol\",\n                                \"fieldType\": \"comboBox\",\n                                \"queryId\": 2,\n                                \"dataTextField\": \"role_name\",\n                                \"dataValueField\": \"role_id\"\n                            }\n                        ]\n                    }\n				]\n			}\n		]\n	},\n	\"checkboxes\": false,\n	\"disableOpeningOfItems\": true,\n	\"disableInlineEditing\": true,\n	\"hasCustomInsertQuery\": true,\n	\"hasCustomUpdateQuery\": true,\n	\"hasCustomDeleteQuery\": true,\n	\"refreshGridAfterInlineEdit\": true,\n	\"editable\": \"popup\",\n	\"columns\": [\n		{\n			\"field\": \"role_id\",\n			\"title\": \"Rol\",\n			\"template\": \"#: role_name #\",\n			\"editor\": \"kendoDropDownList\",\n			\"dataQuery\": \"SELECT 0 AS value, \'Niet gevuld\' AS text UNION SELECT * FROM (SELECT id AS value, role_name AS text FROM wiser_roles ORDER BY role_name ASC) x\"\n		}\n	]\n}', 'SELECT \n	user_role.id,\n	user_role.role_id AS role_id,\n	IFNULL(role.role_name, \'\') AS role_name\nFROM wiser_user_roles user_role \nLEFT JOIN wiser_roles role ON role.id = user_role.role_id\nWHERE user_role.user_id = {itemId}', NULL, NULL, NULL, 'DELETE FROM wiser_user_roles WHERE user_id = {itemId} AND id = ?id', NULL, 'UPDATE wiser_user_roles SET role_id = ?role_id WHERE user_id = {itemId} AND id = ?id', NULL, NULL, NULL, '', NULL, 0, NULL, 0, 0, 'normal', '0');
INSERT INTO `wiser_entityproperty` (`id`, `module_id`, `entity_name`, `link_type`, `visible_in_overview`, `overview_fieldtype`, `overview_width`, `tab_name`, `group_name`, `inputtype`, `display_name`, `property_name`, `explanation`, `ordering`, `regex_validation`, `mandatory`, `readonly`, `default_value`, `automation`, `css`, `width`, `height`, `options`, `data_query`, `action_query`, `search_query`, `search_count_query`, `grid_delete_query`, `grid_insert_query`, `grid_update_query`, `depends_on_field`, `depends_on_operator`, `depends_on_value`, `language_code`, `custom_script`, `also_save_seo_value`, `depends_on_action`, `save_on_change`, `extended_explanation`, `label_style`, `label_width`) VALUES (5, 0, 'wiseruser', 0, 0, '', 100, '', '', 'secure-input', 'Wachtwoord', 'password', NULL, 3, '', 0, 0, NULL, '', NULL, 0, 0, '{ \"type\": \"password\", \"securityMethod\": \"JCL_SHA512\" }', NULL, NULL, NULL, NULL, NULL, NULL, NULL, NULL, NULL, NULL, '', NULL, 0, NULL, 0, 0, 'normal', '0');
# Web pages
INSERT INTO `wiser_entityproperty` (`id`, `module_id`, `entity_name`, `link_type`, `visible_in_overview`, `overview_fieldtype`, `overview_width`, `tab_name`, `group_name`, `inputtype`, `display_name`, `property_name`, `explanation`, `ordering`, `regex_validation`, `mandatory`, `readonly`, `default_value`, `automation`, `css`, `width`, `height`, `options`, `data_query`, `action_query`, `search_query`, `search_count_query`, `grid_delete_query`, `grid_insert_query`, `grid_update_query`, `depends_on_field`, `depends_on_operator`, `depends_on_value`, `language_code`, `custom_script`, `also_save_seo_value`, `depends_on_action`, `save_on_change`, `extended_explanation`, `label_style`, `label_width`) VALUES (6, 0, 'webpagina', 0, 0, '', 100, 'NL', '', 'HTMLeditor', 'HTML', 'html', NULL, 10, '', 0, 0, NULL, '', '', 100, 800, NULL, NULL, NULL, NULL, NULL, NULL, NULL, NULL, NULL, NULL, NULL, 'nl', NULL, 0, NULL, 0, 0, 'normal', '0');
INSERT INTO `wiser_entityproperty` (`id`, `module_id`, `entity_name`, `link_type`, `visible_in_overview`, `overview_fieldtype`, `overview_width`, `tab_name`, `group_name`, `inputtype`, `display_name`, `property_name`, `explanation`, `ordering`, `regex_validation`, `mandatory`, `readonly`, `default_value`, `automation`, `css`, `width`, `height`, `options`, `data_query`, `action_query`, `search_query`, `search_count_query`, `grid_delete_query`, `grid_insert_query`, `grid_update_query`, `depends_on_field`, `depends_on_operator`, `depends_on_value`, `language_code`, `custom_script`, `also_save_seo_value`, `depends_on_action`, `save_on_change`, `extended_explanation`, `label_style`, `label_width`) VALUES (7, 0, 'webpagina', 0, 0, '', 100, 'NL', '', 'input', 'Titel', 'title', NULL, 1, '', 0, 0, NULL, '', '', 50, 0, NULL, NULL, NULL, NULL, NULL, NULL, NULL, NULL, NULL, NULL, NULL, 'nl', NULL, 0, NULL, 0, 0, 'normal', '0');
INSERT INTO `wiser_entityproperty` (`id`, `module_id`, `entity_name`, `link_type`, `visible_in_overview`, `overview_fieldtype`, `overview_width`, `tab_name`, `group_name`, `inputtype`, `display_name`, `property_name`, `explanation`, `ordering`, `regex_validation`, `mandatory`, `readonly`, `default_value`, `automation`, `css`, `width`, `height`, `options`, `data_query`, `action_query`, `search_query`, `search_count_query`, `grid_delete_query`, `grid_insert_query`, `grid_update_query`, `depends_on_field`, `depends_on_operator`, `depends_on_value`, `language_code`, `custom_script`, `also_save_seo_value`, `depends_on_action`, `save_on_change`, `extended_explanation`, `label_style`, `label_width`) VALUES (8, 0, 'webpagina', 0, 0, '', 100, 'NL', '', 'textbox', 'Omschrijving', 'description', NULL, 2, '', 0, 0, NULL, '', '', 50, 0, NULL, NULL, NULL, NULL, NULL, NULL, NULL, NULL, NULL, NULL, NULL, 'nl', NULL, 0, NULL, 0, 0, 'normal', '0');
INSERT INTO `wiser_entityproperty` (`id`, `module_id`, `entity_name`, `link_type`, `visible_in_overview`, `overview_fieldtype`, `overview_width`, `tab_name`, `group_name`, `inputtype`, `display_name`, `property_name`, `explanation`, `ordering`, `regex_validation`, `mandatory`, `readonly`, `default_value`, `automation`, `css`, `width`, `height`, `options`, `data_query`, `action_query`, `search_query`, `search_count_query`, `grid_delete_query`, `grid_insert_query`, `grid_update_query`, `depends_on_field`, `depends_on_operator`, `depends_on_value`, `language_code`, `custom_script`, `also_save_seo_value`, `depends_on_action`, `save_on_change`, `extended_explanation`, `label_style`, `label_width`) VALUES (9, 0, 'webpagina', 0, 0, '', 100, 'NL', '', 'input', 'Statische url', 'fixed_url', NULL, 2, '', 0, 0, NULL, '', '', 50, 0, NULL, NULL, NULL, NULL, NULL, NULL, NULL, NULL, NULL, NULL, NULL, 'nl', NULL, 0, NULL, 0, 0, 'normal', '0');

# Task alerts
INSERT INTO `wiser_entityproperty` (`id`, `module_id`, `entity_name`, `link_type`, `visible_in_overview`, `overview_fieldtype`, `overview_width`, `tab_name`, `group_name`, `inputtype`, `display_name`, `property_name`, `explanation`, `ordering`, `regex_validation`, `mandatory`, `readonly`, `default_value`, `automation`, `css`, `width`, `height`, `options`, `data_query`, `action_query`, `search_query`, `search_count_query`, `grid_delete_query`, `grid_insert_query`, `grid_update_query`, `depends_on_field`, `depends_on_operator`, `depends_on_value`, `language_code`, `custom_script`, `also_save_seo_value`, `depends_on_action`, `save_on_change`, `extended_explanation`, `label_style`, `label_width`) VALUES (10, 708, 'agendering', 0, 0, '', 100, '', '', 'textbox', 'Content', 'content', NULL, 1, '', 0, 0, NULL, '', NULL, 100, 100, NULL, NULL, NULL, NULL, NULL, NULL, NULL, NULL, NULL, NULL, NULL, '', NULL, 0, NULL, 0, 0, 'normal', '0');
INSERT INTO `wiser_entityproperty` (`id`, `module_id`, `entity_name`, `link_type`, `visible_in_overview`, `overview_fieldtype`, `overview_width`, `tab_name`, `group_name`, `inputtype`, `display_name`, `property_name`, `explanation`, `ordering`, `regex_validation`, `mandatory`, `readonly`, `default_value`, `automation`, `css`, `width`, `height`, `options`, `data_query`, `action_query`, `search_query`, `search_count_query`, `grid_delete_query`, `grid_insert_query`, `grid_update_query`, `depends_on_field`, `depends_on_operator`, `depends_on_value`, `language_code`, `custom_script`, `also_save_seo_value`, `depends_on_action`, `save_on_change`, `extended_explanation`, `label_style`, `label_width`) VALUES (11, 708, 'agendering', 0, 0, '', 100, '', '', 'date-time picker', 'Datum', 'agendering_date', NULL, 2, '', 0, 0, NULL, '', NULL, 0, 0, NULL, NULL, NULL, NULL, NULL, NULL, NULL, NULL, NULL, NULL, NULL, '', NULL, 0, NULL, 0, 0, 'normal', '0');
INSERT INTO `wiser_entityproperty` (`id`, `module_id`, `entity_name`, `link_type`, `visible_in_overview`, `overview_fieldtype`, `overview_width`, `tab_name`, `group_name`, `inputtype`, `display_name`, `property_name`, `explanation`, `ordering`, `regex_validation`, `mandatory`, `readonly`, `default_value`, `automation`, `css`, `width`, `height`, `options`, `data_query`, `action_query`, `search_query`, `search_count_query`, `grid_delete_query`, `grid_insert_query`, `grid_update_query`, `depends_on_field`, `depends_on_operator`, `depends_on_value`, `language_code`, `custom_script`, `also_save_seo_value`, `depends_on_action`, `save_on_change`, `extended_explanation`, `label_style`, `label_width`) VALUES (12, 708, 'agendering', 0, 0, '', 100, '', '', 'date-time picker', 'Afgevinkt op', 'checkedon', NULL, 3, '', 0, 0, NULL, '', NULL, 0, 0, NULL, NULL, NULL, NULL, NULL, NULL, NULL, NULL, NULL, NULL, NULL, '', NULL, 0, NULL, 0, 0, 'normal', '0');
INSERT INTO `wiser_entityproperty` (`id`, `module_id`, `entity_name`, `link_type`, `visible_in_overview`, `overview_fieldtype`, `overview_width`, `tab_name`, `group_name`, `inputtype`, `display_name`, `property_name`, `explanation`, `ordering`, `regex_validation`, `mandatory`, `readonly`, `default_value`, `automation`, `css`, `width`, `height`, `options`, `data_query`, `action_query`, `search_query`, `search_count_query`, `grid_delete_query`, `grid_insert_query`, `grid_update_query`, `depends_on_field`, `depends_on_operator`, `depends_on_value`, `language_code`, `custom_script`, `also_save_seo_value`, `depends_on_action`, `save_on_change`, `extended_explanation`, `label_style`, `label_width`) VALUES (13, 708, 'agendering', 0, 0, '', 100, '', '', 'combobox', 'Gebruiker', 'userid', NULL, 4, '', 0, 0, NULL, '', NULL, 0, 0, '{\r\n    \"dataSource\": \"wiserUsers\"\r\n}', NULL, NULL, NULL, NULL, NULL, NULL, NULL, NULL, NULL, NULL, '', NULL, 0, NULL, 0, 0, 'normal', '0');
INSERT INTO `wiser_entityproperty` (`id`, `module_id`, `entity_name`, `link_type`, `visible_in_overview`, `overview_fieldtype`, `overview_width`, `tab_name`, `group_name`, `inputtype`, `display_name`, `property_name`, `explanation`, `ordering`, `regex_validation`, `mandatory`, `readonly`, `default_value`, `automation`, `css`, `width`, `height`, `options`, `data_query`, `action_query`, `search_query`, `search_count_query`, `grid_delete_query`, `grid_insert_query`, `grid_update_query`, `depends_on_field`, `depends_on_operator`, `depends_on_value`, `language_code`, `custom_script`, `also_save_seo_value`, `depends_on_action`, `save_on_change`, `extended_explanation`, `label_style`, `label_width`) VALUES (14, 708, 'agendering', 0, 0, '', 100, '', '', 'input', 'Geplaatst door naam', 'placed_by', NULL, 9, '', 0, 0, NULL, '', NULL, 0, 0, NULL, NULL, NULL, NULL, NULL, NULL, NULL, NULL, NULL, NULL, NULL, '', NULL, 0, NULL, 0, 0, 'normal', '0');
INSERT INTO `wiser_entityproperty` (`id`, `module_id`, `entity_name`, `link_type`, `visible_in_overview`, `overview_fieldtype`, `overview_width`, `tab_name`, `group_name`, `inputtype`, `display_name`, `property_name`, `explanation`, `ordering`, `regex_validation`, `mandatory`, `readonly`, `default_value`, `automation`, `css`, `width`, `height`, `options`, `data_query`, `action_query`, `search_query`, `search_count_query`, `grid_delete_query`, `grid_insert_query`, `grid_update_query`, `depends_on_field`, `depends_on_operator`, `depends_on_value`, `language_code`, `custom_script`, `also_save_seo_value`, `depends_on_action`, `save_on_change`, `extended_explanation`, `label_style`, `label_width`) VALUES (15, 708, 'agendering', 0, 0, '', 100, '', '', 'input', 'Geplaatst door ID', 'placed_by_id', NULL, 10, '', 0, 0, NULL, '', NULL, 0, 0, NULL, NULL, NULL, NULL, NULL, NULL, NULL, NULL, NULL, NULL, NULL, '', NULL, 0, NULL, 0, 0, 'normal', '0');
INSERT INTO `wiser_entityproperty` (`id`, `module_id`, `entity_name`, `link_type`, `visible_in_overview`, `overview_fieldtype`, `overview_width`, `tab_name`, `group_name`, `inputtype`, `display_name`, `property_name`, `explanation`, `ordering`, `regex_validation`, `mandatory`, `readonly`, `default_value`, `automation`, `css`, `width`, `height`, `options`, `data_query`, `action_query`, `search_query`, `search_count_query`, `grid_delete_query`, `grid_insert_query`, `grid_update_query`, `depends_on_field`, `depends_on_operator`, `depends_on_value`, `language_code`, `custom_script`, `also_save_seo_value`, `depends_on_action`, `save_on_change`, `extended_explanation`, `label_style`, `label_width`) VALUES (16, 708, 'agendering', 0, 0, '', 100, '', '', 'input', 'Gekoppeld item ID', 'linked_item_id', NULL, 6, '', 0, 0, NULL, '', NULL, 0, 0, NULL, NULL, NULL, NULL, NULL, NULL, NULL, NULL, NULL, NULL, NULL, '', NULL, 0, NULL, 0, 0, 'normal', '0');
INSERT INTO `wiser_entityproperty` (`id`, `module_id`, `entity_name`, `link_type`, `visible_in_overview`, `overview_fieldtype`, `overview_width`, `tab_name`, `group_name`, `inputtype`, `display_name`, `property_name`, `explanation`, `ordering`, `regex_validation`, `mandatory`, `readonly`, `default_value`, `automation`, `css`, `width`, `height`, `options`, `data_query`, `action_query`, `search_query`, `search_count_query`, `grid_delete_query`, `grid_insert_query`, `grid_update_query`, `depends_on_field`, `depends_on_operator`, `depends_on_value`, `language_code`, `custom_script`, `also_save_seo_value`, `depends_on_action`, `save_on_change`, `extended_explanation`, `label_style`, `label_width`) VALUES (17, 708, 'agendering', 0, 0, '', 100, '', '', 'input', 'Gekoppeld item module ID', 'linked_item_module_id', NULL, 7, '', 0, 0, NULL, '', NULL, 0, 0, NULL, NULL, NULL, NULL, NULL, NULL, NULL, NULL, NULL, NULL, NULL, '', NULL, 0, NULL, 0, 0, 'normal', '0');
INSERT INTO `wiser_entityproperty` (`id`, `module_id`, `entity_name`, `link_type`, `visible_in_overview`, `overview_fieldtype`, `overview_width`, `tab_name`, `group_name`, `inputtype`, `display_name`, `property_name`, `explanation`, `ordering`, `regex_validation`, `mandatory`, `readonly`, `default_value`, `automation`, `css`, `width`, `height`, `options`, `data_query`, `action_query`, `search_query`, `search_count_query`, `grid_delete_query`, `grid_insert_query`, `grid_update_query`, `depends_on_field`, `depends_on_operator`, `depends_on_value`, `language_code`, `custom_script`, `also_save_seo_value`, `depends_on_action`, `save_on_change`, `extended_explanation`, `label_style`, `label_width`) VALUES (18, 708, 'agendering', 0, 0, '', 100, '', '', 'input', 'Gekoppeld item entiteit type', 'linked_item_entity_type', NULL, 8, '', 0, 0, NULL, '', NULL, 0, 0, NULL, NULL, NULL, NULL, NULL, NULL, NULL, NULL, NULL, NULL, NULL, '', NULL, 0, NULL, 0, 0, 'normal', '0');
INSERT INTO `wiser_entityproperty` (`id`, `module_id`, `entity_name`, `link_type`, `visible_in_overview`, `overview_fieldtype`, `overview_width`, `tab_name`, `group_name`, `inputtype`, `display_name`, `property_name`, `explanation`, `ordering`, `regex_validation`, `mandatory`, `readonly`, `default_value`, `automation`, `css`, `width`, `height`, `options`, `data_query`, `action_query`, `search_query`, `search_count_query`, `grid_delete_query`, `grid_insert_query`, `grid_update_query`, `depends_on_field`, `depends_on_operator`, `depends_on_value`, `language_code`, `custom_script`, `also_save_seo_value`, `depends_on_action`, `save_on_change`, `extended_explanation`, `label_style`, `label_width`) VALUES (19, 708, 'agendering', 0, 0, '', 100, '', '', 'combobox', 'Status', 'status', NULL, 5, '', 0, 0, NULL, '', NULL, 0, 0, '{\r\n    \"dataSource\": [\r\n        { \"name\": \"Geen status\", \"id\": \"\" },\r\n        { \"name\": \"In behandeling\", \"id\": \"in behandeling\" },\r\n        { \"name\": \"Wacht op reactie\", \"id\": \"wacht op reactie\" },\r\n        { \"name\": \"Afgerond\", \"id\": \"afgerond\" }\r\n    ]\r\n}', NULL, NULL, NULL, NULL, NULL, NULL, NULL, NULL, NULL, NULL, '', NULL, 0, NULL, 0, 0, 'normal', '0');

# SEO
INSERT INTO `wiser_entityproperty` (`id`, `module_id`, `entity_name`, `link_type`, `visible_in_overview`, `overview_fieldtype`, `overview_width`, `tab_name`, `group_name`, `inputtype`, `display_name`, `property_name`, `explanation`, `ordering`, `regex_validation`, `mandatory`, `readonly`, `default_value`, `automation`, `css`, `width`, `height`, `options`, `data_query`, `action_query`, `search_query`, `search_count_query`, `grid_delete_query`, `grid_insert_query`, `grid_update_query`, `depends_on_field`, `depends_on_operator`, `depends_on_value`, `language_code`, `custom_script`, `also_save_seo_value`, `depends_on_action`, `save_on_change`, `extended_explanation`, `label_style`, `label_width`) VALUES (20, 5533, 'seo', 0, 0, '', 100, '', '', 'input', 'URL', 'url', 'De URL van de pagina waar deze SEO informatie op getoond moet worden', 1, '', 0, 0, NULL, '', NULL, 100, 0, NULL, NULL, NULL, NULL, NULL, NULL, NULL, NULL, NULL, NULL, NULL, '', NULL, 0, NULL, 0, 0, 'normal', '0');
INSERT INTO `wiser_entityproperty` (`id`, `module_id`, `entity_name`, `link_type`, `visible_in_overview`, `overview_fieldtype`, `overview_width`, `tab_name`, `group_name`, `inputtype`, `display_name`, `property_name`, `explanation`, `ordering`, `regex_validation`, `mandatory`, `readonly`, `default_value`, `automation`, `css`, `width`, `height`, `options`, `data_query`, `action_query`, `search_query`, `search_count_query`, `grid_delete_query`, `grid_insert_query`, `grid_update_query`, `depends_on_field`, `depends_on_operator`, `depends_on_value`, `language_code`, `custom_script`, `also_save_seo_value`, `depends_on_action`, `save_on_change`, `extended_explanation`, `label_style`, `label_width`) VALUES (21, 5533, 'seo', 0, 0, '', 100, '', '', 'input', 'Titel van pagina', 'page_title', 'Dit is de titel die bezoekers in het tabblad van hun browser zien. Vul hier een korte maar duidelijke omschrijving in over de pagina.', 2, '', 0, 0, NULL, '', NULL, 100, 0, NULL, NULL, NULL, NULL, NULL, NULL, NULL, NULL, NULL, NULL, NULL, '', NULL, 0, NULL, 0, 0, 'normal', '0');
INSERT INTO `wiser_entityproperty` (`id`, `module_id`, `entity_name`, `link_type`, `visible_in_overview`, `overview_fieldtype`, `overview_width`, `tab_name`, `group_name`, `inputtype`, `display_name`, `property_name`, `explanation`, `ordering`, `regex_validation`, `mandatory`, `readonly`, `default_value`, `automation`, `css`, `width`, `height`, `options`, `data_query`, `action_query`, `search_query`, `search_count_query`, `grid_delete_query`, `grid_insert_query`, `grid_update_query`, `depends_on_field`, `depends_on_operator`, `depends_on_value`, `language_code`, `custom_script`, `also_save_seo_value`, `depends_on_action`, `save_on_change`, `extended_explanation`, `label_style`, `label_width`) VALUES (22, 5533, 'seo', 0, 0, '', 100, '', '', 'input', 'Meta title', 'meta_title', 'Een korte omschrijving over deze pagina. Dit is niet zichtbaar op de website, maar wordt gebruikt door zoekmachines.', 3, '', 0, 0, NULL, '', NULL, 100, 0, NULL, NULL, NULL, NULL, NULL, NULL, NULL, NULL, NULL, NULL, NULL, '', NULL, 0, NULL, 0, 0, 'normal', '0');
INSERT INTO `wiser_entityproperty` (`id`, `module_id`, `entity_name`, `link_type`, `visible_in_overview`, `overview_fieldtype`, `overview_width`, `tab_name`, `group_name`, `inputtype`, `display_name`, `property_name`, `explanation`, `ordering`, `regex_validation`, `mandatory`, `readonly`, `default_value`, `automation`, `css`, `width`, `height`, `options`, `data_query`, `action_query`, `search_query`, `search_count_query`, `grid_delete_query`, `grid_insert_query`, `grid_update_query`, `depends_on_field`, `depends_on_operator`, `depends_on_value`, `language_code`, `custom_script`, `also_save_seo_value`, `depends_on_action`, `save_on_change`, `extended_explanation`, `label_style`, `label_width`) VALUES (23, 5533, 'seo', 0, 0, '', 100, '', '', 'textbox', 'Meta description', 'meta_description', 'Een iets uitgebreidere omschrijving over deze pagina. Dit wordt gebruikt door zoekmachines.', 4, '', 0, 0, NULL, '', NULL, 100, 0, NULL, NULL, NULL, NULL, NULL, NULL, NULL, NULL, NULL, NULL, NULL, '', NULL, 0, NULL, 0, 0, 'normal', '0');
INSERT INTO `wiser_entityproperty` (`id`, `module_id`, `entity_name`, `link_type`, `visible_in_overview`, `overview_fieldtype`, `overview_width`, `tab_name`, `group_name`, `inputtype`, `display_name`, `property_name`, `explanation`, `ordering`, `regex_validation`, `mandatory`, `readonly`, `default_value`, `automation`, `css`, `width`, `height`, `options`, `data_query`, `action_query`, `search_query`, `search_count_query`, `grid_delete_query`, `grid_insert_query`, `grid_update_query`, `depends_on_field`, `depends_on_operator`, `depends_on_value`, `language_code`, `custom_script`, `also_save_seo_value`, `depends_on_action`, `save_on_change`, `extended_explanation`, `label_style`, `label_width`) VALUES (24, 5533, 'seo', 0, 0, '', 100, '', '', 'input', 'Canonical URL', 'canonical', 'Hiermee kan aangegeven worden dat deze pagina hetzelfde is als een andere pagina. Om te voorkomen dat de website een lagere score krijgt bij zoekmachines vanwege meerdere pagina\'s met dezelfde inhoud.', 5, '', 0, 0, NULL, '', NULL, 100, 0, NULL, NULL, NULL, NULL, NULL, NULL, NULL, NULL, NULL, NULL, NULL, '', NULL, 0, NULL, 0, 0, 'normal', '0');
INSERT INTO `wiser_entityproperty` (`id`, `module_id`, `entity_name`, `link_type`, `visible_in_overview`, `overview_fieldtype`, `overview_width`, `tab_name`, `group_name`, `inputtype`, `display_name`, `property_name`, `explanation`, `ordering`, `regex_validation`, `mandatory`, `readonly`, `default_value`, `automation`, `css`, `width`, `height`, `options`, `data_query`, `action_query`, `search_query`, `search_count_query`, `grid_delete_query`, `grid_insert_query`, `grid_update_query`, `depends_on_field`, `depends_on_operator`, `depends_on_value`, `language_code`, `custom_script`, `also_save_seo_value`, `depends_on_action`, `save_on_change`, `extended_explanation`, `label_style`, `label_width`) VALUES (25, 5533, 'seo', 0, 0, '', 100, '', '', 'checkbox', 'No index', 'no_index', 'Hiermee kan aangegeven worden dat deze pagina niet geindexeerd moet worden door zoekmachines.', 6, '', 0, 0, NULL, '', NULL, 100, 0, NULL, NULL, NULL, NULL, NULL, NULL, NULL, NULL, NULL, NULL, NULL, '', NULL, 0, NULL, 0, 0, 'normal', '0');
INSERT INTO `wiser_entityproperty` (`id`, `module_id`, `entity_name`, `link_type`, `visible_in_overview`, `overview_fieldtype`, `overview_width`, `tab_name`, `group_name`, `inputtype`, `display_name`, `property_name`, `explanation`, `ordering`, `regex_validation`, `mandatory`, `readonly`, `default_value`, `automation`, `css`, `width`, `height`, `options`, `data_query`, `action_query`, `search_query`, `search_count_query`, `grid_delete_query`, `grid_insert_query`, `grid_update_query`, `depends_on_field`, `depends_on_operator`, `depends_on_value`, `language_code`, `custom_script`, `also_save_seo_value`, `depends_on_action`, `save_on_change`, `extended_explanation`, `label_style`, `label_width`) VALUES (26, 5533, 'seo', 0, 0, '', 100, '', '', 'checkbox', 'No follow', 'no_follow', 'HIermee kan aangegeven worden dat zoekmachines eventuele links op deze pagina niet moeten volgen.', 7, '', 0, 0, NULL, '', NULL, 100, 0, NULL, NULL, NULL, NULL, NULL, NULL, NULL, NULL, NULL, NULL, NULL, '', NULL, 0, NULL, 0, 0, 'normal', '0');
INSERT INTO `wiser_entityproperty` (`id`, `module_id`, `entity_name`, `link_type`, `visible_in_overview`, `overview_fieldtype`, `overview_width`, `tab_name`, `group_name`, `inputtype`, `display_name`, `property_name`, `explanation`, `ordering`, `regex_validation`, `mandatory`, `readonly`, `default_value`, `automation`, `css`, `width`, `height`, `options`, `data_query`, `action_query`, `search_query`, `search_count_query`, `grid_delete_query`, `grid_insert_query`, `grid_update_query`, `depends_on_field`, `depends_on_operator`, `depends_on_value`, `language_code`, `custom_script`, `also_save_seo_value`, `depends_on_action`, `save_on_change`, `extended_explanation`, `label_style`, `label_width`) VALUES (27, 5533, 'seo', 0, 0, '', 100, '', '', 'HTMLeditor', 'SEO text', 'seo_text', 'Hiermee kan een tekst getoond worden op een specifieke plaats op de pagina. Dit werkt alleen indien hier rekening mee is gehouden met het onwikkelen van de website. Voor meer informatie, neem contact op met ons.', 8, '', 0, 0, NULL, '', NULL, 100, 0, NULL, NULL, NULL, NULL, NULL, NULL, NULL, NULL, NULL, NULL, NULL, '', NULL, 0, NULL, 0, 0, 'normal', '0');
INSERT INTO `wiser_entityproperty` (`id`, `module_id`, `entity_name`, `link_type`, `visible_in_overview`, `overview_fieldtype`, `overview_width`, `tab_name`, `group_name`, `inputtype`, `display_name`, `property_name`, `explanation`, `ordering`, `regex_validation`, `mandatory`, `readonly`, `default_value`, `automation`, `css`, `width`, `height`, `options`, `data_query`, `action_query`, `search_query`, `search_count_query`, `grid_delete_query`, `grid_insert_query`, `grid_update_query`, `depends_on_field`, `depends_on_operator`, `depends_on_value`, `language_code`, `custom_script`, `also_save_seo_value`, `depends_on_action`, `save_on_change`, `extended_explanation`, `label_style`, `label_width`) VALUES (28, 5533, 'seo', 0, 0, '', 100, '', '', 'input', 'H1 header', 'h1', 'Hiermee kan een H1 kop getoond worden op een specifieke plaats op de pagina. Dit werkt alleen indien hier rekening mee is gehouden met het onwikkelen van de website. Voor meer informatie, neem contact op met ons.', 9, '', 0, 0, NULL, '', NULL, 100, 0, NULL, NULL, NULL, NULL, NULL, NULL, NULL, NULL, NULL, NULL, NULL, '', NULL, 0, NULL, 0, 0, 'normal', '0');
INSERT INTO `wiser_entityproperty` (`id`, `module_id`, `entity_name`, `link_type`, `visible_in_overview`, `overview_fieldtype`, `overview_width`, `tab_name`, `group_name`, `inputtype`, `display_name`, `property_name`, `explanation`, `ordering`, `regex_validation`, `mandatory`, `readonly`, `default_value`, `automation`, `css`, `width`, `height`, `options`, `data_query`, `action_query`, `search_query`, `search_count_query`, `grid_delete_query`, `grid_insert_query`, `grid_update_query`, `depends_on_field`, `depends_on_operator`, `depends_on_value`, `language_code`, `custom_script`, `also_save_seo_value`, `depends_on_action`, `save_on_change`, `extended_explanation`, `label_style`, `label_width`) VALUES (29, 5533, 'seo', 0, 0, '', 100, '', '', 'input', 'H2 header', 'h2', 'Hiermee kan een H2 kop getoond worden op een specifieke plaats op de pagina. Dit werkt alleen indien hier rekening mee is gehouden met het onwikkelen van de website. Voor meer informatie, neem contact op met ons.', 10, '', 0, 0, NULL, '', NULL, 100, 0, NULL, NULL, NULL, NULL, NULL, NULL, NULL, NULL, NULL, NULL, NULL, '', NULL, 0, NULL, 0, 0, 'normal', '0');
INSERT INTO `wiser_entityproperty` (`id`, `module_id`, `entity_name`, `link_type`, `visible_in_overview`, `overview_fieldtype`, `overview_width`, `tab_name`, `group_name`, `inputtype`, `display_name`, `property_name`, `explanation`, `ordering`, `regex_validation`, `mandatory`, `readonly`, `default_value`, `automation`, `css`, `width`, `height`, `options`, `data_query`, `action_query`, `search_query`, `search_count_query`, `grid_delete_query`, `grid_insert_query`, `grid_update_query`, `depends_on_field`, `depends_on_operator`, `depends_on_value`, `language_code`, `custom_script`, `also_save_seo_value`, `depends_on_action`, `save_on_change`, `extended_explanation`, `label_style`, `label_width`) VALUES (30, 5533, 'seo', 0, 0, '', 100, '', '', 'input', 'H3 header', 'h3', 'Hiermee kan een H3 kop getoond worden op een specifieke plaats op de pagina. Dit werkt alleen indien hier rekening mee is gehouden met het onwikkelen van de website. Voor meer informatie, neem contact op met ons.', 11, '', 0, 0, NULL, '', NULL, 100, 0, NULL, NULL, NULL, NULL, NULL, NULL, NULL, NULL, NULL, NULL, NULL, '', NULL, 0, NULL, 0, 0, 'normal', '0');

# Redirects
INSERT INTO `wiser_entityproperty` (`id`, `module_id`, `entity_name`, `link_type`, `visible_in_overview`, `overview_fieldtype`, `overview_width`, `tab_name`, `group_name`, `inputtype`, `display_name`, `property_name`, `explanation`, `ordering`, `regex_validation`, `mandatory`, `readonly`, `default_value`, `automation`, `css`, `width`, `height`, `options`, `data_query`, `action_query`, `search_query`, `search_count_query`, `grid_delete_query`, `grid_insert_query`, `grid_update_query`, `depends_on_field`, `depends_on_operator`, `depends_on_value`, `language_code`, `custom_script`, `also_save_seo_value`, `depends_on_action`, `save_on_change`, `extended_explanation`, `label_style`, `label_width`) VALUES (31, 5534, 'redirect', 0, 0, '', 100, '', '', 'input', 'Oude URL', 'oldurl', 'De oude URL. Deze mag met of zonder domein ervoor ingevuld worden.', 1, '', 0, 0, NULL, '', NULL, 100, 0, NULL, NULL, NULL, NULL, NULL, NULL, NULL, NULL, NULL, NULL, NULL, '', NULL, 0, NULL, 0, 0, 'normal', '0');
INSERT INTO `wiser_entityproperty` (`id`, `module_id`, `entity_name`, `link_type`, `visible_in_overview`, `overview_fieldtype`, `overview_width`, `tab_name`, `group_name`, `inputtype`, `display_name`, `property_name`, `explanation`, `ordering`, `regex_validation`, `mandatory`, `readonly`, `default_value`, `automation`, `css`, `width`, `height`, `options`, `data_query`, `action_query`, `search_query`, `search_count_query`, `grid_delete_query`, `grid_insert_query`, `grid_update_query`, `depends_on_field`, `depends_on_operator`, `depends_on_value`, `language_code`, `custom_script`, `also_save_seo_value`, `depends_on_action`, `save_on_change`, `extended_explanation`, `label_style`, `label_width`) VALUES (32, 5534, 'redirect', 0, 0, '', 100, '', '', 'input', 'Nieuwe URL', 'newurl', 'De nieuwe URL. Deze mag met of zonder domein ervoor ingevoerd worden.', 2, '', 0, 0, NULL, '', NULL, 100, 0, NULL, NULL, NULL, NULL, NULL, NULL, NULL, NULL, NULL, NULL, NULL, '', NULL, 0, NULL, 0, 0, 'normal', '0');
INSERT INTO `wiser_entityproperty` (`id`, `module_id`, `entity_name`, `link_type`, `visible_in_overview`, `overview_fieldtype`, `overview_width`, `tab_name`, `group_name`, `inputtype`, `display_name`, `property_name`, `explanation`, `ordering`, `regex_validation`, `mandatory`, `readonly`, `default_value`, `automation`, `css`, `width`, `height`, `options`, `data_query`, `action_query`, `search_query`, `search_count_query`, `grid_delete_query`, `grid_insert_query`, `grid_update_query`, `depends_on_field`, `depends_on_operator`, `depends_on_value`, `language_code`, `custom_script`, `also_save_seo_value`, `depends_on_action`, `save_on_change`, `extended_explanation`, `label_style`, `label_width`) VALUES (33, 5534, 'redirect', 0, 0, '', 100, '', '', 'checkbox', 'Permanent', 'permanent', 'Geef aan of de redirect permanent (301) is of tijdelijk (302).', 3, '', 0, 0, NULL, '', NULL, 30, 0, NULL, NULL, NULL, NULL, NULL, NULL, NULL, NULL, NULL, NULL, NULL, '', NULL, 0, NULL, 0, 0, 'normal', '0');
INSERT INTO `wiser_entityproperty` (`id`, `module_id`, `entity_name`, `link_type`, `visible_in_overview`, `overview_fieldtype`, `overview_width`, `tab_name`, `group_name`, `inputtype`, `display_name`, `property_name`, `explanation`, `ordering`, `regex_validation`, `mandatory`, `readonly`, `default_value`, `automation`, `css`, `width`, `height`, `options`, `data_query`, `action_query`, `search_query`, `search_count_query`, `grid_delete_query`, `grid_insert_query`, `grid_update_query`, `depends_on_field`, `depends_on_operator`, `depends_on_value`, `language_code`, `custom_script`, `also_save_seo_value`, `depends_on_action`, `save_on_change`, `extended_explanation`, `label_style`, `label_width`) VALUES (34, 5534, 'redirect', 0, 0, '', 100, '', '', 'numeric-input', 'Volgnummer', 'ordering', 'Volgorde nummer voor afhandeling. Hoe hoger, hoe eerder de regel wordt afgehandeld.', 4, '', 0, 0, NULL, '', NULL, 20, 0, '{\"decimals\": 0, \"format\": \"0\"}', NULL, NULL, NULL, NULL, NULL, NULL, NULL, NULL, NULL, NULL, '', NULL, 0, NULL, 0, 0, 'normal', '0');

# Content Builder
INSERT INTO `wiser_entityproperty` (`module_id`, `entity_name`, `visible_in_overview`, `overview_fieldtype`, `overview_width`, `tab_name`, `group_name`, `inputtype`, `display_name`, `property_name`, `explanation`, `ordering`, `mandatory`, `readonly`, `default_value`, `css`, `width`, `height`, `options`, `data_query`, `action_query`, `search_query`, `search_count_query`, `grid_delete_query`, `grid_insert_query`, `grid_update_query`, `depends_on_field`, `depends_on_operator`, `depends_on_value`, `language_code`, `custom_script`, `also_save_seo_value`, `depends_on_action`, `save_on_change`, `link_type`, `extended_explanation`, `label_style`, `label_width`) VALUES (700, 'content-builder-snippet', 0, '', 100, '', '', 'textbox', 'HTML', 'html', NULL, 2, 0, 0, NULL, NULL, 100, 500, '{ \"type\": \"html\" }', NULL, NULL, NULL, NULL, NULL, NULL, NULL, NULL, NULL, NULL, '', NULL, 0, NULL, 0, 0, 0, 'normal', '0');
INSERT INTO `wiser_entityproperty` (`module_id`, `entity_name`, `visible_in_overview`, `overview_fieldtype`, `overview_width`, `tab_name`, `group_name`, `inputtype`, `display_name`, `property_name`, `explanation`, `ordering`, `mandatory`, `readonly`, `default_value`, `css`, `width`, `height`, `options`, `data_query`, `action_query`, `search_query`, `search_count_query`, `grid_delete_query`, `grid_insert_query`, `grid_update_query`, `depends_on_field`, `depends_on_operator`, `depends_on_value`, `language_code`, `custom_script`, `also_save_seo_value`, `depends_on_action`, `save_on_change`, `link_type`, `extended_explanation`, `label_style`, `label_width`) VALUES (700, 'content-builder-snippet', 0, '', 100, '', '', 'image-upload', 'Voorbeeld', 'preview', NULL, 1, 0, 0, NULL, NULL, 100, 0, NULL, NULL, NULL, NULL, NULL, NULL, NULL, NULL, NULL, NULL, NULL, '', NULL, 0, NULL, 0, 0, 0, 'normal', '0');

# Template
INSERT INTO `wiser_entityproperty` (`module_id`, `entity_name`, `tab_name`, `group_name`, `inputtype`, `display_name`, `property_name`, `explanation`, `ordering`, `mandatory`, `readonly`, `default_value`, `css`, `width`, `height`, `options`, `depends_on_field`, `depends_on_operator`, `depends_on_value`, `language_code`, `custom_script`, `also_save_seo_value`, `depends_on_action`, `save_on_change`, `link_type`, `extended_explanation`, `label_style`, `label_width`) VALUES (700, 'template', '', '', 'action-button', 'Test deze template', 'test_template', '', 0, 0, 0, NULL, NULL, 100, 0, '{\r\n	\"text\": \"Test\",\r\n	\"icon\": \"pdf\",\r\n	\"actions\": [\r\n		{\r\n			\"type\": \"generateFile\",\r\n			\"queryId\": 3,\r\n			\"contentPropertyName\": \"html_template\",\r\n			\"pdfHeaderPropertyName\": \"header\",\r\n			\"pdfFooterPropertyName\": \"footer\",\r\n			\"contentItemId\": \"{itemId}\",\r\n			\"itemId\": \"{itemId}\"\r\n		}\r\n	]\r\n}', NULL, NULL, NULL, '', NULL, 0, NULL, 0, 0, 0, 'normal', '0');
INSERT INTO `wiser_entityproperty` (`module_id`, `entity_name`, `tab_name`, `group_name`, `inputtype`, `display_name`, `property_name`, `explanation`, `ordering`, `mandatory`, `readonly`, `default_value`, `css`, `width`, `height`, `options`, `depends_on_field`, `depends_on_operator`, `depends_on_value`, `language_code`, `custom_script`, `also_save_seo_value`, `depends_on_action`, `save_on_change`, `link_type`, `extended_explanation`, `label_style`, `label_width`) VALUES (700, 'template', '', '', 'HTMLeditor', 'HTML-template', 'html_template', '', 1, 0, 0, NULL, NULL, 100, 600, '{ \"mode\": 99 }', NULL, NULL, NULL, '', NULL, 0, NULL, 0, 0, 1, 'normal', '0');
INSERT INTO `wiser_entityproperty` (`module_id`, `entity_name`, `tab_name`, `group_name`, `inputtype`, `display_name`, `property_name`, `explanation`, `ordering`, `mandatory`, `readonly`, `default_value`, `css`, `width`, `height`, `options`, `depends_on_field`, `depends_on_operator`, `depends_on_value`, `language_code`, `custom_script`, `also_save_seo_value`, `depends_on_action`, `save_on_change`, `link_type`, `extended_explanation`, `label_style`, `label_width`) VALUES (700, 'template', 'PDF', '', 'image-upload', 'Achtergrondafbeelding', 'background_image', '', 2, 0, 0, NULL, NULL, 100, 0, NULL, NULL, NULL, NULL, '', NULL, 0, NULL, 0, 0, 1, 'normal', '0');
INSERT INTO `wiser_entityproperty` (`module_id`, `entity_name`, `tab_name`, `group_name`, `inputtype`, `display_name`, `property_name`, `explanation`, `ordering`, `mandatory`, `readonly`, `default_value`, `css`, `width`, `height`, `options`, `depends_on_field`, `depends_on_operator`, `depends_on_value`, `language_code`, `custom_script`, `also_save_seo_value`, `depends_on_action`, `save_on_change`, `link_type`, `extended_explanation`, `label_style`, `label_width`) VALUES (700, 'template', 'PDF', '', 'input', 'Documentopties', 'documentoptions', '', 3, 0, 0, NULL, NULL, 100, 0, NULL, NULL, NULL, NULL, '', NULL, 0, NULL, 0, 0, 1, 'normal', '0');
INSERT INTO `wiser_entityproperty` (`module_id`, `entity_name`, `tab_name`, `group_name`, `inputtype`, `display_name`, `property_name`, `explanation`, `ordering`, `mandatory`, `readonly`, `default_value`, `css`, `width`, `height`, `options`, `depends_on_field`, `depends_on_operator`, `depends_on_value`, `language_code`, `custom_script`, `also_save_seo_value`, `depends_on_action`, `save_on_change`, `link_type`, `extended_explanation`, `label_style`, `label_width`) VALUES (700, 'template', 'PDF', '', 'HTMLeditor', 'Header', 'header', '', 4, 0, 0, NULL, NULL, 100, 400, '{ \"mode\": 99 }', NULL, NULL, NULL, '', NULL, 0, NULL, 0, 0, 0, 'normal', '0');
INSERT INTO `wiser_entityproperty` (`module_id`, `entity_name`, `tab_name`, `group_name`, `inputtype`, `display_name`, `property_name`, `explanation`, `ordering`, `mandatory`, `readonly`, `default_value`, `css`, `width`, `height`, `options`, `depends_on_field`, `depends_on_operator`, `depends_on_value`, `language_code`, `custom_script`, `also_save_seo_value`, `depends_on_action`, `save_on_change`, `link_type`, `extended_explanation`, `label_style`, `label_width`) VALUES (700, 'template', 'PDF', '', 'HTMLeditor', 'Footer', 'footer', '', 5, 0, 0, NULL, NULL, 100, 400, '{ \"mode\": 99 }', NULL, NULL, NULL, '', NULL, 0, NULL, 0, 0, 0, 'normal', '0');

# Datas elector
INSERT INTO `wiser_entityproperty` (`module_id`, `entity_name`, `tab_name`, `group_name`, `inputtype`, `display_name`, `property_name`, `explanation`, `ordering`, `mandatory`, `readonly`, `default_value`, `css`, `width`, `height`, `options`, `depends_on_field`, `depends_on_operator`, `depends_on_value`, `language_code`, `custom_script`, `also_save_seo_value`, `depends_on_action`, `save_on_change`, `link_type`, `extended_explanation`, `label_style`, `label_width`) VALUES (700, 'dataselector-template', '', '', 'HTMLeditor', 'Template', 'template', '', 1, 0, 0, NULL, NULL, 100, 600, '{ \"mode\": 99 }', NULL, NULL, NULL, '', NULL, 0, NULL, 0, 0, 1, 'normal', '0');

-- ----------------------------
-- Records of wiser_item
-- ----------------------------
# Admin user.
INSERT INTO `wiser_item`(`id`, `unique_uuid`, `entity_type`, `moduleid`, `published_environment`, `readonly`, `title`, `added_on`, `added_by`, `changed_on`, `changed_by`) VALUES (1, '', 'wiseruser', 806, 4, 0, 'Admin', NOW(), 'Systeem', NULL, '');
# Welcome task alert.
INSERT INTO `wiser_item`(`id`, `unique_uuid`, `entity_type`, `moduleid`, `published_environment`, `readonly`, `title`, `added_on`, `added_by`, `changed_on`, `changed_by`) VALUES (2, '', 'agendering', 708, 4, 0, 'Admin', NOW(), 'Systeem', NULL, '');
# Root directory for images
INSERT INTO `wiser_item`(`id`, `unique_uuid`, `entity_type`, `moduleid`, `published_environment`, `readonly`, `title`, `added_on`, `added_by`, `changed_on`, `changed_by`) VALUES (3, '', 'filedirectory', 5531, 4, 0, 'Hoofdmap afbeeldingen', NOW(), 'Systeem', NULL, '');
# Root directory for files
INSERT INTO `wiser_item`(`id`, `unique_uuid`, `entity_type`, `moduleid`, `published_environment`, `readonly`, `title`, `added_on`, `added_by`, `changed_on`, `changed_by`) VALUES (4, '', 'filedirectory', 5531, 4, 0, 'Hoofdmap bestanden', NOW(), 'Systeem', NULL, '');
# Root directory for templates
INSERT INTO `wiser_item`(`id`, `unique_uuid`, `entity_type`, `moduleid`, `published_environment`, `readonly`, `title`, `added_on`, `added_by`, `changed_on`, `changed_by`) VALUES (5, '', 'filedirectory', 5531, 4, 0, 'Hoofdmap templates', NOW(), 'Systeem', NULL, '');
# Root directory for data selector templates
INSERT INTO `wiser_item`(`id`, `unique_uuid`, `entity_type`, `moduleid`, `published_environment`, `readonly`, `title`, `added_on`, `added_by`, `changed_on`, `changed_by`) VALUES (6, '', 'map', 700, 4, 0, 'Data selector templates', NOW(), 'Systeem', NULL, '');

-- ----------------------------
-- Records of wiser_itemdetail
-- ----------------------------
# Admin user.
INSERT INTO `wiser_itemdetail`(`id`, `language_code`, `item_id`, `groupname`, `key`, `value`, `long_value`) VALUES (1, '', 1, '', 'email_address', '', '');
INSERT INTO `wiser_itemdetail`(`id`, `language_code`, `item_id`, `groupname`, `key`, `value`, `long_value`) VALUES (4, '', 1, '', 'password', 'HQPXXPmbW+UeP2InOt+URL3lJQ+wzLlnPgAa6n638fBFG1wuTLJmIw5M2JWYZaPXialY9n69RcChSdnZXIOYtOBfliZ8H1se', ''); # = admin
INSERT INTO `wiser_itemdetail`(`id`, `language_code`, `item_id`, `groupname`, `key`, `value`, `long_value`) VALUES (5, '', 1, '', 'require_password_change', '0', '');
INSERT INTO `wiser_itemdetail`(`id`, `language_code`, `item_id`, `groupname`, `key`, `value`, `long_value`) VALUES (6, '', 1, '', 'username', 'Admin', '');
# Welcome task alert.
INSERT INTO `wiser_itemdetail`(`language_code`, `item_id`, `groupname`, `key`, `value`, `long_value`) VALUES ('', 2, '', 'agendering_date', CURDATE(), '');
INSERT INTO `wiser_itemdetail`(`language_code`, `item_id`, `groupname`, `key`, `value`, `long_value`) VALUES ('', 2, '', 'content', 'Welkom bij Wiser!', '');
INSERT INTO `wiser_itemdetail`(`language_code`, `item_id`, `groupname`, `key`, `value`, `long_value`) VALUES ('', 2, '', 'placed_by', 'Admin', '');
INSERT INTO `wiser_itemdetail`(`language_code`, `item_id`, `groupname`, `key`, `value`, `long_value`) VALUES ('', 2, '', 'placed_by_id', '1', '');
INSERT INTO `wiser_itemdetail`(`language_code`, `item_id`, `groupname`, `key`, `value`, `long_value`) VALUES ('', 2, '', 'userid', '1', '');
INSERT INTO `wiser_itemdetail`(`language_code`, `item_id`, `groupname`, `key`, `value`, `long_value`) VALUES ('', 2, '', 'username', 'Admin', '');

-- ----------------------------
-- Records of wiser_user_roles
-- ----------------------------
INSERT INTO `wiser_user_roles`(`id`, `user_id`, `role_id`) VALUES (1, 1, 1);

-- ----------------------------
-- Records of wiser_permission
-- ----------------------------
# Wiser users management module.
INSERT INTO `wiser_permission`(`id`, `role_id`, `entity_name`, `item_id`, `entity_property_id`, `permissions`, `module_id`) VALUES (1, 1, '', 0, 0, 15, 806);
# Webpages module.
INSERT INTO `wiser_permission`(`role_id`, `entity_name`, `item_id`, `entity_property_id`, `permissions`, `module_id`) VALUES (1, '', 0, 0, 15, 5505);
# Task alerts module.
INSERT INTO `wiser_permission`(`role_id`, `entity_name`, `item_id`, `entity_property_id`, `permissions`, `module_id`) VALUES (1, '', 0, 0, 15, 708);
# SEO module.
INSERT INTO `wiser_permission`(`role_id`, `entity_name`, `item_id`, `entity_property_id`, `permissions`, `module_id`) VALUES (1, '', 0, 0, 15, 5533);
# Redirect module.
INSERT INTO `wiser_permission`(`role_id`, `entity_name`, `item_id`, `entity_property_id`, `permissions`, `module_id`) VALUES (1, '', 0, 0, 15, 5534);
# Stamgegevens module.
INSERT INTO `wiser_permission`(`role_id`, `entity_name`, `item_id`, `entity_property_id`, `permissions`, `module_id`) VALUES (1, '', 0, 0, 15, 700);

-- ----------------------------
-- Records of wiser_link
-- ----------------------------
INSERT INTO `wiser_link` (`type`, `destination_entity_type`, `connected_entity_type`, `name`, `show_in_tree_view`, `show_in_data_selector`, `relationship`, `duplication`, `use_item_parent_id`) VALUES (1, 'filedirectory', 'filedirectory', 'Filedirectory', 1, 0, 'one-to-one', 'none', 1);

-- ----------------------------
-- Stored procedures
-- ----------------------------
CREATE DEFINER=CURRENT_USER FUNCTION `CreateJsonSafeProperty`(input VARCHAR(255)) RETURNS text CHARSET utf8mb4 DETERMINISTIC
BEGIN
	DECLARE output VARCHAR(255);
	
	SET output = REPLACE(input, '-', '__h__');
	SET output = REPLACE(output, ' ', '__s__');
	SET output = REPLACE(output, ':', '__c__');
	SET output = REPLACE(output, '(', '__bl__');
	SET output = REPLACE(output, ')', '__br__');
	SET output = REPLACE(output, '.', '__d__');
	SET output = REPLACE(output, ',', '__co__');

	RETURN output;
END;

CREATE DEFINER=CURRENT_USER FUNCTION `GetNameFromSafeJsonProperty`(input VARCHAR(255)) RETURNS text CHARSET utf8mb4 DETERMINISTIC
BEGIN
	DECLARE output VARCHAR(255);
	
	SET output = REPLACE(input, '__h__', '-');
	SET output = REPLACE(output, '__s__', ' ');
	SET output = REPLACE(output, '__c__', ':');
	SET output = REPLACE(output, '__bl__', '(');
	SET output = REPLACE(output, '__br__', ')');
	SET output = REPLACE(output, '__d__', '.');
	SET output = REPLACE(output, '__co__', ',');

	RETURN output;
END;