-- ----------------------------
-- Records of wiser_roles
-- ----------------------------
INSERT INTO `wiser_roles` VALUES (1, 'Admin');

-- ----------------------------
-- Records of easy_objects
-- ----------------------------
INSERT IGNORE INTO `easy_objects` (typenr, `key`, `value`) VALUES (-1,'autoredirectmaindomain','true');
INSERT IGNORE INTO `easy_objects` (typenr, `key`, `value`) VALUES (-1,'requiressl','true');
INSERT IGNORE INTO `easy_objects` (typenr, `key`, `value`) VALUES (-1,'seomodule','true');
INSERT IGNORE INTO `easy_objects` (typenr, `key`, `value`) VALUES (-1,'redirectRequiresTrailingSlash','true');
INSERT IGNORE INTO `easy_objects` (typenr, `key`, `value`) VALUES (-1,'redirectRequiresLowerCase','true');
INSERT IGNORE INTO `easy_objects` (typenr, `key`, `value`) VALUES (-1,'fixed_url_active','false');
INSERT IGNORE INTO `easy_objects` (typenr, `key`, `value`) VALUES (-1,'global_meta_title_suffix','{siteName}');
INSERT IGNORE INTO `easy_objects` (typenr, `key`, `value`) VALUES (-1,'maindomain_wiser','{hostLive}');
INSERT IGNORE INTO `easy_objects` (typenr, `key`, `value`) VALUES (-1,'maindomain','{hostLive}');
INSERT IGNORE INTO `easy_objects` (typenr, `key`, `value`) VALUES (-1,'javascriptmovetobottom','true');
INSERT IGNORE INTO `easy_objects` (typenr, `key`, `value`) VALUES (-1,'wiser_save_images_relative','true');
INSERT IGNORE INTO `easy_objects` (typenr, `key`, `value`) VALUES (-1,'always_add_canonical_to_self','true');
INSERT IGNORE INTO `easy_objects` (typenr, `key`, `value`) VALUES (-1,'include_parameters_canonical','pagenr');
INSERT IGNORE INTO `easy_objects` (typenr, `key`, `value`) VALUES (-1,'canonical_path_end','/filter/');
INSERT IGNORE INTO `easy_objects` (typenr, `key`, `value`) VALUES (-1,'robotstxt','User-agent: *\r\nAllow: /\r\nDisallow: /checkout/*\r\nDisallow: /account/\r\nDisallow: /winkelmandje/\r\nSitemap: <sitemap url>');
INSERT IGNORE INTO `easy_objects` (typenr, `key`, `value`) VALUES (-1,'W2ImagesRootId','3');
INSERT IGNORE INTO `easy_objects` (typenr, `key`, `value`) VALUES (-1,'W2FilesRootId','4');
INSERT IGNORE INTO `easy_objects` (typenr, `key`, `value`) VALUES (-1,'W2TemplatesRootId','5');
INSERT IGNORE INTO `easy_objects` (typenr, `key`, `value`) VALUES (-1,'ContentBuilder_Mode','ContentBox');

-- ----------------------------
-- Records of wiser_table_changes
-- ----------------------------
INSERT INTO `wiser_table_changes` (`name`, `last_update`) VALUES ('wiser_data_selector', NOW());
INSERT INTO `wiser_table_changes` (`name`, `last_update`) VALUES ('wiser_dynamic_content', NOW());
INSERT INTO `wiser_table_changes` (`name`, `last_update`) VALUES ('wiser_dynamic_content_publish_log', NOW());
INSERT INTO `wiser_table_changes` (`name`, `last_update`) VALUES ('wiser_entityproperty', NOW());
INSERT INTO `wiser_table_changes` (`name`, `last_update`) VALUES ('wiser_grant_store', NOW());
INSERT INTO `wiser_table_changes` (`name`, `last_update`) VALUES ('wiser_item', NOW());
INSERT INTO `wiser_table_changes` (`name`, `last_update`) VALUES ('wiser_itemfile', NOW());
INSERT INTO `wiser_table_changes` (`name`, `last_update`) VALUES ('wiser_preview_profiles', NOW());
INSERT INTO `wiser_table_changes` (`name`, `last_update`) VALUES ('wiser_template', NOW());
INSERT INTO `wiser_table_changes` (`name`, `last_update`) VALUES ('wiser_template_dynamic_content', NOW());
INSERT INTO `wiser_table_changes` (`name`, `last_update`) VALUES ('wiser_template_publish_log', NOW());
INSERT INTO `wiser_table_changes` (`name`, `last_update`) VALUES ('wiser_triggers', NOW());
INSERT INTO `wiser_table_changes` (`name`, `last_update`) VALUES ('wiser_login_attempts', NOW());
INSERT INTO `wiser_table_changes` (`name`, `last_update`) VALUES ('wiser_entity', NOW());
INSERT INTO `wiser_table_changes` (`name`, `last_update`) VALUES ('wiser_field_templates', NOW());
INSERT INTO `wiser_table_changes` (`name`, `last_update`) VALUES ('wiser_history', NOW());
INSERT INTO `wiser_table_changes` (`name`, `last_update`) VALUES ('wiser_itemdetail', NOW());
INSERT INTO `wiser_table_changes` (`name`, `last_update`) VALUES ('wiser_itemlink', NOW());
INSERT INTO `wiser_table_changes` (`name`, `last_update`) VALUES ('wiser_itemlinkdetail', NOW());
INSERT INTO `wiser_table_changes` (`name`, `last_update`) VALUES ('wiser_link', NOW());
INSERT INTO `wiser_table_changes` (`name`, `last_update`) VALUES ('wiser_module', NOW());
INSERT INTO `wiser_table_changes` (`name`, `last_update`) VALUES ('wiser_permission', NOW());
INSERT INTO `wiser_table_changes` (`name`, `last_update`) VALUES ('wiser_query', NOW());
INSERT INTO `wiser_table_changes` (`name`, `last_update`) VALUES ('wiser_roles', NOW());
INSERT INTO `wiser_table_changes` (`name`, `last_update`) VALUES ('wiser_user_auth_token', NOW());
INSERT INTO `wiser_table_changes` (`name`, `last_update`) VALUES ('wiser_user_roles', NOW());
INSERT INTO `wiser_table_changes` (`name`, `last_update`) VALUES ('wiser_api_connection', NOW());
INSERT INTO `wiser_table_changes` (`name`, `last_update`) VALUES ('wiser_communication', NOW());
INSERT INTO `wiser_table_changes` (`name`, `last_update`) VALUES ('wiser_communication_generated', NOW());
INSERT INTO `wiser_table_changes` (`name`, `last_update`) VALUES ('easy_objects', NOW());
INSERT INTO `wiser_table_changes` (`name`, `last_update`) VALUES ('wiser_import', NOW());
INSERT INTO `wiser_table_changes` (`name`, `last_update`) VALUES ('wiser_import_log', NOW());

-- ----------------------------
-- Records of wiser_module
-- ----------------------------
# Wiser users.
INSERT INTO `wiser_module`(`id`, `name`, `icon`, `custom_query`, `count_query`, `options`, `group`) VALUES (806, 'Gebruikers - Wiser', 'users', '# Wiser users\r\nSELECT \r\n    ilc1.id AS id,\r\n    ilc1.id AS `encrypted_id_encrypt_withdate`,\r\n    ilc1.title AS title_wiseruser,\r\n    ilc1.entity_type,\r\n    \r\n    idv_email.value AS email_wiseruser,\r\n    idv_username.value AS username_wiseruser\r\nFROM wiser_item ilc1\r\n[if({email_wiseruser}=)]LEFT[endif] JOIN wiser_itemdetail `idv_email` ON `idv_email`.item_id=ilc1.id AND `idv_email`.`key`=\'email_address\' [if({email_wiseruser}!)]AND `idv_email`.`value` LIKE \'{email_wiseruser}%\'[endif]\r\n[if({username_wiseruser}=)]LEFT[endif] JOIN wiser_itemdetail `idv_username` ON `idv_username`.item_id=ilc1.id AND `idv_username`.`key`=\'username\' [if({username_wiseruser}!)]AND `idv_username`.`value` LIKE \'{username_wiseruser}%\'[endif]\r\n\r\nWHERE ilc1.entity_type=\'wiseruser\'\r\n[if({title_wiseruser}!)]AND ilc1.title {title_wiseruser_filter}[endif]\r\n[if({id}!)]AND ilc1.id = {id}[endif]\r\n{sort}\r\n{limit}', '#CRM module\r\nSELECT COUNT(*)\r\nFROM wiser_item ilc1\r\n[if({email_wiseruser}!)] JOIN wiser_itemdetail `idv_email` ON `idv_email`.item_id=ilc1.id AND `idv_email`.`key`=\'email_address\' AND `idv_email`.`value` LIKE \'{email_wiseruser}%\'[endif]\r\n[if({username_wiseruser}!)]JOIN wiser_itemdetail `idv_username` ON `idv_username`.item_id=ilc1.id AND `idv_username`.`key`=\'username\' AND `idv_username`.`value` LIKE \'{username_wiseruser}%\'[endif]\r\n\r\nWHERE ilc1.entity_type=\'wiseruser\'\r\n[if({title_wiseruser}!)]AND ilc1.title {title_wiseruser_filter}[endif]\r\n[if({id}!)]AND ilc1.id = {id}[endif]\r\n{sort}\r\n{limit}', '{\r\n	\"gridViewMode\": true,\r\n	\"gridViewSettings\": {\r\n		\"pageSize\": 100,\r\n		\"columns\": [\r\n			{ \"field\": \"id\", \"title\": \"ID\" },\r\n			{ \"field\": \"title_wiseruser\", \"title\": \"Naam\" },\r\n			{ \"field\": \"username_wiseruser\", \"title\": \"Gebruikersnaam\" },\r\n			{ \"field\": \"email_wiseruser\", \"title\": \"E-mailadres\" }\r\n		]\r\n	}\r\n}', 'Instellingen');
# Webpages.
INSERT INTO `wiser_module`(`id`, `name`, `icon`, `custom_query`, `count_query`, `options`, `group`) VALUES (5505, 'Webpagina\'s', 'document-web', NULL, NULL, NULL, 'Contentbeheer');
# Import history.
INSERT INTO `wiser_module` (`id`, `custom_query`, `count_query`, `options`, `name`, `icon`, `color`, `type`, `group`) VALUES (5524, 'SELECT\r\n	x.*,\r\n	permission.*\r\nFROM (\r\n	SELECT\r\n		`import`.id,\r\n		`import`.`name`,\r\n		`import`.start_on,\r\n		`import`.started_on,\r\n		`import`.finished_on,\r\n		`import`.success,\r\n		JSON_LENGTH(`import`.`data`) AS amount_of_items,\r\n		SUM(JSON_LENGTH(jsonTable.links)) AS amount_of_links,\r\n		SUM(JSON_LENGTH(jsonTable.files)) AS amount_of_files,\r\n		TIMEDIFF(`import`.finished_on, `import`.started_on) AS time_taken,\r\n		`import`.errors,\r\n		`import`.user_id\r\n	FROM wiser_import AS `import`,\r\n	JSON_TABLE(`import`.`data`, \r\n		\"$[*]\"\r\n		COLUMNS(\r\n			rowid FOR ORDINALITY,\r\n			links JSON PATH \"$.Links\" DEFAULT \'[]\' ON EMPTY,\r\n			files JSON PATH \"$.Files\" DEFAULT \'[]\' ON EMPTY\r\n		)\r\n	) AS jsonTable\r\n	GROUP BY `import`.id\r\n	ORDER BY start_on DESC\r\n) AS x\r\nLEFT JOIN wiser_user_roles AS userRole ON userRole.user_id = ?userId\r\nLEFT JOIN wiser_permission AS permission ON permission.role_id = userRole.role_id AND permission.module_id = ?id\r\nWHERE permission.permissions IS NULL OR permission.permissions & 4 = 4 OR x.user_id = ?userId\r\nGROUP BY x.id', 'SELECT COUNT(*) FROM wiser_import', '{\r\n    \"gridViewMode\": true,\r\n    \"gridViewSettings\": {\r\n        \"pageSize\": 100,\r\n        \"hideCommandColumn\": true,\r\n        \"toolbar\": {\r\n            \"hideExportButton\": true,\r\n			\"hideCreateButton\": true\r\n        },\r\n		\"disableOpeningOfItems\": true,\r\n        \"columns\": [{\r\n                \"field\": \"name\",\r\n                \"title\": \"Naam\"\r\n            }, {\r\n                \"field\": \"start_on\",\r\n                \"title\": \"Gekozen startdatumtijd\",\r\n				\"format\": \"{0:dd-MM-yyyy HH:mm:ss}\"\r\n            }, {\r\n                \"field\": \"started_on\",\r\n                \"title\": \"Begonnen om\",\r\n				\"format\": \"{0:dd-MM-yyyy HH:mm:ss}\"\r\n            }, {\r\n                \"field\": \"finished_on\",\r\n                \"title\": \"Afgerond om\",\r\n				\"format\": \"{0:dd-MM-yyyy HH:mm:ss}\"\r\n            }, {\r\n                \"field\": \"success\",\r\n                \"title\": \"gelukt\",\r\n				\"template\": \"# if (typeof success === \'boolean\') { # <span class=\'k-icon k-i-#:(success ? \\\"check k-syntax-str\\\" : \\\"cancel k-syntax-error\\\")#\'></span> # } #\"\r\n            }, {\r\n                \"field\": \"amount_of_items\",\r\n                \"title\": \"Aantal items\"\r\n            }, {\r\n                \"field\": \"amount_of_links\",\r\n                \"title\": \"Aantal koppelingen\"\r\n            }, {\r\n                \"field\": \"amount_of_files\",\r\n                \"title\": \"Aantal bestanden\"\r\n            }, {\r\n                \"field\": \"time_taken\",\r\n                \"title\": \"Duur\"\r\n            },\r\n			{\r\n                \"title\": \"Fouten\",\r\n                \"encoded\": false,\r\n				\"template\": \"# if(!errors) { # Geen fouten # } else { # <a class=\'k-button k-grid-settings\' onclick=\'var kendoWindow = $(`<div id=\\\"importErrorLogsPopup\\\">`).kendoWindow({ width: \\\"600px\\\", title: \\\"Fouten\\\", content: { template: \\\"<iframe frameborder=0 class=iframe width=100% height=100% />\\\" }}).data(\\\"kendoWindow\\\"); kendoWindow.center().open(); var iframe = kendoWindow.element.find(\\\"iframe\\\")[0]; iframe = iframe.contentWindow || (iframe.contentDocument.document || iframe.contentDocument); iframe.document.open(); iframe.document.write(\\\"<pre>\\\" + dynamicItems.grids.mainGrid.dataItem(this.closest(\\\"tr\\\")).errors + \\\"</pre>\\\"); iframe.document.close();\'>Fouten bekijken <span class=\'k-icon k-i-hyperlink-open\'></span></a> # } #\"\r\n            }\r\n        ]\r\n    }\r\n}\r\n', 'Importhistorie', 'database', NULL, 'DynamicItems', 'Contentbeheer');

# Redirect
INSERT INTO `wiser_module` (`id`, `custom_query`, `count_query`, `options`, `name`, `icon`, `color`, `type`) VALUES (5534, 'SELECT\r\n	redirect.id,\r\n	redirect.id AS `encrypted_id_encrypt_withdate`,\r\n	redirect.entity_type,\r\n	oldurl.`value` AS oldurl,\r\n	newurl.`value` AS newurl,\r\n	permanent.`value` AS permanent,\r\n	ordering.`value` AS ordering\r\nFROM wiser_item redirect\r\n[if({oldurl}=)]LEFT[endif] JOIN wiser_itemdetail oldurl ON oldurl.item_id=redirect.id AND oldurl.`key`=\'oldurl\' [if({oldurl}!)]AND oldurl.`value` {oldurl_filter}[endif]\r\n[if({newurl}=)]LEFT[endif] JOIN wiser_itemdetail newurl ON newurl.item_id=redirect.id AND newurl.`key`=\'newurl\' [if({newurl}!)]AND newurl.`value` {newurl_filter}[endif]\r\n[if({permanent}=)]LEFT[endif] JOIN wiser_itemdetail permanent ON permanent.item_id=redirect.id AND permanent.`key`=\'permanent\' [if({permanent}!)]AND permanent.`value` {permanent_filter}[endif]\r\n[if({ordering}=)]LEFT[endif] JOIN wiser_itemdetail ordering ON ordering.item_id=redirect.id AND ordering.`key`=\'ordering\' [if({ordering}!)]AND ordering.`value` {ordering_filter}[endif]\r\nWHERE redirect.entity_type=\'redirect\'', 'SELECT COUNT(*)\r\nFROM wiser_item redirect\r\n[if({oldurl}!)]JOIN wiser_itemdetail oldurl ON oldurl.item_id=redirect.id AND oldurl.`key`=\'oldurl\' AND oldurl.`value` {oldurl_filter}[endif]\r\n[if({newurl}!)]JOIN wiser_itemdetail newurl ON newurl.item_id=redirect.id AND newurl.`key`=\'newurl\' AND newurl.`value` {newurl_filter}[endif]\r\n[if({permanent}!)]JOIN wiser_itemdetail permanent ON permanent.item_id=redirect.id AND permanent.`key`=\'permanent\' AND permanent.`value` {permanent_filter}[endif]\r\n[if({ordering}!)]JOIN wiser_itemdetail ordering ON ordering.item_id=redirect.id AND ordering.`key`=\'ordering\' AND ordering.`value` {ordering_filter}[endif]\r\nWHERE redirect.entity_type=\'redirect\'', '{\r\n    \"gridViewMode\": true,\r\n    \"gridViewSettings\": {\r\n			\"skipNameForNewItems\": true,\r\n			\"showDeleteButton\": true,\r\n			\"pageSize\": 100,\r\n			\"hideCommandColumn\": false,\r\n			\"toolbar\": {\r\n					\"hideExportButton\": false,\r\n					\"hideCreateButton\": false\r\n			},\r\n			\"disableOpeningOfItems\": false,\r\n			\"columns\": [\r\n				{ \"field\": \"oldurl\", \"title\": \"Oude URL\" },\r\n				{ \"field\": \"newurl\", \"title\": \"Nieuwe URL\" },\r\n				{ \"field\": \"permanent\", \"title\": \"Permanent\" },\r\n				{ \"field\": \"ordering\", \"title\": \"Volgnummer\" }\r\n			]\r\n    }\r\n}', 'Redirect', 'reset', NULL, 'DynamicItems');
# Admin.
INSERT INTO `wiser_module`(`id`, `name`, `icon`, `type`, `group`) VALUES (737, 'Wiser beheer', 'line-settings', 'Admin', 'Instellingen');
# Stamgegevens
INSERT INTO `wiser_module`(`id`, `name`, `icon`, `type`, `group`) VALUES (700, 'Stamgegevens', 'line-sliders', 'DynamicItems', 'Instellingen');
# Import / export
INSERT INTO `wiser_module`(`id`, `name`, `icon`, `type`, `group`) VALUES (738, 'Import/Export', 'im-ex', 'ImportExport', 'Contentbeheer');
# Data selector
INSERT INTO `wiser_module`(`id`, `name`, `icon`, `type`, `group`) VALUES (706, 'Dataselector', 'settings', 'DataSelector', 'Contentbeheer');
# Templates
INSERT INTO `wiser_module`(`id`, `name`, `icon`, `type`, `group`) VALUES (1, 'Templates', 'document-fold', 'Templates', 'Systeem');
# Dashboard
INSERT INTO `wiser_module`(`id`, `name`, `icon`, `type`, `group`) VALUES (5544, 'Dashboard', 'project', 'Dashboard', 'Systeem');

-- ----------------------------
-- Records of wiser_entity
-- ----------------------------
# Wiser users.
INSERT INTO `wiser_entity`(`id`, `name`, `module_id`, `accepted_childtypes`, `icon`, `icon_add`, `show_in_tree_view`, `query_after_insert`, `query_after_update`, `query_before_update`, `query_before_delete`, `color`, `show_in_search`, `show_overview_tab`, `save_title_as_seo`, `api_after_insert`, `api_after_update`, `api_before_update`, `api_before_delete`) VALUES (NULL, 'wiseruser', 806, '', '', '', 1, NULL, NULL, NULL, NULL, 'blue', 1, 1, 0, NULL, NULL, NULL, NULL);
INSERT INTO `wiser_entity`(`id`, `name`, `module_id`, `accepted_childtypes`, `icon`, `icon_expanded`, `icon_add`, `show_in_tree_view`, `query_after_insert`, `query_after_update`, `query_before_update`, `query_before_delete`, `color`, `show_in_search`, `show_overview_tab`, `save_title_as_seo`, `api_after_insert`, `api_after_update`, `api_before_update`, `api_before_delete`) VALUES (NULL, '', 806, 'wiseruser', 'icon-classroom', 'icon-classroom', '', 1, NULL, NULL, NULL, NULL, 'blue', 1, 1, 0, NULL, NULL, NULL, NULL);
# Webpages.
INSERT INTO `wiser_entity`(`name`, `module_id`, `accepted_childtypes`, `icon`, `icon_add`) VALUES ('', 5505, 'map', '', '');
INSERT INTO `wiser_entity`(`name`, `module_id`, `accepted_childtypes`, `icon`, `icon_add`, icon_expanded, `save_title_as_seo`) VALUES ('map', 5505, 'webpagina,map', 'icon-folder-closed', 'icon-folder-add', 'icon-folder', 1);
INSERT INTO `wiser_entity`(`name`, `module_id`, `accepted_childtypes`, `icon`, `icon_expanded`, `icon_add`, `save_title_as_seo`) VALUES ('webpagina', 5505, '', 'icon-document-web', 'icon-document-web', '', 1);
# Task alerts.
INSERT INTO `wiser_entity`(`name`, `module_id`, `accepted_childtypes`, `icon`, `icon_expanded`, `icon_add`) VALUES ('agendering', 708, '', 'icon-bell', 'icon-bell', '');
# SEO.
INSERT INTO `wiser_entity`(`name`, `module_id`, `accepted_childtypes`, `icon`, `icon_add`) VALUES ('', 5533, 'seo,map', '', '');
INSERT INTO `wiser_entity`(`name`, `module_id`, `accepted_childtypes`, `icon`, `icon_add`, `icon_expanded`) VALUES ('map', 5533, 'seo,map', 'icon-folder-closed', 'icon-folder-add', 'icon-folder');
INSERT INTO `wiser_entity`(`name`, `module_id`, `accepted_childtypes`, `icon`, `icon_expanded`, `icon_add`) VALUES ('seo', 5533, '', 'icon-line-search', 'icon-line-search', '');
# Redirect
INSERT INTO `wiser_entity`(`name`, `module_id`, `accepted_childtypes`, `icon`, `icon_add`) VALUES ('', 5534, 'redirect', '', '');
INSERT INTO `wiser_entity`(`name`, `module_id`, `accepted_childtypes`, `icon`, `icon_expanded`, `icon_add`) VALUES ('redirect', 5534, '', 'icon-routes', 'icon-routes', '');
# Image uploader
INSERT INTO `wiser_entity`(`name`, `module_id`, `accepted_childtypes`, `icon`, `icon_add`) VALUES ('', 5531, 'filedirectory', '', '');
INSERT INTO `wiser_entity`(`name`, `module_id`, `accepted_childtypes`, `icon`, `icon_add`) VALUES ('filedirectory', 5531, 'filedirectory', '', '');
# Stamgegevens
INSERT INTO `wiser_entity`(`name`, `module_id`, `accepted_childtypes`, `icon`, `icon_add`) VALUES ('', 700, 'map', '', '');
INSERT INTO `wiser_entity`(`name`, `module_id`, `accepted_childtypes`, `icon`, `icon_add`, `icon_expanded`) VALUES ('map', 700, 'map,template,ftp_configuration,content-builder-snippet,content-box-template,shippingcost,deliverymethod,paymentmethod,mailtemplate,language,filter,vatrate,vatrule,country,dataselector-template,ConfiguratorApi,WiserPaymentProvider,WiserOrderProcess,page-widget', 'icon-folder-closed', 'icon-folder-add', 'icon-folder');
INSERT INTO `wiser_entity`(`name`, `module_id`, `accepted_childtypes`, `icon`, `icon_add`) VALUES ('template', 700, '', 'icon-document', 'icon-document-add');
# FTP
INSERT INTO `wiser_entity`(`name`, `module_id`, `accepted_childtypes`, `icon`, `icon_add`) VALUES ('ftp_configuration', 700, '', 'icon-cloud-up', 'icon-cloud-up');
# Content builder
INSERT INTO `wiser_entity`(`name`, `module_id`, `accepted_childtypes`, `icon`, `icon_add`) VALUES ('content-builder-snippet', 700, '', 'icon-document-exam', 'icon-document-add');
INSERT INTO `wiser_entity`(`name`, `module_id`, `accepted_childtypes`, `icon`, `icon_add`) VALUES ('content-box-template', 700, '', 'icon-document-exam', 'icon-document-add');
# Data Selector
INSERT INTO `wiser_entity`(`name`, `module_id`, `accepted_childtypes`, `icon`, `icon_add`) VALUES ('dataselector-template', 700, '', 'icon-document-exam', 'icon-document-add');
# Widgets
INSERT INTO `wiser_entity`(`name`, `module_id`, `accepted_childtypes`, `icon`, `icon_add`) VALUES ('page-widget', 700, '', 'icon-line-code', 'icon-line-code');


-- ----------------------------
-- Records of wiser_query
-- ----------------------------
# Wiser users.
INSERT INTO `wiser_query` (`id`, `description`, `query`) VALUES (1, 'Rol toevoegen aan gebruiker', 'INSERT INTO wiser_user_roles (user_id, role_id) VALUES ({itemId}, {role_id})');
INSERT INTO `wiser_query` (`id`, `description`, `query`) VALUES (2, 'Alle rollen ophalen', 'SELECT \r\n	role.id AS role_id,\r\n	role.role_name AS role_name\r\nFROM wiser_roles role');
INSERT INTO `wiser_query` (`id`, `description`, `query`) VALUES (4, 'Deblokkeer account', 'UPDATE `wiser_login_attempts` AS loginAttempts\r\nJOIN wiser_itemdetail AS `user` ON `user`.item_id = \'{itemId}\' AND `user`.`key` = ''username'' AND `user`.`value` = loginAttempts.username\r\nSET loginAttempts.attempts = 0, loginAttempts.blocked = 0');
# Templates
INSERT INTO `wiser_query` (`id`, `description`, `query`) VALUES (3, 'Standaardwaarde testknop', 'SELECT 2 AS value, \'{itemId}\' AS id, \'{test2}\' AS test2');

-- ----------------------------
-- Records of wiser_entityproperty
-- ----------------------------
# Wiser users
INSERT INTO `wiser_entityproperty` (`id`, `module_id`, `entity_name`, `link_type`, `visible_in_overview`, `overview_width`, `tab_name`, `group_name`, `inputtype`, `display_name`, `property_name`, `explanation`, `ordering`, `regex_validation`, `mandatory`, `readonly`, `default_value`, `automation`, `css`, `width`, `height`, `options`, `data_query`, `action_query`, `search_query`, `search_count_query`, `grid_delete_query`, `grid_insert_query`, `grid_update_query`, `depends_on_field`, `depends_on_operator`, `depends_on_value`, `language_code`, `custom_script`, `also_save_seo_value`, `depends_on_action`, `save_on_change`, `extended_explanation`, `label_style`, `label_width`) VALUES (1, 0, 'wiseruser', 0, 1, 100, '', '', 'input', 'E-mailadres', 'email_address', NULL, 2, '', 0, 0, NULL, '', NULL, 50, 0, NULL, NULL, NULL, NULL, NULL, NULL, NULL, NULL, NULL, NULL, NULL, '', NULL, 0, NULL, 0, 0, 'normal', '0');
INSERT INTO `wiser_entityproperty` (`id`, `module_id`, `entity_name`, `link_type`, `visible_in_overview`, `overview_width`, `tab_name`, `group_name`, `inputtype`, `display_name`, `property_name`, `explanation`, `ordering`, `regex_validation`, `mandatory`, `readonly`, `default_value`, `automation`, `css`, `width`, `height`, `options`, `data_query`, `action_query`, `search_query`, `search_count_query`, `grid_delete_query`, `grid_insert_query`, `grid_update_query`, `depends_on_field`, `depends_on_operator`, `depends_on_value`, `language_code`, `custom_script`, `also_save_seo_value`, `depends_on_action`, `save_on_change`, `extended_explanation`, `label_style`, `label_width`) VALUES (2, 0, 'wiseruser', 0, 1, 100, '', '', 'checkbox', 'Gebruiker moet na inloggen wachtwoord wijzigen', 'require_password_change', NULL, 4, '', 0, 0, '1', '', NULL, 0, 0, NULL, NULL, NULL, NULL, NULL, NULL, NULL, NULL, NULL, NULL, NULL, '', NULL, 0, NULL, 0, 0, 'normal', '0');
INSERT INTO `wiser_entityproperty` (`id`, `module_id`, `entity_name`, `link_type`, `visible_in_overview`, `overview_width`, `tab_name`, `group_name`, `inputtype`, `display_name`, `property_name`, `explanation`, `ordering`, `regex_validation`, `mandatory`, `readonly`, `default_value`, `automation`, `css`, `width`, `height`, `options`, `data_query`, `action_query`, `search_query`, `search_count_query`, `grid_delete_query`, `grid_insert_query`, `grid_update_query`, `depends_on_field`, `depends_on_operator`, `depends_on_value`, `language_code`, `custom_script`, `also_save_seo_value`, `depends_on_action`, `save_on_change`, `extended_explanation`, `label_style`, `label_width`) VALUES (3, 0, 'wiseruser', 0, 1, 100, '', '', 'input', 'Gebruikersnaam', 'username', NULL, 1, '', 0, 0, NULL, '', NULL, 50, 0, NULL, NULL, NULL, NULL, NULL, NULL, NULL, NULL, NULL, NULL, NULL, '', NULL, 0, NULL, 0, 0, 'normal', '0');
INSERT INTO `wiser_entityproperty` (`id`, `module_id`, `entity_name`, `link_type`, `visible_in_overview`, `overview_width`, `tab_name`, `group_name`, `inputtype`, `display_name`, `property_name`, `explanation`, `ordering`, `regex_validation`, `mandatory`, `readonly`, `default_value`, `automation`, `css`, `width`, `height`, `options`, `data_query`, `action_query`, `search_query`, `search_count_query`, `grid_delete_query`, `grid_insert_query`, `grid_update_query`, `depends_on_field`, `depends_on_operator`, `depends_on_value`, `language_code`, `custom_script`, `also_save_seo_value`, `depends_on_action`, `save_on_change`, `extended_explanation`, `label_style`, `label_width`) VALUES (4, 0, 'wiseruser', 0, 0, 100, '', '', 'sub-entities-grid', 'Rollen', 'roles', NULL, 5, '', 0, 0, NULL, '', NULL, 0, 0, '{\n	\"customQuery\": true,\n	\"hideCommandColumn\": false,\n	\"toolbar\": {\n		\"hideExportButton\": true,\n		\"hideCreateButton\": true,\n		\"hideLinkButton\": true,\n		\"customActions\": [\n			{\n				\"text\": \"Rol toevoegen\",\n				\"icon\": \"add\",\n				\"allowNoSelection\": true,\n				\"actions\": [\n                    {\n                        \"type\": \"executeQuery\",\n                        \"queryId\": 1,\n                        \"userParameters\": [\n                            {\n                                \"name\": \"role_id\",\n                                \"question\": \"Kies een rol\",\n                                \"fieldType\": \"comboBox\",\n                                \"queryId\": 2,\n                                \"dataTextField\": \"role_name\",\n                                \"dataValueField\": \"role_id\"\n                            }\n                        ]\n                    }\n				]\n			}\n		]\n	},\n	\"checkboxes\": false,\n	\"disableOpeningOfItems\": true,\n	\"disableInlineEditing\": true,\n	\"hasCustomInsertQuery\": true,\n	\"hasCustomUpdateQuery\": true,\n	\"hasCustomDeleteQuery\": true,\n	\"refreshGridAfterInlineEdit\": true,\n	\"editable\": \"popup\",\n	\"columns\": [\n		{\n			\"field\": \"role_id\",\n			\"title\": \"Rol\",\n			\"template\": \"#: role_name #\",\n			\"editor\": \"kendoDropDownList\",\n			\"dataQuery\": \"SELECT 0 AS value, \'Niet gevuld\' AS text UNION SELECT * FROM (SELECT id AS value, role_name AS text FROM wiser_roles ORDER BY role_name ASC) x\"\n		}\n	]\n}', 'SELECT \n	user_role.id,\n	user_role.role_id AS role_id,\n	IFNULL(role.role_name, \'\') AS role_name\nFROM wiser_user_roles user_role \nLEFT JOIN wiser_roles role ON role.id = user_role.role_id\nWHERE user_role.user_id = {itemId}', NULL, NULL, NULL, 'DELETE FROM wiser_user_roles WHERE user_id = {itemId} AND id = ?id', NULL, 'UPDATE wiser_user_roles SET role_id = ?role_id WHERE user_id = {itemId} AND id = ?id', NULL, NULL, NULL, '', NULL, 0, NULL, 0, 0, 'normal', '0');
INSERT INTO `wiser_entityproperty` (`id`, `module_id`, `entity_name`, `link_type`, `visible_in_overview`, `overview_width`, `tab_name`, `group_name`, `inputtype`, `display_name`, `property_name`, `explanation`, `ordering`, `regex_validation`, `mandatory`, `readonly`, `default_value`, `automation`, `css`, `width`, `height`, `options`, `data_query`, `action_query`, `search_query`, `search_count_query`, `grid_delete_query`, `grid_insert_query`, `grid_update_query`, `depends_on_field`, `depends_on_operator`, `depends_on_value`, `language_code`, `custom_script`, `also_save_seo_value`, `depends_on_action`, `save_on_change`, `extended_explanation`, `label_style`, `label_width`) VALUES (5, 0, 'wiseruser', 0, 0, 100, '', '', 'secure-input', 'Wachtwoord', 'password', NULL, 3, '', 0, 0, NULL, '', NULL, 0, 0, '{ \"type\": \"password\", \"securityMethod\": \"JCL_SHA512\" }', NULL, NULL, NULL, NULL, NULL, NULL, NULL, NULL, NULL, NULL, '', NULL, 0, NULL, 0, 0, 'normal', '0');
INSERT INTO `wiser_entityproperty` (`id`, `module_id`, `entity_name`, `visible_in_overview`, `overview_width`, `tab_name`, `group_name`, `inputtype`, `display_name`, `property_name`, `explanation`, `ordering`, `regex_validation`, `mandatory`, `readonly`, `default_value`, `width`, `height`, `options`, `depends_on_field`, `depends_on_operator`, `depends_on_value`, `language_code`, `custom_script`, `depends_on_action`, `save_on_change`, `link_type`, `extended_explanation`, `label_style`, `label_width`, `enable_aggregation`, `aggregate_options`, `access_key`, `visibility_path_regex`) VALUES (36, 0, 'wiseruser', 0, 100, '', '', 'checkbox', 'TOTP inschakelen', 'totp_enabled', 'TOTP betekent \"Time-based one-time password\", dit is een vorm van two-factor authentication waarbij de gebruiker een app moet gebruiken zoals Google Authenticator om een tijdelijk eenmalig wachtwoord te genereren die ze dan, naar hun normale gebruikersnaam en wachtwoord, moeten invullen om te kunnen inloggen.', 5, '', 0, 0, '0', 33, 0, NULL, NULL, NULL, NULL, '', NULL, NULL, 0, 0, 0, 'normal', '0', 0, NULL, '', '');
INSERT INTO `wiser_entityproperty` (`id`, `module_id`, `entity_name`, `visible_in_overview`, `overview_width`, `tab_name`, `group_name`, `inputtype`, `display_name`, `property_name`, `explanation`, `ordering`, `regex_validation`, `mandatory`, `readonly`, `default_value`, `width`, `height`, `options`, `depends_on_field`, `depends_on_operator`, `depends_on_value`, `language_code`, `custom_script`, `depends_on_action`, `save_on_change`, `link_type`, `extended_explanation`, `label_style`, `label_width`, `enable_aggregation`, `aggregate_options`, `access_key`, `visibility_path_regex`) VALUES (37, 0, 'wiseruser', 0, 100, '', '', 'checkbox', 'Gebruiker moet TOTP opnieuw instellen', 'totp_requires_setup', 'Deze optie kan aangezet worden om de gebruiker de optie te geven om TOTP opnieuw in te stellen, wanneer ze bijvoorbeeld hun code/app kwijt zijn.', 6, '', 0, 0, '1', 33, 0, NULL, NULL, NULL, NULL, '', NULL, NULL, 0, 0, 0, 'normal', '0', 0, NULL, '', '');
INSERT INTO `wiser_entityproperty` (`id`, `module_id`, `entity_name`, `link_type`, `visible_in_overview`, `overview_width`, `tab_name`, `group_name`, `inputtype`, `display_name`, `property_name`, `explanation`, `ordering`, `regex_validation`, `mandatory`, `readonly`, `default_value`, `automation`, `css`, `width`, `height`, `options`, `data_query`, `action_query`, `search_query`, `search_count_query`, `grid_delete_query`, `grid_insert_query`, `grid_update_query`, `depends_on_field`, `depends_on_operator`, `depends_on_value`, `language_code`, `custom_script`, `also_save_seo_value`, `depends_on_action`, `save_on_change`, `extended_explanation`, `label_style`, `label_width`) VALUES (35, 0, 'wiseruser', 0, 0, 100, '', '', 'action-button', '', '', 'Deblokkeer deze gebruiker en zet de login attempts op 0.', 100, '', 0, 0, NULL, '', NULL, 0, 0, '{\r\n	"text": "Deblokkeer gebruiker",\r\n	"icon": "unlock",\r\n	"actions": [\r\n		{\r\n			"type": "executeQuery",\r\n			"queryId": 4\r\n		}\r\n	]\r\n}', NULL, NULL, NULL, NULL, NULL, NULL, NULL, NULL, NULL, NULL, '', NULL, 0, NULL, 0, 0, 'normal', '0');

# Web pages
INSERT INTO `wiser_entityproperty` (`id`, `module_id`, `entity_name`, `link_type`, `visible_in_overview`, `overview_width`, `tab_name`, `group_name`, `inputtype`, `display_name`, `property_name`, `explanation`, `ordering`, `regex_validation`, `mandatory`, `readonly`, `default_value`, `automation`, `css`, `width`, `height`, `options`, `data_query`, `action_query`, `search_query`, `search_count_query`, `grid_delete_query`, `grid_insert_query`, `grid_update_query`, `depends_on_field`, `depends_on_operator`, `depends_on_value`, `language_code`, `custom_script`, `also_save_seo_value`, `depends_on_action`, `save_on_change`, `extended_explanation`, `label_style`, `label_width`) VALUES (7, 0, 'webpagina', 0, 0, 100, 'NL', '', 'input', 'Titel', 'title', NULL, 1, '', 0, 0, NULL, '', '', 50, 0, NULL, NULL, NULL, NULL, NULL, NULL, NULL, NULL, NULL, NULL, NULL, 'nl', NULL, 0, NULL, 0, 0, 'normal', '0');
INSERT INTO `wiser_entityproperty` (`id`, `module_id`, `entity_name`, `link_type`, `visible_in_overview`, `overview_width`, `tab_name`, `group_name`, `inputtype`, `display_name`, `property_name`, `explanation`, `ordering`, `regex_validation`, `mandatory`, `readonly`, `default_value`, `automation`, `css`, `width`, `height`, `options`, `data_query`, `action_query`, `search_query`, `search_count_query`, `grid_delete_query`, `grid_insert_query`, `grid_update_query`, `depends_on_field`, `depends_on_operator`, `depends_on_value`, `language_code`, `custom_script`, `also_save_seo_value`, `depends_on_action`, `save_on_change`, `extended_explanation`, `label_style`, `label_width`) VALUES (9, 0, 'webpagina', 0, 0, 100, 'NL', '', 'input', 'Statische url', 'fixed_url', NULL, 2, '', 0, 0, NULL, '', '', 50, 0, NULL, NULL, NULL, NULL, NULL, NULL, NULL, NULL, NULL, NULL, NULL, 'nl', NULL, 0, NULL, 0, 0, 'normal', '0');
INSERT INTO `wiser_entityproperty` (`id`, `module_id`, `entity_name`, `link_type`, `visible_in_overview`, `overview_width`, `tab_name`, `group_name`, `inputtype`, `display_name`, `property_name`, `explanation`, `ordering`, `regex_validation`, `mandatory`, `readonly`, `default_value`, `automation`, `css`, `width`, `height`, `options`, `data_query`, `action_query`, `search_query`, `search_count_query`, `grid_delete_query`, `grid_insert_query`, `grid_update_query`, `depends_on_field`, `depends_on_operator`, `depends_on_value`, `language_code`, `custom_script`, `also_save_seo_value`, `depends_on_action`, `save_on_change`, `extended_explanation`, `label_style`, `label_width`) VALUES (8, 0, 'webpagina', 0, 0, 100, 'NL', '', 'textbox', 'Omschrijving', 'description', NULL, 3, '', 0, 0, NULL, '', '', 100, 0, NULL, NULL, NULL, NULL, NULL, NULL, NULL, NULL, NULL, NULL, NULL, 'nl', NULL, 0, NULL, 0, 0, 'normal', '0');
INSERT INTO `wiser_entityproperty` (`id`, `module_id`, `entity_name`, `link_type`, `visible_in_overview`, `overview_width`, `tab_name`, `group_name`, `inputtype`, `display_name`, `property_name`, `explanation`, `ordering`, `regex_validation`, `mandatory`, `readonly`, `default_value`, `automation`, `css`, `width`, `height`, `options`, `data_query`, `action_query`, `search_query`, `search_count_query`, `grid_delete_query`, `grid_insert_query`, `grid_update_query`, `depends_on_field`, `depends_on_operator`, `depends_on_value`, `language_code`, `custom_script`, `also_save_seo_value`, `depends_on_action`, `save_on_change`, `extended_explanation`, `label_style`, `label_width`) VALUES (6, 0, 'webpagina', 0, 0, 100, 'NL', '', 'HTMLeditor', 'HTML', 'html', NULL, 4, '', 0, 0, NULL, '', '', 100, 800, NULL, NULL, NULL, NULL, NULL, NULL, NULL, NULL, NULL, NULL, NULL, 'nl', NULL, 0, NULL, 0, 0, 'normal', '0');

# Task alerts
INSERT INTO `wiser_entityproperty` (`id`, `module_id`, `entity_name`, `link_type`, `visible_in_overview`, `overview_width`, `tab_name`, `group_name`, `inputtype`, `display_name`, `property_name`, `explanation`, `ordering`, `regex_validation`, `mandatory`, `readonly`, `default_value`, `automation`, `css`, `width`, `height`, `options`, `data_query`, `action_query`, `search_query`, `search_count_query`, `grid_delete_query`, `grid_insert_query`, `grid_update_query`, `depends_on_field`, `depends_on_operator`, `depends_on_value`, `language_code`, `custom_script`, `also_save_seo_value`, `depends_on_action`, `save_on_change`, `extended_explanation`, `label_style`, `label_width`) VALUES (10, 708, 'agendering', 0, 0, 100, '', '', 'textbox', 'Content', 'content', NULL, 1, '', 0, 0, NULL, '', NULL, 100, 100, NULL, NULL, NULL, NULL, NULL, NULL, NULL, NULL, NULL, NULL, NULL, '', NULL, 0, NULL, 0, 0, 'normal', '0');
INSERT INTO `wiser_entityproperty` (`id`, `module_id`, `entity_name`, `link_type`, `visible_in_overview`, `overview_width`, `tab_name`, `group_name`, `inputtype`, `display_name`, `property_name`, `explanation`, `ordering`, `regex_validation`, `mandatory`, `readonly`, `default_value`, `automation`, `css`, `width`, `height`, `options`, `data_query`, `action_query`, `search_query`, `search_count_query`, `grid_delete_query`, `grid_insert_query`, `grid_update_query`, `depends_on_field`, `depends_on_operator`, `depends_on_value`, `language_code`, `custom_script`, `also_save_seo_value`, `depends_on_action`, `save_on_change`, `extended_explanation`, `label_style`, `label_width`) VALUES (11, 708, 'agendering', 0, 0, 100, '', '', 'date-time picker', 'Datum', 'agendering_date', NULL, 2, '', 0, 0, NULL, '', NULL, 0, 0, NULL, NULL, NULL, NULL, NULL, NULL, NULL, NULL, NULL, NULL, NULL, '', NULL, 0, NULL, 0, 0, 'normal', '0');
INSERT INTO `wiser_entityproperty` (`id`, `module_id`, `entity_name`, `link_type`, `visible_in_overview`, `overview_width`, `tab_name`, `group_name`, `inputtype`, `display_name`, `property_name`, `explanation`, `ordering`, `regex_validation`, `mandatory`, `readonly`, `default_value`, `automation`, `css`, `width`, `height`, `options`, `data_query`, `action_query`, `search_query`, `search_count_query`, `grid_delete_query`, `grid_insert_query`, `grid_update_query`, `depends_on_field`, `depends_on_operator`, `depends_on_value`, `language_code`, `custom_script`, `also_save_seo_value`, `depends_on_action`, `save_on_change`, `extended_explanation`, `label_style`, `label_width`) VALUES (12, 708, 'agendering', 0, 0, 100, '', '', 'date-time picker', 'Afgevinkt op', 'checkedon', NULL, 3, '', 0, 0, NULL, '', NULL, 0, 0, NULL, NULL, NULL, NULL, NULL, NULL, NULL, NULL, NULL, NULL, NULL, '', NULL, 0, NULL, 0, 0, 'normal', '0');
INSERT INTO `wiser_entityproperty` (`id`, `module_id`, `entity_name`, `link_type`, `visible_in_overview`, `overview_width`, `tab_name`, `group_name`, `inputtype`, `display_name`, `property_name`, `explanation`, `ordering`, `regex_validation`, `mandatory`, `readonly`, `default_value`, `automation`, `css`, `width`, `height`, `options`, `data_query`, `action_query`, `search_query`, `search_count_query`, `grid_delete_query`, `grid_insert_query`, `grid_update_query`, `depends_on_field`, `depends_on_operator`, `depends_on_value`, `language_code`, `custom_script`, `also_save_seo_value`, `depends_on_action`, `save_on_change`, `extended_explanation`, `label_style`, `label_width`) VALUES (13, 708, 'agendering', 0, 0, 100, '', '', 'combobox', 'Gebruiker', 'userid', NULL, 4, '', 0, 0, NULL, '', NULL, 0, 0, '{\r\n    \"dataSource\": \"wiserUsers\"\r\n}', NULL, NULL, NULL, NULL, NULL, NULL, NULL, NULL, NULL, NULL, '', NULL, 0, NULL, 0, 0, 'normal', '0');
INSERT INTO `wiser_entityproperty` (`id`, `module_id`, `entity_name`, `link_type`, `visible_in_overview`, `overview_width`, `tab_name`, `group_name`, `inputtype`, `display_name`, `property_name`, `explanation`, `ordering`, `regex_validation`, `mandatory`, `readonly`, `default_value`, `automation`, `css`, `width`, `height`, `options`, `data_query`, `action_query`, `search_query`, `search_count_query`, `grid_delete_query`, `grid_insert_query`, `grid_update_query`, `depends_on_field`, `depends_on_operator`, `depends_on_value`, `language_code`, `custom_script`, `also_save_seo_value`, `depends_on_action`, `save_on_change`, `extended_explanation`, `label_style`, `label_width`) VALUES (14, 708, 'agendering', 0, 0, 100, '', '', 'input', 'Geplaatst door naam', 'placed_by', NULL, 9, '', 0, 0, NULL, '', NULL, 0, 0, NULL, NULL, NULL, NULL, NULL, NULL, NULL, NULL, NULL, NULL, NULL, '', NULL, 0, NULL, 0, 0, 'normal', '0');
INSERT INTO `wiser_entityproperty` (`id`, `module_id`, `entity_name`, `link_type`, `visible_in_overview`, `overview_width`, `tab_name`, `group_name`, `inputtype`, `display_name`, `property_name`, `explanation`, `ordering`, `regex_validation`, `mandatory`, `readonly`, `default_value`, `automation`, `css`, `width`, `height`, `options`, `data_query`, `action_query`, `search_query`, `search_count_query`, `grid_delete_query`, `grid_insert_query`, `grid_update_query`, `depends_on_field`, `depends_on_operator`, `depends_on_value`, `language_code`, `custom_script`, `also_save_seo_value`, `depends_on_action`, `save_on_change`, `extended_explanation`, `label_style`, `label_width`) VALUES (15, 708, 'agendering', 0, 0, 100, '', '', 'input', 'Geplaatst door ID', 'placed_by_id', NULL, 10, '', 0, 0, NULL, '', NULL, 0, 0, NULL, NULL, NULL, NULL, NULL, NULL, NULL, NULL, NULL, NULL, NULL, '', NULL, 0, NULL, 0, 0, 'normal', '0');
INSERT INTO `wiser_entityproperty` (`id`, `module_id`, `entity_name`, `link_type`, `visible_in_overview`, `overview_width`, `tab_name`, `group_name`, `inputtype`, `display_name`, `property_name`, `explanation`, `ordering`, `regex_validation`, `mandatory`, `readonly`, `default_value`, `automation`, `css`, `width`, `height`, `options`, `data_query`, `action_query`, `search_query`, `search_count_query`, `grid_delete_query`, `grid_insert_query`, `grid_update_query`, `depends_on_field`, `depends_on_operator`, `depends_on_value`, `language_code`, `custom_script`, `also_save_seo_value`, `depends_on_action`, `save_on_change`, `extended_explanation`, `label_style`, `label_width`) VALUES (16, 708, 'agendering', 0, 0, 100, '', '', 'input', 'Gekoppeld item ID', 'linked_item_id', NULL, 6, '', 0, 0, NULL, '', NULL, 0, 0, NULL, NULL, NULL, NULL, NULL, NULL, NULL, NULL, NULL, NULL, NULL, '', NULL, 0, NULL, 0, 0, 'normal', '0');
INSERT INTO `wiser_entityproperty` (`id`, `module_id`, `entity_name`, `link_type`, `visible_in_overview`, `overview_width`, `tab_name`, `group_name`, `inputtype`, `display_name`, `property_name`, `explanation`, `ordering`, `regex_validation`, `mandatory`, `readonly`, `default_value`, `automation`, `css`, `width`, `height`, `options`, `data_query`, `action_query`, `search_query`, `search_count_query`, `grid_delete_query`, `grid_insert_query`, `grid_update_query`, `depends_on_field`, `depends_on_operator`, `depends_on_value`, `language_code`, `custom_script`, `also_save_seo_value`, `depends_on_action`, `save_on_change`, `extended_explanation`, `label_style`, `label_width`) VALUES (17, 708, 'agendering', 0, 0, 100, '', '', 'input', 'Gekoppeld item module ID', 'linked_item_module_id', NULL, 7, '', 0, 0, NULL, '', NULL, 0, 0, NULL, NULL, NULL, NULL, NULL, NULL, NULL, NULL, NULL, NULL, NULL, '', NULL, 0, NULL, 0, 0, 'normal', '0');
INSERT INTO `wiser_entityproperty` (`id`, `module_id`, `entity_name`, `link_type`, `visible_in_overview`, `overview_width`, `tab_name`, `group_name`, `inputtype`, `display_name`, `property_name`, `explanation`, `ordering`, `regex_validation`, `mandatory`, `readonly`, `default_value`, `automation`, `css`, `width`, `height`, `options`, `data_query`, `action_query`, `search_query`, `search_count_query`, `grid_delete_query`, `grid_insert_query`, `grid_update_query`, `depends_on_field`, `depends_on_operator`, `depends_on_value`, `language_code`, `custom_script`, `also_save_seo_value`, `depends_on_action`, `save_on_change`, `extended_explanation`, `label_style`, `label_width`) VALUES (18, 708, 'agendering', 0, 0, 100, '', '', 'input', 'Gekoppeld item entiteit type', 'linked_item_entity_type', NULL, 8, '', 0, 0, NULL, '', NULL, 0, 0, NULL, NULL, NULL, NULL, NULL, NULL, NULL, NULL, NULL, NULL, NULL, '', NULL, 0, NULL, 0, 0, 'normal', '0');
INSERT INTO `wiser_entityproperty` (`id`, `module_id`, `entity_name`, `link_type`, `visible_in_overview`, `overview_width`, `tab_name`, `group_name`, `inputtype`, `display_name`, `property_name`, `explanation`, `ordering`, `regex_validation`, `mandatory`, `readonly`, `default_value`, `automation`, `css`, `width`, `height`, `options`, `data_query`, `action_query`, `search_query`, `search_count_query`, `grid_delete_query`, `grid_insert_query`, `grid_update_query`, `depends_on_field`, `depends_on_operator`, `depends_on_value`, `language_code`, `custom_script`, `also_save_seo_value`, `depends_on_action`, `save_on_change`, `extended_explanation`, `label_style`, `label_width`) VALUES (19, 708, 'agendering', 0, 0, 100, '', '', 'combobox', 'Status', 'status', NULL, 5, '', 0, 0, NULL, '', NULL, 0, 0, '{\r\n    \"dataSource\": [\r\n        { \"name\": \"Geen status\", \"id\": \"\" },\r\n        { \"name\": \"In behandeling\", \"id\": \"in behandeling\" },\r\n        { \"name\": \"Wacht op reactie\", \"id\": \"wacht op reactie\" },\r\n        { \"name\": \"Afgerond\", \"id\": \"afgerond\" }\r\n    ]\r\n}', NULL, NULL, NULL, NULL, NULL, NULL, NULL, NULL, NULL, NULL, '', NULL, 0, NULL, 0, 0, 'normal', '0');

# SEO
INSERT INTO `wiser_entityproperty` (`id`, `module_id`, `entity_name`, `link_type`, `visible_in_overview`, `overview_width`, `tab_name`, `group_name`, `inputtype`, `display_name`, `property_name`, `explanation`, `ordering`, `regex_validation`, `mandatory`, `readonly`, `default_value`, `automation`, `css`, `width`, `height`, `options`, `data_query`, `action_query`, `search_query`, `search_count_query`, `grid_delete_query`, `grid_insert_query`, `grid_update_query`, `depends_on_field`, `depends_on_operator`, `depends_on_value`, `language_code`, `custom_script`, `also_save_seo_value`, `depends_on_action`, `save_on_change`, `extended_explanation`, `label_style`, `label_width`) VALUES (20, 5533, 'seo', 0, 0, 100, '', '', 'input', 'URL', 'url', 'De URL van de pagina waar deze SEO informatie op getoond moet worden', 1, '', 0, 0, NULL, '', NULL, 100, 0, NULL, NULL, NULL, NULL, NULL, NULL, NULL, NULL, NULL, NULL, NULL, '', NULL, 0, NULL, 0, 0, 'normal', '0');
INSERT INTO `wiser_entityproperty` (`id`, `module_id`, `entity_name`, `link_type`, `visible_in_overview`, `overview_width`, `tab_name`, `group_name`, `inputtype`, `display_name`, `property_name`, `explanation`, `ordering`, `regex_validation`, `mandatory`, `readonly`, `default_value`, `automation`, `css`, `width`, `height`, `options`, `data_query`, `action_query`, `search_query`, `search_count_query`, `grid_delete_query`, `grid_insert_query`, `grid_update_query`, `depends_on_field`, `depends_on_operator`, `depends_on_value`, `language_code`, `custom_script`, `also_save_seo_value`, `depends_on_action`, `save_on_change`, `extended_explanation`, `label_style`, `label_width`) VALUES (21, 5533, 'seo', 0, 0, 100, '', '', 'input', 'Titel van pagina', 'page_title', 'Dit is de titel die bezoekers in het tabblad van hun browser zien. Vul hier een korte maar duidelijke omschrijving in over de pagina.', 2, '', 0, 0, NULL, '', NULL, 100, 0, NULL, NULL, NULL, NULL, NULL, NULL, NULL, NULL, NULL, NULL, NULL, '', NULL, 0, NULL, 0, 0, 'normal', '0');
INSERT INTO `wiser_entityproperty` (`id`, `module_id`, `entity_name`, `link_type`, `visible_in_overview`, `overview_width`, `tab_name`, `group_name`, `inputtype`, `display_name`, `property_name`, `explanation`, `ordering`, `regex_validation`, `mandatory`, `readonly`, `default_value`, `automation`, `css`, `width`, `height`, `options`, `data_query`, `action_query`, `search_query`, `search_count_query`, `grid_delete_query`, `grid_insert_query`, `grid_update_query`, `depends_on_field`, `depends_on_operator`, `depends_on_value`, `language_code`, `custom_script`, `also_save_seo_value`, `depends_on_action`, `save_on_change`, `extended_explanation`, `label_style`, `label_width`) VALUES (22, 5533, 'seo', 0, 0, 100, '', '', 'input', 'Meta title', 'meta_title', 'Een korte omschrijving over deze pagina. Dit is niet zichtbaar op de website, maar wordt gebruikt door zoekmachines.', 3, '', 0, 0, NULL, '', NULL, 100, 0, NULL, NULL, NULL, NULL, NULL, NULL, NULL, NULL, NULL, NULL, NULL, '', NULL, 0, NULL, 0, 0, 'normal', '0');
INSERT INTO `wiser_entityproperty` (`id`, `module_id`, `entity_name`, `link_type`, `visible_in_overview`, `overview_width`, `tab_name`, `group_name`, `inputtype`, `display_name`, `property_name`, `explanation`, `ordering`, `regex_validation`, `mandatory`, `readonly`, `default_value`, `automation`, `css`, `width`, `height`, `options`, `data_query`, `action_query`, `search_query`, `search_count_query`, `grid_delete_query`, `grid_insert_query`, `grid_update_query`, `depends_on_field`, `depends_on_operator`, `depends_on_value`, `language_code`, `custom_script`, `also_save_seo_value`, `depends_on_action`, `save_on_change`, `extended_explanation`, `label_style`, `label_width`) VALUES (23, 5533, 'seo', 0, 0, 100, '', '', 'textbox', 'Meta description', 'meta_description', 'Een iets uitgebreidere omschrijving over deze pagina. Dit wordt gebruikt door zoekmachines.', 4, '', 0, 0, NULL, '', NULL, 100, 0, NULL, NULL, NULL, NULL, NULL, NULL, NULL, NULL, NULL, NULL, NULL, '', NULL, 0, NULL, 0, 0, 'normal', '0');
INSERT INTO `wiser_entityproperty` (`id`, `module_id`, `entity_name`, `link_type`, `visible_in_overview`, `overview_width`, `tab_name`, `group_name`, `inputtype`, `display_name`, `property_name`, `explanation`, `ordering`, `regex_validation`, `mandatory`, `readonly`, `default_value`, `automation`, `css`, `width`, `height`, `options`, `data_query`, `action_query`, `search_query`, `search_count_query`, `grid_delete_query`, `grid_insert_query`, `grid_update_query`, `depends_on_field`, `depends_on_operator`, `depends_on_value`, `language_code`, `custom_script`, `also_save_seo_value`, `depends_on_action`, `save_on_change`, `extended_explanation`, `label_style`, `label_width`) VALUES (24, 5533, 'seo', 0, 0, 100, '', '', 'input', 'Canonical URL', 'canonical', 'Hiermee kan aangegeven worden dat deze pagina hetzelfde is als een andere pagina. Om te voorkomen dat de website een lagere score krijgt bij zoekmachines vanwege meerdere pagina\'s met dezelfde inhoud.', 5, '', 0, 0, NULL, '', NULL, 100, 0, NULL, NULL, NULL, NULL, NULL, NULL, NULL, NULL, NULL, NULL, NULL, '', NULL, 0, NULL, 0, 0, 'normal', '0');
INSERT INTO `wiser_entityproperty` (`id`, `module_id`, `entity_name`, `link_type`, `visible_in_overview`, `overview_width`, `tab_name`, `group_name`, `inputtype`, `display_name`, `property_name`, `explanation`, `ordering`, `regex_validation`, `mandatory`, `readonly`, `default_value`, `automation`, `css`, `width`, `height`, `options`, `data_query`, `action_query`, `search_query`, `search_count_query`, `grid_delete_query`, `grid_insert_query`, `grid_update_query`, `depends_on_field`, `depends_on_operator`, `depends_on_value`, `language_code`, `custom_script`, `also_save_seo_value`, `depends_on_action`, `save_on_change`, `extended_explanation`, `label_style`, `label_width`) VALUES (25, 5533, 'seo', 0, 0, 100, '', '', 'checkbox', 'No index', 'no_index', 'Hiermee kan aangegeven worden dat deze pagina niet geindexeerd moet worden door zoekmachines.', 6, '', 0, 0, NULL, '', NULL, 100, 0, NULL, NULL, NULL, NULL, NULL, NULL, NULL, NULL, NULL, NULL, NULL, '', NULL, 0, NULL, 0, 0, 'normal', '0');
INSERT INTO `wiser_entityproperty` (`id`, `module_id`, `entity_name`, `link_type`, `visible_in_overview`, `overview_width`, `tab_name`, `group_name`, `inputtype`, `display_name`, `property_name`, `explanation`, `ordering`, `regex_validation`, `mandatory`, `readonly`, `default_value`, `automation`, `css`, `width`, `height`, `options`, `data_query`, `action_query`, `search_query`, `search_count_query`, `grid_delete_query`, `grid_insert_query`, `grid_update_query`, `depends_on_field`, `depends_on_operator`, `depends_on_value`, `language_code`, `custom_script`, `also_save_seo_value`, `depends_on_action`, `save_on_change`, `extended_explanation`, `label_style`, `label_width`) VALUES (26, 5533, 'seo', 0, 0, 100, '', '', 'checkbox', 'No follow', 'no_follow', 'HIermee kan aangegeven worden dat zoekmachines eventuele links op deze pagina niet moeten volgen.', 7, '', 0, 0, NULL, '', NULL, 100, 0, NULL, NULL, NULL, NULL, NULL, NULL, NULL, NULL, NULL, NULL, NULL, '', NULL, 0, NULL, 0, 0, 'normal', '0');
INSERT INTO `wiser_entityproperty` (`id`, `module_id`, `entity_name`, `link_type`, `visible_in_overview`, `overview_width`, `tab_name`, `group_name`, `inputtype`, `display_name`, `property_name`, `explanation`, `ordering`, `regex_validation`, `mandatory`, `readonly`, `default_value`, `automation`, `css`, `width`, `height`, `options`, `data_query`, `action_query`, `search_query`, `search_count_query`, `grid_delete_query`, `grid_insert_query`, `grid_update_query`, `depends_on_field`, `depends_on_operator`, `depends_on_value`, `language_code`, `custom_script`, `also_save_seo_value`, `depends_on_action`, `save_on_change`, `extended_explanation`, `label_style`, `label_width`) VALUES (27, 5533, 'seo', 0, 0, 100, '', '', 'HTMLeditor', 'SEO text', 'seo_text', 'Hiermee kan een tekst getoond worden op een specifieke plaats op de pagina. Dit werkt alleen indien hier rekening mee is gehouden met het onwikkelen van de website. Voor meer informatie, neem contact op met ons.', 8, '', 0, 0, NULL, '', NULL, 100, 0, NULL, NULL, NULL, NULL, NULL, NULL, NULL, NULL, NULL, NULL, NULL, '', NULL, 0, NULL, 0, 0, 'normal', '0');
INSERT INTO `wiser_entityproperty` (`id`, `module_id`, `entity_name`, `link_type`, `visible_in_overview`, `overview_width`, `tab_name`, `group_name`, `inputtype`, `display_name`, `property_name`, `explanation`, `ordering`, `regex_validation`, `mandatory`, `readonly`, `default_value`, `automation`, `css`, `width`, `height`, `options`, `data_query`, `action_query`, `search_query`, `search_count_query`, `grid_delete_query`, `grid_insert_query`, `grid_update_query`, `depends_on_field`, `depends_on_operator`, `depends_on_value`, `language_code`, `custom_script`, `also_save_seo_value`, `depends_on_action`, `save_on_change`, `extended_explanation`, `label_style`, `label_width`) VALUES (28, 5533, 'seo', 0, 0, 100, '', '', 'input', 'H1 header', 'h1', 'Hiermee kan een H1 kop getoond worden op een specifieke plaats op de pagina. Dit werkt alleen indien hier rekening mee is gehouden met het onwikkelen van de website. Voor meer informatie, neem contact op met ons.', 9, '', 0, 0, NULL, '', NULL, 100, 0, NULL, NULL, NULL, NULL, NULL, NULL, NULL, NULL, NULL, NULL, NULL, '', NULL, 0, NULL, 0, 0, 'normal', '0');
INSERT INTO `wiser_entityproperty` (`id`, `module_id`, `entity_name`, `link_type`, `visible_in_overview`, `overview_width`, `tab_name`, `group_name`, `inputtype`, `display_name`, `property_name`, `explanation`, `ordering`, `regex_validation`, `mandatory`, `readonly`, `default_value`, `automation`, `css`, `width`, `height`, `options`, `data_query`, `action_query`, `search_query`, `search_count_query`, `grid_delete_query`, `grid_insert_query`, `grid_update_query`, `depends_on_field`, `depends_on_operator`, `depends_on_value`, `language_code`, `custom_script`, `also_save_seo_value`, `depends_on_action`, `save_on_change`, `extended_explanation`, `label_style`, `label_width`) VALUES (29, 5533, 'seo', 0, 0, 100, '', '', 'input', 'H2 header', 'h2', 'Hiermee kan een H2 kop getoond worden op een specifieke plaats op de pagina. Dit werkt alleen indien hier rekening mee is gehouden met het onwikkelen van de website. Voor meer informatie, neem contact op met ons.', 10, '', 0, 0, NULL, '', NULL, 100, 0, NULL, NULL, NULL, NULL, NULL, NULL, NULL, NULL, NULL, NULL, NULL, '', NULL, 0, NULL, 0, 0, 'normal', '0');
INSERT INTO `wiser_entityproperty` (`id`, `module_id`, `entity_name`, `link_type`, `visible_in_overview`, `overview_width`, `tab_name`, `group_name`, `inputtype`, `display_name`, `property_name`, `explanation`, `ordering`, `regex_validation`, `mandatory`, `readonly`, `default_value`, `automation`, `css`, `width`, `height`, `options`, `data_query`, `action_query`, `search_query`, `search_count_query`, `grid_delete_query`, `grid_insert_query`, `grid_update_query`, `depends_on_field`, `depends_on_operator`, `depends_on_value`, `language_code`, `custom_script`, `also_save_seo_value`, `depends_on_action`, `save_on_change`, `extended_explanation`, `label_style`, `label_width`) VALUES (30, 5533, 'seo', 0, 0, 100, '', '', 'input', 'H3 header', 'h3', 'Hiermee kan een H3 kop getoond worden op een specifieke plaats op de pagina. Dit werkt alleen indien hier rekening mee is gehouden met het onwikkelen van de website. Voor meer informatie, neem contact op met ons.', 11, '', 0, 0, NULL, '', NULL, 100, 0, NULL, NULL, NULL, NULL, NULL, NULL, NULL, NULL, NULL, NULL, NULL, '', NULL, 0, NULL, 0, 0, 'normal', '0');

# Redirects
INSERT INTO `wiser_entityproperty` (`id`, `module_id`, `entity_name`, `link_type`, `visible_in_overview`, `overview_width`, `tab_name`, `group_name`, `inputtype`, `display_name`, `property_name`, `explanation`, `ordering`, `regex_validation`, `mandatory`, `readonly`, `default_value`, `automation`, `css`, `width`, `height`, `options`, `data_query`, `action_query`, `search_query`, `search_count_query`, `grid_delete_query`, `grid_insert_query`, `grid_update_query`, `depends_on_field`, `depends_on_operator`, `depends_on_value`, `language_code`, `custom_script`, `also_save_seo_value`, `depends_on_action`, `save_on_change`, `extended_explanation`, `label_style`, `label_width`) VALUES (31, 5534, 'redirect', 0, 0, 100, '', '', 'input', 'Oude URL', 'oldurl', 'De oude URL. Deze mag met of zonder domein ervoor ingevuld worden.', 1, '', 0, 0, NULL, '', NULL, 100, 0, NULL, NULL, NULL, NULL, NULL, NULL, NULL, NULL, NULL, NULL, NULL, '', NULL, 0, NULL, 0, 0, 'normal', '0');
INSERT INTO `wiser_entityproperty` (`id`, `module_id`, `entity_name`, `link_type`, `visible_in_overview`, `overview_width`, `tab_name`, `group_name`, `inputtype`, `display_name`, `property_name`, `explanation`, `ordering`, `regex_validation`, `mandatory`, `readonly`, `default_value`, `automation`, `css`, `width`, `height`, `options`, `data_query`, `action_query`, `search_query`, `search_count_query`, `grid_delete_query`, `grid_insert_query`, `grid_update_query`, `depends_on_field`, `depends_on_operator`, `depends_on_value`, `language_code`, `custom_script`, `also_save_seo_value`, `depends_on_action`, `save_on_change`, `extended_explanation`, `label_style`, `label_width`) VALUES (32, 5534, 'redirect', 0, 0, 100, '', '', 'input', 'Nieuwe URL', 'newurl', 'De nieuwe URL. Deze mag met of zonder domein ervoor ingevoerd worden.', 2, '', 0, 0, NULL, '', NULL, 100, 0, NULL, NULL, NULL, NULL, NULL, NULL, NULL, NULL, NULL, NULL, NULL, '', NULL, 0, NULL, 0, 0, 'normal', '0');
INSERT INTO `wiser_entityproperty` (`id`, `module_id`, `entity_name`, `link_type`, `visible_in_overview`, `overview_width`, `tab_name`, `group_name`, `inputtype`, `display_name`, `property_name`, `explanation`, `ordering`, `regex_validation`, `mandatory`, `readonly`, `default_value`, `automation`, `css`, `width`, `height`, `options`, `data_query`, `action_query`, `search_query`, `search_count_query`, `grid_delete_query`, `grid_insert_query`, `grid_update_query`, `depends_on_field`, `depends_on_operator`, `depends_on_value`, `language_code`, `custom_script`, `also_save_seo_value`, `depends_on_action`, `save_on_change`, `extended_explanation`, `label_style`, `label_width`) VALUES (33, 5534, 'redirect', 0, 0, 100, '', '', 'checkbox', 'Permanent', 'permanent', 'Geef aan of de redirect permanent (301) is of tijdelijk (302).', 3, '', 0, 0, NULL, '', NULL, 30, 0, NULL, NULL, NULL, NULL, NULL, NULL, NULL, NULL, NULL, NULL, NULL, '', NULL, 0, NULL, 0, 0, 'normal', '0');
INSERT INTO `wiser_entityproperty` (`id`, `module_id`, `entity_name`, `link_type`, `visible_in_overview`, `overview_width`, `tab_name`, `group_name`, `inputtype`, `display_name`, `property_name`, `explanation`, `ordering`, `regex_validation`, `mandatory`, `readonly`, `default_value`, `automation`, `css`, `width`, `height`, `options`, `data_query`, `action_query`, `search_query`, `search_count_query`, `grid_delete_query`, `grid_insert_query`, `grid_update_query`, `depends_on_field`, `depends_on_operator`, `depends_on_value`, `language_code`, `custom_script`, `also_save_seo_value`, `depends_on_action`, `save_on_change`, `extended_explanation`, `label_style`, `label_width`) VALUES (34, 5534, 'redirect', 0, 0, 100, '', '', 'numeric-input', 'Volgnummer', 'ordering', 'Volgorde nummer voor afhandeling. Hoe hoger, hoe eerder de regel wordt afgehandeld.', 4, '', 0, 0, NULL, '', NULL, 20, 0, '{\"decimals\": 0, \"format\": \"0\"}', NULL, NULL, NULL, NULL, NULL, NULL, NULL, NULL, NULL, NULL, '', NULL, 0, NULL, 0, 0, 'normal', '0');

# Content Builder
INSERT INTO `wiser_entityproperty` (`module_id`, `entity_name`, `visible_in_overview`, `overview_width`, `tab_name`, `group_name`, `inputtype`, `display_name`, `property_name`, `explanation`, `ordering`, `mandatory`, `readonly`, `default_value`, `css`, `width`, `height`, `options`, `data_query`, `action_query`, `search_query`, `search_count_query`, `grid_delete_query`, `grid_insert_query`, `grid_update_query`, `depends_on_field`, `depends_on_operator`, `depends_on_value`, `language_code`, `custom_script`, `also_save_seo_value`, `depends_on_action`, `save_on_change`, `link_type`, `extended_explanation`, `label_style`, `label_width`) VALUES (700, 'content-builder-snippet', 0, 100, '', '', 'textbox', 'HTML', 'html', NULL, 2, 0, 0, NULL, NULL, 100, 500, '{ \"type\": \"html\" }', NULL, NULL, NULL, NULL, NULL, NULL, NULL, NULL, NULL, NULL, '', NULL, 0, NULL, 0, 0, 0, 'normal', '0');
INSERT INTO `wiser_entityproperty` (`module_id`, `entity_name`, `visible_in_overview`, `overview_width`, `tab_name`, `group_name`, `inputtype`, `display_name`, `property_name`, `explanation`, `ordering`, `mandatory`, `readonly`, `default_value`, `css`, `width`, `height`, `options`, `data_query`, `action_query`, `search_query`, `search_count_query`, `grid_delete_query`, `grid_insert_query`, `grid_update_query`, `depends_on_field`, `depends_on_operator`, `depends_on_value`, `language_code`, `custom_script`, `also_save_seo_value`, `depends_on_action`, `save_on_change`, `link_type`, `extended_explanation`, `label_style`, `label_width`) VALUES (700, 'content-builder-snippet', 0, 100, '', '', 'image-upload', 'Voorbeeld', 'preview', NULL, 1, 0, 0, NULL, NULL, 100, 0, NULL, NULL, NULL, NULL, NULL, NULL, NULL, NULL, NULL, NULL, NULL, '', NULL, 0, NULL, 0, 0, 0, 'normal', '0');
INSERT INTO `wiser_entityproperty` (`module_id`, `entity_name`, `visible_in_overview`, `overview_width`, `tab_name`, `group_name`, `inputtype`, `display_name`, `property_name`, `explanation`, `ordering`, `mandatory`, `readonly`, `default_value`, `css`, `width`, `height`, `options`, `data_query`, `action_query`, `search_query`, `search_count_query`, `grid_delete_query`, `grid_insert_query`, `grid_update_query`, `depends_on_field`, `depends_on_operator`, `depends_on_value`, `language_code`, `custom_script`, `also_save_seo_value`, `depends_on_action`, `save_on_change`, `link_type`, `extended_explanation`, `label_style`, `label_width`) VALUES (700, 'content-box-template', 0, 100, '', '', 'textbox', 'HTML', 'html', NULL, 2, 0, 0, NULL, NULL, 100, 500, '{ \"type\": \"html\" }', NULL, NULL, NULL, NULL, NULL, NULL, NULL, NULL, NULL, NULL, '', NULL, 0, NULL, 0, 0, 0, 'normal', '0');
INSERT INTO `wiser_entityproperty` (`module_id`, `entity_name`, `visible_in_overview`, `overview_width`, `tab_name`, `group_name`, `inputtype`, `display_name`, `property_name`, `explanation`, `ordering`, `mandatory`, `readonly`, `default_value`, `css`, `width`, `height`, `options`, `data_query`, `action_query`, `search_query`, `search_count_query`, `grid_delete_query`, `grid_insert_query`, `grid_update_query`, `depends_on_field`, `depends_on_operator`, `depends_on_value`, `language_code`, `custom_script`, `also_save_seo_value`, `depends_on_action`, `save_on_change`, `link_type`, `extended_explanation`, `label_style`, `label_width`) VALUES (700, 'content-box-template', 0, 100, '', '', 'image-upload', 'Voorbeeld', 'preview', NULL, 1, 0, 0, NULL, NULL, 100, 0, NULL, NULL, NULL, NULL, NULL, NULL, NULL, NULL, NULL, NULL, NULL, '', NULL, 0, NULL, 0, 0, 0, 'normal', '0');

# Template
INSERT INTO `wiser_entityproperty` (`module_id`, `entity_name`, `tab_name`, `group_name`, `inputtype`, `display_name`, `property_name`, `explanation`, `ordering`, `mandatory`, `readonly`, `default_value`, `css`, `width`, `height`, `options`, `depends_on_field`, `depends_on_operator`, `depends_on_value`, `language_code`, `custom_script`, `also_save_seo_value`, `depends_on_action`, `save_on_change`, `link_type`, `extended_explanation`, `label_style`, `label_width`) VALUES (700, 'template', '', '', 'action-button', 'Test deze template', 'test_template', '', 0, 0, 0, NULL, NULL, 100, 0, '{\r\n	\"text\": \"Test\",\r\n	\"icon\": \"pdf\",\r\n	\"actions\": [\r\n		{\r\n			\"type\": \"generateFile\",\r\n			\"queryId\": 3,\r\n			\"contentPropertyName\": \"html_template\",\r\n			\"pdfHeaderPropertyName\": \"header\",\r\n			\"pdfFooterPropertyName\": \"footer\",\r\n			\"contentItemId\": \"{itemId}\",\r\n			\"itemId\": \"{itemId}\"\r\n		}\r\n	]\r\n}', NULL, NULL, NULL, '', NULL, 0, NULL, 0, 0, 0, 'normal', '0');
INSERT INTO `wiser_entityproperty` (`module_id`, `entity_name`, `tab_name`, `group_name`, `inputtype`, `display_name`, `property_name`, `explanation`, `ordering`, `mandatory`, `readonly`, `default_value`, `css`, `width`, `height`, `options`, `depends_on_field`, `depends_on_operator`, `depends_on_value`, `language_code`, `custom_script`, `also_save_seo_value`, `depends_on_action`, `save_on_change`, `link_type`, `extended_explanation`, `label_style`, `label_width`) VALUES (700, 'template', '', '', 'HTMLeditor', 'HTML-template', 'html_template', '', 1, 0, 0, NULL, NULL, 100, 600, '{ \"mode\": 99 }', NULL, NULL, NULL, '', NULL, 0, NULL, 0, 0, 1, 'normal', '0');
INSERT INTO `wiser_entityproperty` (`module_id`, `entity_name`, `tab_name`, `group_name`, `inputtype`, `display_name`, `property_name`, `explanation`, `ordering`, `mandatory`, `readonly`, `default_value`, `css`, `width`, `height`, `options`, `depends_on_field`, `depends_on_operator`, `depends_on_value`, `language_code`, `custom_script`, `also_save_seo_value`, `depends_on_action`, `save_on_change`, `link_type`, `extended_explanation`, `label_style`, `label_width`) VALUES (700, 'template', 'PDF', '', 'image-upload', 'Achtergrondafbeelding', 'background_image', '', 2, 0, 0, NULL, NULL, 100, 0, NULL, NULL, NULL, NULL, '', NULL, 0, NULL, 0, 0, 1, 'normal', '0');
INSERT INTO `wiser_entityproperty` (`module_id`, `entity_name`, `tab_name`, `group_name`, `inputtype`, `display_name`, `property_name`, `explanation`, `ordering`, `mandatory`, `readonly`, `default_value`, `css`, `width`, `height`, `options`, `depends_on_field`, `depends_on_operator`, `depends_on_value`, `language_code`, `custom_script`, `also_save_seo_value`, `depends_on_action`, `save_on_change`, `link_type`, `extended_explanation`, `label_style`, `label_width`) VALUES (700, 'template', 'PDF', '', 'input', 'Documentopties', 'documentoptions', '', 3, 0, 0, NULL, NULL, 100, 0, NULL, NULL, NULL, NULL, '', NULL, 0, NULL, 0, 0, 1, 'normal', '0');
INSERT INTO `wiser_entityproperty` (`module_id`, `entity_name`, `tab_name`, `group_name`, `inputtype`, `display_name`, `property_name`, `explanation`, `ordering`, `mandatory`, `readonly`, `default_value`, `css`, `width`, `height`, `options`, `depends_on_field`, `depends_on_operator`, `depends_on_value`, `language_code`, `custom_script`, `also_save_seo_value`, `depends_on_action`, `save_on_change`, `link_type`, `extended_explanation`, `label_style`, `label_width`) VALUES (700, 'template', 'PDF', '', 'HTMLeditor', 'Header', 'header', '', 4, 0, 0, NULL, NULL, 100, 400, '{ \"mode\": 99 }', NULL, NULL, NULL, '', NULL, 0, NULL, 0, 0, 0, 'normal', '0');
INSERT INTO `wiser_entityproperty` (`module_id`, `entity_name`, `tab_name`, `group_name`, `inputtype`, `display_name`, `property_name`, `explanation`, `ordering`, `mandatory`, `readonly`, `default_value`, `css`, `width`, `height`, `options`, `depends_on_field`, `depends_on_operator`, `depends_on_value`, `language_code`, `custom_script`, `also_save_seo_value`, `depends_on_action`, `save_on_change`, `link_type`, `extended_explanation`, `label_style`, `label_width`) VALUES (700, 'template', 'PDF', '', 'HTMLeditor', 'Footer', 'footer', '', 5, 0, 0, NULL, NULL, 100, 400, '{ \"mode\": 99 }', NULL, NULL, NULL, '', NULL, 0, NULL, 0, 0, 0, 'normal', '0');

# Data selector
INSERT INTO `wiser_entityproperty` (`module_id`, `entity_name`, `tab_name`, `group_name`, `inputtype`, `display_name`, `property_name`, `explanation`, `ordering`, `mandatory`, `readonly`, `default_value`, `css`, `width`, `height`, `options`, `depends_on_field`, `depends_on_operator`, `depends_on_value`, `language_code`, `custom_script`, `also_save_seo_value`, `depends_on_action`, `save_on_change`, `link_type`, `extended_explanation`, `label_style`, `label_width`) VALUES (700, 'dataselector-template', '', '', 'HTMLeditor', 'Template', 'template', '', 1, 0, 0, NULL, NULL, 100, 600, '{ \"mode\": 99 }', NULL, NULL, NULL, '', NULL, 0, NULL, 0, 0, 1, 'normal', '0');

# Widgets
INSERT INTO `wiser_entityproperty` (`entity_name`, `tab_name`, `group_name`, `inputtype`, `display_name`, `property_name`, `explanation`, `ordering`, `mandatory`, `readonly`, `default_value`, `width`, `height`, `options`, `extended_explanation`) VALUES ('page-widget', '', '', 'textbox', 'HTML', 'html', 'Hiermee kan een stuk javascript, CSS of HTML toegevoegd worden die op elke pagina van de website wordt geladen. Dit moet wel altijd HTML zijn, dus als je bijvoorbeeld javascript wilt toevoegen, dan moet je ook de &lt;script type=\"javascript\"&gt;&lt;/script&gt; tags toevoegen en daartussen de javascript zetten. Bij CSS is dit &lt;style&gt;&lt;/style&gt;. Dit kan alleen CSS zijn, geen SCSS.', 2, 0, 0, '', 100, 0, '{\"type\":\"html\"}', 0);
INSERT INTO `wiser_entityproperty` (`entity_name`, `tab_name`, `group_name`, `inputtype`, `display_name`, `property_name`, `explanation`, `ordering`, `mandatory`, `readonly`, `default_value`, `width`, `height`, `options`, `extended_explanation`) VALUES ('page-widget', '', '', 'combobox', 'Locatie', 'location', '', 1, 0, 0, 'headerBottom', 100, 0, '{\"useDropDownList\":true,\"dataSource\":[{\"id\":0,\"name\":\"Bovenaan in header van pagina\"},{\"id\":1,\"name\":\"Onderaan in header van pagina\"},{\"id\":2,\"name\":\"Bovenaan in body van pagina\"},{\"id\":3,\"name\":\"Onderaan in body van pagina\"}],\"mode\":\"\",\"mainImageUrl\":\"\",\"imagePropertyName\":\"\"}', 0);

# FTP settings
INSERT INTO `wiser_entityproperty` (`module_id`, `entity_name`, `link_type`, `visible_in_overview`, `overview_width`, `tab_name`, `group_name`, `inputtype`, `display_name`, `property_name`, `explanation`, `ordering`, `mandatory`, `readonly`, `default_value`, `width`, `height`, `options`, `data_query`, `action_query`, `search_query`, `search_count_query`, `grid_delete_query`, `grid_insert_query`, `grid_update_query`, `depends_on_field`, `depends_on_operator`, `depends_on_value`, `language_code`, `custom_script`, `also_save_seo_value`, `depends_on_action`, `save_on_change`, `extended_explanation`, `label_style`, `label_width`, `enable_aggregation`, `aggregate_options`) VALUES (700, 'ftp_configuration', 0, 0, 100, '', '', 'input', 'Server', 'host', 'IP of domein van server waar de FTP staat', 2, 1, 0, NULL, 50, 0, NULL, NULL, NULL, NULL, NULL, NULL, NULL, NULL, NULL, NULL, NULL, '', NULL, 0, NULL, 0, 0, 'normal', '0', 0, NULL);
INSERT INTO `wiser_entityproperty` (`module_id`, `entity_name`, `link_type`, `visible_in_overview`, `overview_width`, `tab_name`, `group_name`, `inputtype`, `display_name`, `property_name`, `explanation`, `ordering`, `mandatory`, `readonly`, `default_value`, `width`, `height`, `options`, `data_query`, `action_query`, `search_query`, `search_count_query`, `grid_delete_query`, `grid_insert_query`, `grid_update_query`, `depends_on_field`, `depends_on_operator`, `depends_on_value`, `language_code`, `custom_script`, `also_save_seo_value`, `depends_on_action`, `save_on_change`, `extended_explanation`, `label_style`, `label_width`, `enable_aggregation`, `aggregate_options`) VALUES (700, 'ftp_configuration', 0, 0, 100, '', '', 'combobox', 'Mode', 'mode', 'Welk soort FTP gebruikt moet worden.', 1, 1, 0, NULL, 50, 0, '{\r\n	\"useDropDownList\": true,\r\n	\"dataSource\": [\r\n		{ \"name\": \"Onbeveiligd\", \"id\": \"unsecure\" },\r\n		{ \"name\": \"SSL\", \"id\": \"ssl\" },\r\n		{ \"name\": \"SFTP\", \"id\": \"sftp\" }\r\n	]\r\n}', NULL, NULL, NULL, NULL, NULL, NULL, NULL, NULL, NULL, NULL, '', NULL, 0, NULL, 0, 0, 'normal', '0', 0, NULL);
INSERT INTO `wiser_entityproperty` (`module_id`, `entity_name`, `link_type`, `visible_in_overview`, `overview_width`, `tab_name`, `group_name`, `inputtype`, `display_name`, `property_name`, `explanation`, `ordering`, `mandatory`, `readonly`, `default_value`, `width`, `height`, `options`, `data_query`, `action_query`, `search_query`, `search_count_query`, `grid_delete_query`, `grid_insert_query`, `grid_update_query`, `depends_on_field`, `depends_on_operator`, `depends_on_value`, `language_code`, `custom_script`, `also_save_seo_value`, `depends_on_action`, `save_on_change`, `extended_explanation`, `label_style`, `label_width`, `enable_aggregation`, `aggregate_options`) VALUES (700, 'ftp_configuration', 0, 0, 100, '', '', 'secure-input', 'Wachtwoord', 'password', NULL, 4, 1, 0, NULL, 50, 0, '{\r\n	\"type\": \"password\",\r\n	\"securityMethod\": \"JCL_AES\"\r\n}', NULL, NULL, NULL, NULL, NULL, NULL, NULL, NULL, NULL, NULL, '', NULL, 0, NULL, 0, 0, 'normal', '0', 0, NULL);
INSERT INTO `wiser_entityproperty` (`module_id`, `entity_name`, `link_type`, `visible_in_overview`, `overview_width`, `tab_name`, `group_name`, `inputtype`, `display_name`, `property_name`, `explanation`, `ordering`, `mandatory`, `readonly`, `default_value`, `width`, `height`, `options`, `data_query`, `action_query`, `search_query`, `search_count_query`, `grid_delete_query`, `grid_insert_query`, `grid_update_query`, `depends_on_field`, `depends_on_operator`, `depends_on_value`, `language_code`, `custom_script`, `also_save_seo_value`, `depends_on_action`, `save_on_change`, `extended_explanation`, `label_style`, `label_width`, `enable_aggregation`, `aggregate_options`) VALUES (700, 'ftp_configuration', 0, 0, 100, '', '', 'input', 'Hoofdmap', 'root_directory', 'Optioneel: De map waarmee de FTP-verbinding altijd moet beginnen. Uploaden of downloaden van bestanden gaat dan altijd vanuit deze map of een submap hiervan.', 5, 0, 0, NULL, 100, 0, NULL, NULL, NULL, NULL, NULL, NULL, NULL, NULL, NULL, NULL, NULL, '', NULL, 0, NULL, 0, 0, 'normal', '0', 0, NULL);
INSERT INTO `wiser_entityproperty` (`module_id`, `entity_name`, `link_type`, `visible_in_overview`, `overview_width`, `tab_name`, `group_name`, `inputtype`, `display_name`, `property_name`, `explanation`, `ordering`, `mandatory`, `readonly`, `default_value`, `width`, `height`, `options`, `data_query`, `action_query`, `search_query`, `search_count_query`, `grid_delete_query`, `grid_insert_query`, `grid_update_query`, `depends_on_field`, `depends_on_operator`, `depends_on_value`, `language_code`, `custom_script`, `also_save_seo_value`, `depends_on_action`, `save_on_change`, `extended_explanation`, `label_style`, `label_width`, `enable_aggregation`, `aggregate_options`) VALUES (700, 'ftp_configuration', 0, 0, 100, '', '', 'input', 'Gebruikersnaam', 'username', NULL, 3, 1, 0, NULL, 50, 0, NULL, NULL, NULL, NULL, NULL, NULL, NULL, NULL, NULL, NULL, NULL, '', NULL, 0, NULL, 0, 0, 'normal', '0', 0, NULL);

-- ----------------------------
-- Records of wiser_item
-- ----------------------------
# Admin user.
INSERT INTO `wiser_item`(`id`, `unique_uuid`, `entity_type`, `moduleid`, `published_environment`, `readonly`, `title`, `added_on`, `added_by`, `changed_on`, `changed_by`) VALUES (1, '', 'wiseruser', 806, 15, 0, 'Admin', NOW(), 'Systeem', NULL, '');
# Welcome task alert.
INSERT INTO `wiser_item`(`id`, `unique_uuid`, `entity_type`, `moduleid`, `published_environment`, `readonly`, `title`, `added_on`, `added_by`, `changed_on`, `changed_by`) VALUES (2, '', 'agendering', 708, 15, 0, 'Admin', NOW(), 'Systeem', NULL, '');
# Root directory for images
INSERT INTO `wiser_item`(`id`, `unique_uuid`, `entity_type`, `moduleid`, `published_environment`, `readonly`, `title`, `added_on`, `added_by`, `changed_on`, `changed_by`) VALUES (3, '', 'filedirectory', 5531, 15, 0, 'Hoofdmap afbeeldingen', NOW(), 'Systeem', NULL, '');
# Root directory for files
INSERT INTO `wiser_item`(`id`, `unique_uuid`, `entity_type`, `moduleid`, `published_environment`, `readonly`, `title`, `added_on`, `added_by`, `changed_on`, `changed_by`) VALUES (4, '', 'filedirectory', 5531, 15, 0, 'Hoofdmap bestanden', NOW(), 'Systeem', NULL, '');
# Root directory for templates
INSERT INTO `wiser_item`(`id`, `unique_uuid`, `entity_type`, `moduleid`, `published_environment`, `readonly`, `title`, `added_on`, `added_by`, `changed_on`, `changed_by`) VALUES (5, '', 'filedirectory', 5531, 15, 0, 'Hoofdmap templates', NOW(), 'Systeem', NULL, '');
# Data selector templates
INSERT INTO `wiser_item`(`id`, `unique_uuid`, `entity_type`, `moduleid`, `published_environment`, `readonly`, `title`, `added_on`, `added_by`, `changed_on`, `changed_by`) VALUES (6, '', 'map', 700, 15, 0, 'Data selector templates', NOW(), 'Systeem', NULL, '');
INSERT INTO `wiser_item`(`id`, `unique_uuid`, `parent_item_id`, `entity_type`, `moduleid`, `published_environment`, `readonly`, `title`, `added_on`, `added_by`, `changed_on`, `changed_by`) VALUES (7, '', 6, 'dataselector-template', 700, 15, 0, 'Voorbeeld', NOW(), 'Systeem', NULL, '');
# Content builder snippets
INSERT INTO `wiser_item`(`id`, `unique_uuid`, `entity_type`, `moduleid`, `published_environment`, `readonly`, `title`, `added_on`, `added_by`, `changed_on`, `changed_by`) VALUES (8, '', 'map', 700, 15, 0, 'Content builder snippets', NOW(), 'Systeem', NULL, '');
INSERT INTO `wiser_item`(`id`, `unique_uuid`, `parent_item_id`, `entity_type`, `moduleid`, `published_environment`, `readonly`, `title`, `added_on`, `added_by`, `changed_on`, `changed_by`) VALUES (9, '', 8, 'map', 700, 15, 0, 'Voorbeeld', NOW(), 'Systeem', NULL, '');
INSERT INTO `wiser_item`(`id`, `unique_uuid`, `parent_item_id`, `entity_type`, `moduleid`, `published_environment`, `readonly`, `title`, `added_on`, `added_by`, `changed_on`, `changed_by`) VALUES (10, '', 9, 'content-builder-snippet', 700, 15, 0, 'Voorbeeld', NOW(), 'Systeem', NULL, '');
# Content box templates
INSERT INTO `wiser_item`(`id`, `unique_uuid`, `entity_type`, `moduleid`, `published_environment`, `readonly`, `title`, `added_on`, `added_by`, `changed_on`, `changed_by`) VALUES (11, '', 'map', 700, 15, 0, 'Content box templates', NOW(), 'Systeem', NULL, '');
INSERT INTO `wiser_item`(`id`, `unique_uuid`, `parent_item_id`, `entity_type`, `moduleid`, `published_environment`, `readonly`, `title`, `added_on`, `added_by`, `changed_on`, `changed_by`) VALUES (12, '', 11, 'map', 700, 15, 0, 'Voorbeeld', NOW(), 'Systeem', NULL, '');
INSERT INTO `wiser_item`(`id`, `unique_uuid`, `parent_item_id`, `entity_type`, `moduleid`, `published_environment`, `readonly`, `title`, `added_on`, `added_by`, `changed_on`, `changed_by`) VALUES (13, '', 12, 'content-box-template', 700, 15, 0, 'Voorbeeld', NOW(), 'Systeem', NULL, '');

-- ----------------------------
-- Records of wiser_itemdetail
-- ----------------------------
# Admin user.
INSERT INTO `wiser_itemdetail`(`id`, `language_code`, `item_id`, `groupname`, `key`, `value`, `long_value`) VALUES (1, '', 1, '', 'email_address', '', '');
INSERT INTO `wiser_itemdetail`(`id`, `language_code`, `item_id`, `groupname`, `key`, `value`, `long_value`) VALUES (4, '', 1, '', 'password', 'HQPXXPmbW+UeP2InOt+URL3lJQ+wzLlnPgAa6n638fBFG1wuTLJmIw5M2JWYZaPXialY9n69RcChSdnZXIOYtOBfliZ8H1se', ''); # = admin
INSERT INTO `wiser_itemdetail`(`id`, `language_code`, `item_id`, `groupname`, `key`, `value`, `long_value`) VALUES (5, '', 1, '', 'require_password_change', '0', '');
INSERT INTO `wiser_itemdetail`(`id`, `language_code`, `item_id`, `groupname`, `key`, `value`, `long_value`) VALUES (6, '', 1, '', 'username', 'Admin', '');
# Welcome task alert.
INSERT INTO `wiser_itemdetail`(`language_code`, `item_id`, `groupname`, `key`, `value`, `long_value`) VALUES ('', 2, '', 'agendering_date', CURDATE(), '');
INSERT INTO `wiser_itemdetail`(`language_code`, `item_id`, `groupname`, `key`, `value`, `long_value`) VALUES ('', 2, '', 'content', 'Welkom bij Wiser!', '');
INSERT INTO `wiser_itemdetail`(`language_code`, `item_id`, `groupname`, `key`, `value`, `long_value`) VALUES ('', 2, '', 'placed_by', 'Admin', '');
INSERT INTO `wiser_itemdetail`(`language_code`, `item_id`, `groupname`, `key`, `value`, `long_value`) VALUES ('', 2, '', 'placed_by_id', '1', '');
INSERT INTO `wiser_itemdetail`(`language_code`, `item_id`, `groupname`, `key`, `value`, `long_value`) VALUES ('', 2, '', 'userid', '1', '');
INSERT INTO `wiser_itemdetail`(`language_code`, `item_id`, `groupname`, `key`, `value`, `long_value`) VALUES ('', 2, '', 'username', 'Admin', '');
# Data selector template
INSERT INTO `wiser_itemdetail`(`language_code`, `item_id`, `groupname`, `key`, `value`, `long_value`) VALUES ('', 7, '', 'template', '<ul>{repeat}<li>{itemtitle} ({id})</li>{/repeat} </ul>', '');

-- ----------------------------
-- Records of wiser_user_roles
-- ----------------------------
INSERT INTO `wiser_user_roles`(`id`, `user_id`, `role_id`) VALUES (1, 1, 1);

-- ----------------------------
-- Records of wiser_permission
-- ----------------------------
# Wiser users management module.
INSERT INTO `wiser_permission`(`id`, `role_id`, `entity_name`, `item_id`, `entity_property_id`, `permissions`, `module_id`) VALUES (1, 1, '', 0, 0, 15, 806);
# Webpages module.
INSERT INTO `wiser_permission`(`role_id`, `entity_name`, `item_id`, `entity_property_id`, `permissions`, `module_id`) VALUES (1, '', 0, 0, 15, 5505);
# Task alerts module.
INSERT INTO `wiser_permission`(`role_id`, `entity_name`, `item_id`, `entity_property_id`, `permissions`, `module_id`) VALUES (1, '', 0, 0, 15, 708);
# Redirect module.
INSERT INTO `wiser_permission`(`role_id`, `entity_name`, `item_id`, `entity_property_id`, `permissions`, `module_id`) VALUES (1, '', 0, 0, 15, 5534);
# Stamgegevens module.
INSERT INTO `wiser_permission`(`role_id`, `entity_name`, `item_id`, `entity_property_id`, `permissions`, `module_id`) VALUES (1, '', 0, 0, 15, 700);
# Import history module.
INSERT INTO `wiser_permission`(`role_id`, `entity_name`, `item_id`, `entity_property_id`, `permissions`, `module_id`) VALUES (1, '', 0, 0, 15, 5524);
# Admin module.
INSERT INTO `wiser_permission`(`role_id`, `entity_name`, `item_id`, `entity_property_id`, `permissions`, `module_id`) VALUES (1, '', 0, 0, 15, 737);
# Search module.
INSERT INTO `wiser_permission`(`role_id`, `entity_name`, `item_id`, `entity_property_id`, `permissions`, `module_id`) VALUES (1, '', 0, 0, 15, 709);
# Import/export module.
INSERT INTO `wiser_permission`(`role_id`, `entity_name`, `item_id`, `entity_property_id`, `permissions`, `module_id`) VALUES (1, '', 0, 0, 15, 738);
# Data selector module.
INSERT INTO `wiser_permission`(`role_id`, `entity_name`, `item_id`, `entity_property_id`, `permissions`, `module_id`) VALUES (1, '', 0, 0, 15, 706);
# Templates module.
INSERT INTO `wiser_permission`(`role_id`, `entity_name`, `item_id`, `entity_property_id`, `permissions`, `module_id`) VALUES (1, '', 0, 0, 15, 1);
# Dashboard module.
INSERT INTO `wiser_permission`(`role_id`, `entity_name`, `item_id`, `entity_property_id`, `permissions`, `module_id`) VALUES (1, '', 0, 0, 15, 5544);

-- ----------------------------
-- Records of wiser_link
-- ----------------------------
INSERT INTO `wiser_link` (`type`, `destination_entity_type`, `connected_entity_type`, `name`, `show_in_tree_view`, `show_in_data_selector`, `relationship`, `duplication`, `use_item_parent_id`) VALUES (1, '', 'map', 'Map in Stamgegevens', 1, 0, 'one-to-one', 'none', 1);
INSERT INTO `wiser_link` (`type`, `destination_entity_type`, `connected_entity_type`, `name`, `show_in_tree_view`, `show_in_data_selector`, `relationship`, `duplication`, `use_item_parent_id`) VALUES (1, 'filedirectory', 'filedirectory', 'Filedirectory', 1, 0, 'one-to-one', 'none', 1);
INSERT INTO `wiser_link` (`type`, `destination_entity_type`, `connected_entity_type`, `name`, `show_in_tree_view`, `show_in_data_selector`, `relationship`, `duplication`, `use_item_parent_id`) VALUES (1, 'map', 'template', 'template', 1, 0, 'one-to-one', 'none', 1);
INSERT INTO `wiser_link` (`type`, `destination_entity_type`, `connected_entity_type`, `name`, `show_in_tree_view`, `show_in_data_selector`, `relationship`, `duplication`, `use_item_parent_id`) VALUES (1, 'map', 'ftp_configuration', 'ftp_configuration', 1, 0, 'one-to-one', 'none', 1);
INSERT INTO `wiser_link` (`type`, `destination_entity_type`, `connected_entity_type`, `name`, `show_in_tree_view`, `show_in_data_selector`, `relationship`, `duplication`, `use_item_parent_id`) VALUES (1, 'map', 'content-builder-snippet', 'content-builder-snippet', 1, 0, 'one-to-one', 'none', 1);
INSERT INTO `wiser_link` (`type`, `destination_entity_type`, `connected_entity_type`, `name`, `show_in_tree_view`, `show_in_data_selector`, `relationship`, `duplication`, `use_item_parent_id`) VALUES (1, 'map', 'content-box-template', 'content-box-template', 1, 0, 'one-to-one', 'none', 1);
INSERT INTO `wiser_link` (`type`, `destination_entity_type`, `connected_entity_type`, `name`, `show_in_tree_view`, `show_in_data_selector`, `relationship`, `duplication`, `use_item_parent_id`) VALUES (1, 'map', 'shippingcost', 'shippingcost', 1, 0, 'one-to-one', 'none', 1);
INSERT INTO `wiser_link` (`type`, `destination_entity_type`, `connected_entity_type`, `name`, `show_in_tree_view`, `show_in_data_selector`, `relationship`, `duplication`, `use_item_parent_id`) VALUES (1, 'map', 'deliverymethod', 'deliverymethod', 1, 0, 'one-to-one', 'none', 1);
INSERT INTO `wiser_link` (`type`, `destination_entity_type`, `connected_entity_type`, `name`, `show_in_tree_view`, `show_in_data_selector`, `relationship`, `duplication`, `use_item_parent_id`) VALUES (1, 'map', 'paymentmethod', 'paymentmethod', 1, 0, 'one-to-one', 'none', 1);
INSERT INTO `wiser_link` (`type`, `destination_entity_type`, `connected_entity_type`, `name`, `show_in_tree_view`, `show_in_data_selector`, `relationship`, `duplication`, `use_item_parent_id`) VALUES (1, 'map', 'mailtemplate', 'mailtemplate', 1, 0, 'one-to-one', 'none', 1);
INSERT INTO `wiser_link` (`type`, `destination_entity_type`, `connected_entity_type`, `name`, `show_in_tree_view`, `show_in_data_selector`, `relationship`, `duplication`, `use_item_parent_id`) VALUES (1, 'map', 'filter', 'filter', 1, 0, 'one-to-one', 'none', 1);
INSERT INTO `wiser_link` (`type`, `destination_entity_type`, `connected_entity_type`, `name`, `show_in_tree_view`, `show_in_data_selector`, `relationship`, `duplication`, `use_item_parent_id`) VALUES (1, 'map', 'vatrate', 'vatrate', 1, 0, 'one-to-one', 'none', 1);
INSERT INTO `wiser_link` (`type`, `destination_entity_type`, `connected_entity_type`, `name`, `show_in_tree_view`, `show_in_data_selector`, `relationship`, `duplication`, `use_item_parent_id`) VALUES (1, 'map', 'vatrule', 'vatrule', 1, 0, 'one-to-one', 'none', 1);
INSERT INTO `wiser_link` (`type`, `destination_entity_type`, `connected_entity_type`, `name`, `show_in_tree_view`, `show_in_data_selector`, `relationship`, `duplication`, `use_item_parent_id`) VALUES (1, 'map', 'country', 'country', 1, 0, 'one-to-one', 'none', 1);
INSERT INTO `wiser_link` (`type`, `destination_entity_type`, `connected_entity_type`, `name`, `show_in_tree_view`, `show_in_data_selector`, `relationship`, `duplication`, `use_item_parent_id`) VALUES (1, 'map', 'dataselector-template', 'dataselector-template', 1, 0, 'one-to-one', 'none', 1);

-- ----------------------------
-- Records of wiser_data_selector
-- ----------------------------
INSERT INTO `wiser_data_selector` (`name`, `removed`, `module_selection`, `request_json`, `saved_json`, `added_on`, `changed_on`, `show_in_export_module`, `available_for_rendering`, `default_template`) VALUES ('Voorbeeld', 0, '', '{\"main\":{\"entityName\":\"map\",\"fields\":[{\"fieldname\":\"id\",\"fieldalias\":\"\",\"dataType\":\"string\",\"havingDataType\":\"string\",\"languagecode\":\"\",\"aggregationfunction\":\"\",\"formatting\":\"\"},{\"fieldname\":\"itemtitle\",\"fieldalias\":\"\",\"dataType\":\"string\",\"havingDataType\":\"string\",\"languagecode\":\"\",\"aggregationfunction\":\"\",\"formatting\":\"\"}]},\"orderBy\":[{\"fieldname\":\"itemtitle\",\"direction\":\"ASC\"}],\"limit\":\"0\",\"insecure\":true}', '{\"main\":{\"entityName\":\"map\",\"fields\":[{\"fieldname\":\"id\",\"fieldalias\":\"\",\"dataType\":\"string\",\"havingDataType\":\"string\",\"languagecode\":\"\",\"aggregationfunction\":\"\",\"formatting\":\"\"},{\"fieldname\":\"itemtitle\",\"fieldalias\":\"\",\"dataType\":\"string\",\"havingDataType\":\"string\",\"languagecode\":\"\",\"aggregationfunction\":\"\",\"formatting\":\"\"}]},\"useExportMode\":false,\"orderBy\":[{\"entityName\":\"map\",\"fieldName\":\"itemtitle\",\"fieldAlias\":\"\",\"direction\":\"ASC\"}],\"limit\":\"0\",\"insecure\":true}', NOW(), NOW(), 1, 1, 0);

-- ----------------------------
-- Records of wiser_template
-- ----------------------------
INSERT INTO `wiser_template` (`parent_id`, `template_name`, `template_data`, `template_data_minified`, `template_type`, `version`, `template_id`, `added_on`, `added_by`, `changed_on`, `changed_by`, `published_environment`, `cache_minutes`, `login_required`, `login_role`, `linked_templates`, `ordering`, `insert_mode`, `load_always`, `url_regex`, `external_files`, `grouping_create_object_instead_of_array`, `grouping_prefix`, `grouping_key`, `grouping_key_column_name`, `grouping_value_column_name`, `removed`, `is_scss_include_template`, `use_in_wiser_html_editors`, `pre_load_query`, `cache_location`, `return_not_found_when_pre_load_query_has_no_data`, `cache_regex`, `login_redirect_url`, `routine_type`, `routine_parameters`, `routine_return_type`, `disable_minifier`, `is_default_header`, `is_default_footer`, `default_header_footer_regex`) VALUES (NULL, 'HTML', NULL, NULL, 7, 1, 1, NOW(), '', NOW(), '', 15, 0, 0, NULL, NULL, 1, 0, 0, NULL, NULL, 0, NULL, NULL, NULL, NULL, 0, 0, 0, NULL, 0, 0, NULL, NULL, 0, NULL, NULL, 0, 0, 0, NULL);
INSERT INTO `wiser_template` (`parent_id`, `template_name`, `template_data`, `template_data_minified`, `template_type`, `version`, `template_id`, `added_on`, `added_by`, `changed_on`, `changed_by`, `published_environment`, `cache_minutes`, `login_required`, `login_role`, `linked_templates`, `ordering`, `insert_mode`, `load_always`, `url_regex`, `external_files`, `grouping_create_object_instead_of_array`, `grouping_prefix`, `grouping_key`, `grouping_key_column_name`, `grouping_value_column_name`, `removed`, `is_scss_include_template`, `use_in_wiser_html_editors`, `pre_load_query`, `cache_location`, `return_not_found_when_pre_load_query_has_no_data`, `cache_regex`, `login_redirect_url`, `routine_type`, `routine_parameters`, `routine_return_type`, `disable_minifier`, `is_default_header`, `is_default_footer`, `default_header_footer_regex`) VALUES (NULL, 'JS', NULL, NULL, 7, 1, 2, NOW(), '', NOW(), '', 15, 0, 0, NULL, NULL, 2, 0, 0, NULL, NULL, 0, NULL, NULL, NULL, NULL, 0, 0, 0, NULL, 0, 0, NULL, NULL, 0, NULL, NULL, 0, 0, 0, NULL);
INSERT INTO `wiser_template` (`parent_id`, `template_name`, `template_data`, `template_data_minified`, `template_type`, `version`, `template_id`, `added_on`, `added_by`, `changed_on`, `changed_by`, `published_environment`, `cache_minutes`, `login_required`, `login_role`, `linked_templates`, `ordering`, `insert_mode`, `load_always`, `url_regex`, `external_files`, `grouping_create_object_instead_of_array`, `grouping_prefix`, `grouping_key`, `grouping_key_column_name`, `grouping_value_column_name`, `removed`, `is_scss_include_template`, `use_in_wiser_html_editors`, `pre_load_query`, `cache_location`, `return_not_found_when_pre_load_query_has_no_data`, `cache_regex`, `login_redirect_url`, `routine_type`, `routine_parameters`, `routine_return_type`, `disable_minifier`, `is_default_header`, `is_default_footer`, `default_header_footer_regex`) VALUES (NULL, 'SCSS', NULL, NULL, 7, 1, 3, NOW(), '', NOW(), '', 15, 0, 0, NULL, NULL, 3, 0, 0, NULL, NULL, 0, NULL, NULL, NULL, NULL, 0, 0, 0, NULL, 0, 0, NULL, NULL, 0, NULL, NULL, 0, 0, 0, NULL);
INSERT INTO `wiser_template` (`parent_id`, `template_name`, `template_data`, `template_data_minified`, `template_type`, `version`, `template_id`, `added_on`, `added_by`, `changed_on`, `changed_by`, `published_environment`, `cache_minutes`, `login_required`, `login_role`, `linked_templates`, `ordering`, `insert_mode`, `load_always`, `url_regex`, `external_files`, `grouping_create_object_instead_of_array`, `grouping_prefix`, `grouping_key`, `grouping_key_column_name`, `grouping_value_column_name`, `removed`, `is_scss_include_template`, `use_in_wiser_html_editors`, `pre_load_query`, `cache_location`, `return_not_found_when_pre_load_query_has_no_data`, `cache_regex`, `login_redirect_url`, `routine_type`, `routine_parameters`, `routine_return_type`, `disable_minifier`, `is_default_header`, `is_default_footer`, `default_header_footer_regex`) VALUES (NULL, 'CSS', NULL, NULL, 7, 1, 4, NOW(), '', NOW(), '', 15, 0, 0, NULL, NULL, 4, 0, 0, NULL, NULL, 0, NULL, NULL, NULL, NULL, 0, 0, 0, NULL, 0, 0, NULL, NULL, 0, NULL, NULL, 0, 0, 0, NULL);
INSERT INTO `wiser_template` (`parent_id`, `template_name`, `template_data`, `template_data_minified`, `template_type`, `version`, `template_id`, `added_on`, `added_by`, `changed_on`, `changed_by`, `published_environment`, `cache_minutes`, `login_required`, `login_role`, `linked_templates`, `ordering`, `insert_mode`, `load_always`, `url_regex`, `external_files`, `grouping_create_object_instead_of_array`, `grouping_prefix`, `grouping_key`, `grouping_key_column_name`, `grouping_value_column_name`, `removed`, `is_scss_include_template`, `use_in_wiser_html_editors`, `pre_load_query`, `cache_location`, `return_not_found_when_pre_load_query_has_no_data`, `cache_regex`, `login_redirect_url`, `routine_type`, `routine_parameters`, `routine_return_type`, `disable_minifier`, `is_default_header`, `is_default_footer`, `default_header_footer_regex`) VALUES (NULL, 'SQL', NULL, NULL, 7, 1, 5, NOW(), '', NOW(), '', 15, 0, 0, NULL, NULL, 5, 0, 0, NULL, NULL, 0, NULL, NULL, NULL, NULL, 0, 0, 0, NULL, 0, 0, NULL, NULL, 0, NULL, NULL, 0, 0, 0, NULL);
INSERT INTO `wiser_template` (`parent_id`, `template_name`, `template_data`, `template_data_minified`, `template_type`, `version`, `template_id`, `added_on`, `added_by`, `changed_on`, `changed_by`, `published_environment`, `cache_minutes`, `login_required`, `login_role`, `linked_templates`, `ordering`, `insert_mode`, `load_always`, `url_regex`, `external_files`, `grouping_create_object_instead_of_array`, `grouping_prefix`, `grouping_key`, `grouping_key_column_name`, `grouping_value_column_name`, `removed`, `is_scss_include_template`, `use_in_wiser_html_editors`, `pre_load_query`, `cache_location`, `return_not_found_when_pre_load_query_has_no_data`, `cache_regex`, `login_redirect_url`, `routine_type`, `routine_parameters`, `routine_return_type`, `disable_minifier`, `is_default_header`, `is_default_footer`, `default_header_footer_regex`) VALUES (NULL, 'SERVICES', NULL, NULL, 7, 1, 6, NOW(), '', NOW(), '', 15, 0, 0, NULL, NULL, 6, 0, 0, NULL, NULL, 0, NULL, NULL, NULL, NULL, 0, 0, 0, NULL, 0, 0, NULL, NULL, 0, NULL, NULL, 0, 0, 0, NULL);
INSERT INTO `wiser_template` (`parent_id`, `template_name`, `template_data`, `template_data_minified`, `template_type`, `version`, `template_id`, `added_on`, `added_by`, `changed_on`, `changed_by`, `published_environment`, `cache_minutes`, `login_required`, `login_role`, `linked_templates`, `ordering`, `insert_mode`, `load_always`, `url_regex`, `external_files`, `grouping_create_object_instead_of_array`, `grouping_prefix`, `grouping_key`, `grouping_key_column_name`, `grouping_value_column_name`, `removed`, `is_scss_include_template`, `use_in_wiser_html_editors`, `pre_load_query`, `cache_location`, `return_not_found_when_pre_load_query_has_no_data`, `cache_regex`, `login_redirect_url`, `routine_type`, `routine_parameters`, `routine_return_type`, `disable_minifier`, `is_default_header`, `is_default_footer`, `default_header_footer_regex`) VALUES (NULL, 'VIEWS', NULL, NULL, 7, 1, 7, NOW(), '', NOW(), '', 15, 0, 0, NULL, NULL, 7, 0, 0, NULL, NULL, 0, NULL, NULL, NULL, NULL, 0, 0, 0, NULL, 0, 0, NULL, NULL, 0, NULL, NULL, 0, 0, 0, NULL);
INSERT INTO `wiser_template` (`parent_id`, `template_name`, `template_data`, `template_data_minified`, `template_type`, `version`, `template_id`, `added_on`, `added_by`, `changed_on`, `changed_by`, `published_environment`, `cache_minutes`, `login_required`, `login_role`, `linked_templates`, `ordering`, `insert_mode`, `load_always`, `url_regex`, `external_files`, `grouping_create_object_instead_of_array`, `grouping_prefix`, `grouping_key`, `grouping_key_column_name`, `grouping_value_column_name`, `removed`, `is_scss_include_template`, `use_in_wiser_html_editors`, `pre_load_query`, `cache_location`, `return_not_found_when_pre_load_query_has_no_data`, `cache_regex`, `login_redirect_url`, `routine_type`, `routine_parameters`, `routine_return_type`, `disable_minifier`, `is_default_header`, `is_default_footer`, `default_header_footer_regex`) VALUES (NULL, 'ROUTINES', NULL, NULL, 7, 1, 8, NOW(), '', NOW(), '', 15, 0, 0, NULL, NULL, 8, 0, 0, NULL, NULL, 0, NULL, NULL, NULL, NULL, 0, 0, 0, NULL, 0, 0, NULL, NULL, 0, NULL, NULL, 0, 0, 0, NULL);
INSERT INTO `wiser_template` (`parent_id`, `template_name`, `template_data`, `template_data_minified`, `template_type`, `version`, `template_id`, `added_on`, `added_by`, `changed_on`, `changed_by`, `published_environment`, `cache_minutes`, `login_required`, `login_role`, `linked_templates`, `ordering`, `insert_mode`, `load_always`, `url_regex`, `external_files`, `grouping_create_object_instead_of_array`, `grouping_prefix`, `grouping_key`, `grouping_key_column_name`, `grouping_value_column_name`, `removed`, `is_scss_include_template`, `use_in_wiser_html_editors`, `pre_load_query`, `cache_location`, `return_not_found_when_pre_load_query_has_no_data`, `cache_regex`, `login_redirect_url`, `routine_type`, `routine_parameters`, `routine_return_type`, `disable_minifier`, `is_default_header`, `is_default_footer`, `default_header_footer_regex`) VALUES (NULL, 'TRIGGERS', NULL, NULL, 7, 1, 9, NOW(), '', NOW(), '', 15, 0, 0, NULL, NULL, 9, 0, 0, NULL, NULL, 0, NULL, NULL, NULL, NULL, 0, 0, 0, NULL, 0, 0, NULL, NULL, 0, NULL, NULL, 0, 0, 0, NULL);