-- ----------------------------
-- Land entiteit
-- ----------------------------
INSERT IGNORE INTO `wiser_entity`(`name`, `module_id`, `accepted_childtypes`, `icon`, `icon_add`) VALUES ('country', 700, '', 'icon-earth', 'icon-earth');
INSERT IGNORE INTO `wiser_item`(`unique_uuid`, `entity_type`, `moduleid`, `published_environment`, `readonly`, `title`, `added_on`, `added_by`, `changed_on`, `changed_by`) VALUES ('', 'map', 700, 4, 0, 'Landen', NOW(), 'Systeem', NULL, '');
SET @countryDirectoryId  = LAST_INSERT_ID();
INSERT IGNORE INTO `wiser_itemlink` (item_id, destination_item_id, ordering, type) VALUES (@countryDirectoryId, 0, 1, 1);
INSERT IGNORE INTO `wiser_item`(`unique_uuid`, `entity_type`, `moduleid`, `published_environment`, `readonly`, `title`, `added_on`, `added_by`, `changed_on`, `changed_by`) VALUES ('', 'country', 700, 4, 0, 'Nederland', NOW(), 'Systeem', NULL, '');
INSERT IGNORE INTO `wiser_itemlink` (`item_id`, `destination_item_id`, `type`) VALUES (LAST_INSERT_ID(), @countryDirectoryId, 1);

-- ----------------------------
-- Filter functionality
-- ----------------------------
INSERT IGNORE INTO `wiser_entity`(`name`, `module_id`, `accepted_childtypes`, `icon`, `icon_add`,`show_in_tree_view`) VALUES ('filter', 700, '', 'icon-filter', 'icon-filter',1);
INSERT INTO `wiser_entityproperty` (`module_id`, `entity_name`, `link_type`, `visible_in_overview`, `overview_width`, `tab_name`, `group_name`, `inputtype`, `display_name`, `property_name`, `explanation`, `ordering`, `regex_validation`, `mandatory`, `readonly`, `default_value`, `automation`, `css`, `width`, `height`, `options`, `data_query`, `action_query`, `search_query`, `search_count_query`, `grid_delete_query`, `grid_insert_query`, `grid_update_query`, `depends_on_field`, `depends_on_operator`, `depends_on_value`, `language_code`, `custom_script`, `also_save_seo_value`, `depends_on_action`, `save_on_change`, `extended_explanation`, `label_style`, `label_width`) VALUES (0, 'filter', 0, 1, 100, '', '', 'combobox', 'Filtertype', 'filtertype', NULL, 1, '', 0, 0, NULL, '', '', 20, 0, '{\"dataSource\": [{ \"name\": \"Single select (with summary)\", \"id\": \"1\" }, { \"name\": \"Single select\", \"id\": \"5\" }, { \"name\": \"Multi select\", \"id\": \"2\" }, { \"name\": \"Slider\", \"id\": \"3\" }]}', NULL, NULL, NULL, NULL, NULL, NULL, NULL, NULL, NULL, NULL, '', NULL, 0, NULL, 0, 0, NULL, NULL);
INSERT INTO `wiser_entityproperty` (`module_id`, `entity_name`, `link_type`, `visible_in_overview`, `overview_width`, `tab_name`, `group_name`, `inputtype`, `display_name`, `property_name`, `explanation`, `ordering`, `regex_validation`, `mandatory`, `readonly`, `default_value`, `automation`, `css`, `width`, `height`, `options`, `data_query`, `action_query`, `search_query`, `search_count_query`, `grid_delete_query`, `grid_insert_query`, `grid_update_query`, `depends_on_field`, `depends_on_operator`, `depends_on_value`, `language_code`, `custom_script`, `also_save_seo_value`, `depends_on_action`, `save_on_change`, `extended_explanation`, `label_style`, `label_width`) VALUES (0, 'filter', 0, 1, 100, '', '', 'combobox', 'Entiteit', 'entity', NULL, 2, '', 0, 0, NULL, '', '', 20, 0, NULL, 'SELECT DISTINCT name FROM wiser_entity WHERE name<>\'\' UNION SELECT DISTINCT name FROM wiser_link WHERE name<>\'\' ORDER BY name', NULL, NULL, NULL, NULL, NULL, NULL, NULL, NULL, NULL, '', NULL, 0, NULL, 0, 0, NULL, NULL);
INSERT INTO `wiser_entityproperty` (`module_id`, `entity_name`, `link_type`, `visible_in_overview`, `overview_width`, `tab_name`, `group_name`, `inputtype`, `display_name`, `property_name`, `explanation`, `ordering`, `regex_validation`, `mandatory`, `readonly`, `default_value`, `automation`, `css`, `width`, `height`, `options`, `data_query`, `action_query`, `search_query`, `search_count_query`, `grid_delete_query`, `grid_insert_query`, `grid_update_query`, `depends_on_field`, `depends_on_operator`, `depends_on_value`, `language_code`, `custom_script`, `also_save_seo_value`, `depends_on_action`, `save_on_change`, `extended_explanation`, `label_style`, `label_width`) VALUES (0, 'filter', 0, 1, 100, '', '', 'combobox', 'Eigenschap', 'filtername', 'Selecteer de eigenschap waarop gefilterd moet worden en laat \"Eigenschappen-groep\" leeg', 3, '', 0, 0, NULL, '', '', 20, 0, NULL, 'SELECT * FROM (\n SELECT DISTINCT ep.property_name AS id, ep.display_name AS name\n FROM wiser_entityproperty ep\n WHERE ep.entity_name=\'{entity}\'\n	\n UNION ALL\n \n SELECT DISTINCT ep.property_name AS id, ep.display_name AS name\n FROM wiser_link\n JOIN wiser_entityproperty ep ON ep.link_type=wiser_link.type\n WHERE wiser_link.name=\'{entity}\'\n ) AS tbl\n GROUP BY tbl.id\n ORDER BY tbl.id\n', NULL, NULL, NULL, NULL, NULL, NULL, 'entity', NULL, NULL, '', NULL, 0, 'refresh', 0, 0, NULL, NULL);
INSERT INTO `wiser_entityproperty` (`module_id`, `entity_name`, `link_type`, `visible_in_overview`, `overview_width`, `tab_name`, `group_name`, `inputtype`, `display_name`, `property_name`, `explanation`, `ordering`, `regex_validation`, `mandatory`, `readonly`, `default_value`, `automation`, `css`, `width`, `height`, `options`, `data_query`, `action_query`, `search_query`, `search_count_query`, `grid_delete_query`, `grid_insert_query`, `grid_update_query`, `depends_on_field`, `depends_on_operator`, `depends_on_value`, `language_code`, `custom_script`, `also_save_seo_value`, `depends_on_action`, `save_on_change`, `extended_explanation`, `label_style`, `label_width`) VALUES (0, 'filter', 0, 0, 100, '', '', 'combobox', 'Gekoppelde entiteit', 'connectedentity', 'Selecteer de entiteit op waarnaar verwezen wordt als het detail een id is', 5, '', 0, 0, NULL, '', '', 20, 0, NULL, 'SELECT DISTINCT name AS id, name FROM wiser_entity WHERE name<>\'\'', NULL, NULL, NULL, NULL, NULL, NULL, NULL, NULL, NULL, '', NULL, 0, NULL, 0, 0, NULL, NULL);
INSERT INTO `wiser_entityproperty` (`module_id`, `entity_name`, `link_type`, `visible_in_overview`, `overview_width`, `tab_name`, `group_name`, `inputtype`, `display_name`, `property_name`, `explanation`, `ordering`, `regex_validation`, `mandatory`, `readonly`, `default_value`, `automation`, `css`, `width`, `height`, `options`, `data_query`, `action_query`, `search_query`, `search_count_query`, `grid_delete_query`, `grid_insert_query`, `grid_update_query`, `depends_on_field`, `depends_on_operator`, `depends_on_value`, `language_code`, `custom_script`, `also_save_seo_value`, `depends_on_action`, `save_on_change`, `extended_explanation`, `label_style`, `label_width`) VALUES (0, 'filter', 0, 0, 100, '', '', 'combobox', 'Gekoppelde entiteit eigenschap', 'connectedentityproperty', 'Selecteer de eigenschap van de gekoppelde entiteit waarop gefilterd wordt. Als je deze leeg laat, dan wordt uitgegaan van de item-title.', 6, '', 0, 0, NULL, '', '', 20, 0, NULL, 'SELECT * FROM (\n SELECT DISTINCT ep.property_name AS id, ep.display_name AS name\n FROM wiser_entityproperty ep\n WHERE ep.entity_name=\'{connectedentity}\'\n	\n UNION ALL\n \n SELECT DISTINCT ep.property_name AS id, ep.display_name AS name\n FROM wiser_link\n JOIN wiser_entityproperty ep ON ep.link_type=wiser_link.type\n WHERE wiser_link.name=\'{connectedentity}\'\n ) AS tbl\n GROUP BY tbl.id\n ORDER BY tbl.id\n', NULL, NULL, NULL, NULL, NULL, NULL, 'connectedentity', NULL, NULL, '', NULL, 0, 'refresh', 0, 0, NULL, NULL);
INSERT INTO `wiser_entityproperty` (`module_id`, `entity_name`, `link_type`, `visible_in_overview`, `overview_width`, `tab_name`, `group_name`, `inputtype`, `display_name`, `property_name`, `explanation`, `ordering`, `regex_validation`, `mandatory`, `readonly`, `default_value`, `automation`, `css`, `width`, `height`, `options`, `data_query`, `action_query`, `search_query`, `search_count_query`, `grid_delete_query`, `grid_insert_query`, `grid_update_query`, `depends_on_field`, `depends_on_operator`, `depends_on_value`, `language_code`, `custom_script`, `also_save_seo_value`, `depends_on_action`, `save_on_change`, `extended_explanation`, `label_style`, `label_width`) VALUES (0, 'filter', 0, 0, 100, '', '', 'combobox', 'Eigenschappen-groep', 'filtergroupname', 'Selecteer de eigenschappen-groep waarop gefilterd moet worden en laat \"Eigenschap\" leeg', 7, '', 0, 0, NULL, '', '', 20, 0, NULL, 'SELECT DISTINCT details.groupname AS id, IFNULL(ep.display_name, details.groupname) AS name\n FROM wiser_item product\n JOIN wiser_itemdetail details ON details.item_id=product.id AND details.groupname<>\'\'\n LEFT JOIN wiser_entityproperty ep ON ep.options LIKE CONCAT(\'%\', details.groupname, \'%\') AND ep.entity_name=\'{entity}\'\n WHERE product.entity_type=\'{entity}\'\n GROUP BY details.groupname\n ORDER BY details.groupname\n', NULL, NULL, NULL, NULL, NULL, NULL, 'entity', NULL, NULL, '', NULL, 0, 'refresh', 0, 0, NULL, NULL);
INSERT INTO `wiser_entityproperty` (`module_id`, `entity_name`, `link_type`, `visible_in_overview`, `overview_width`, `tab_name`, `group_name`, `inputtype`, `display_name`, `property_name`, `explanation`, `ordering`, `regex_validation`, `mandatory`, `readonly`, `default_value`, `automation`, `css`, `width`, `height`, `options`, `data_query`, `action_query`, `search_query`, `search_count_query`, `grid_delete_query`, `grid_insert_query`, `grid_update_query`, `depends_on_field`, `depends_on_operator`, `depends_on_value`, `language_code`, `custom_script`, `also_save_seo_value`, `depends_on_action`, `save_on_change`, `extended_explanation`, `label_style`, `label_width`) VALUES (0, 'filter', 0, 0, 100, '', '', 'input', 'Groep', 'group', 'Wanneer filters gegroepeerd moeten worden, vul hier dan bij meerdere filters dezelfde groepnaam in', 8, '', 0, 0, NULL, '', '', 20, 0, NULL, NULL, NULL, NULL, NULL, NULL, NULL, NULL, NULL, NULL, NULL, '', NULL, 0, NULL, 0, 0, NULL, NULL);
INSERT INTO `wiser_entityproperty` (`module_id`, `entity_name`, `link_type`, `visible_in_overview`, `overview_width`, `tab_name`, `group_name`, `inputtype`, `display_name`, `property_name`, `explanation`, `ordering`, `regex_validation`, `mandatory`, `readonly`, `default_value`, `automation`, `css`, `width`, `height`, `options`, `data_query`, `action_query`, `search_query`, `search_count_query`, `grid_delete_query`, `grid_insert_query`, `grid_update_query`, `depends_on_field`, `depends_on_operator`, `depends_on_value`, `language_code`, `custom_script`, `also_save_seo_value`, `depends_on_action`, `save_on_change`, `extended_explanation`, `label_style`, `label_width`) VALUES (0, 'filter', 0, 0, 100, '', '', 'checkbox', 'Is meertalig', 'ismultilanguage', 'Filter is meertalig', 9, '', 0, 0, NULL, '', '', 20, 0, NULL, NULL, NULL, NULL, NULL, NULL, NULL, NULL, NULL, NULL, NULL, '', NULL, 0, NULL, 0, 0, NULL, NULL);
INSERT INTO `wiser_entityproperty` (`module_id`, `entity_name`, `link_type`, `visible_in_overview`, `overview_width`, `tab_name`, `group_name`, `inputtype`, `display_name`, `property_name`, `explanation`, `ordering`, `regex_validation`, `mandatory`, `readonly`, `default_value`, `automation`, `css`, `width`, `height`, `options`, `data_query`, `action_query`, `search_query`, `search_count_query`, `grid_delete_query`, `grid_insert_query`, `grid_update_query`, `depends_on_field`, `depends_on_operator`, `depends_on_value`, `language_code`, `custom_script`, `also_save_seo_value`, `depends_on_action`, `save_on_change`, `extended_explanation`, `label_style`, `label_width`) VALUES (0, 'filter', 0, 0, 100, '', '', 'input', 'Querystring', 'querystring', 'Geef optioneel een querystring op. Wanneer deze leeg is, wordt de titel van de filter gebruikt.', 9, '', 0, 0, NULL, '', '', 20, 0, NULL, NULL, NULL, NULL, NULL, NULL, NULL, NULL, NULL, NULL, NULL, '', NULL, 0, NULL, 0, 0, NULL, NULL);
INSERT INTO `wiser_entityproperty` (`module_id`, `entity_name`, `link_type`, `visible_in_overview`, `overview_width`, `tab_name`, `group_name`, `inputtype`, `display_name`, `property_name`, `explanation`, `ordering`, `regex_validation`, `mandatory`, `readonly`, `default_value`, `automation`, `css`, `width`, `height`, `options`, `data_query`, `action_query`, `search_query`, `search_count_query`, `grid_delete_query`, `grid_insert_query`, `grid_update_query`, `depends_on_field`, `depends_on_operator`, `depends_on_value`, `language_code`, `custom_script`, `also_save_seo_value`, `depends_on_action`, `save_on_change`, `extended_explanation`, `label_style`, `label_width`) VALUES (0, 'filter', 0, 0, 100, '', '', 'input', 'Match waarde', 'matchvalue', 'De waarde waar de eigenschap op moet matchen wanneer de betreffende filter gekozen wordt. Default is dit \"niet leeg\" EN \"ongelijk aan 0\". Voeg meerdere waardes toe door ze te scheiden met een golfje.', 11, '', 0, 0, NULL, '', '', 20, 0, NULL, NULL, NULL, NULL, NULL, NULL, NULL, NULL, 'filtergroupname', 'isnotempty', NULL, '', NULL, 0, NULL, 0, 0, NULL, NULL);
INSERT INTO `wiser_entityproperty` (`module_id`, `entity_name`, `link_type`, `visible_in_overview`, `overview_width`, `tab_name`, `group_name`, `inputtype`, `display_name`, `property_name`, `explanation`, `ordering`, `regex_validation`, `mandatory`, `readonly`, `default_value`, `automation`, `css`, `width`, `height`, `options`, `data_query`, `action_query`, `search_query`, `search_count_query`, `grid_delete_query`, `grid_insert_query`, `grid_update_query`, `depends_on_field`, `depends_on_operator`, `depends_on_value`, `language_code`, `custom_script`, `also_save_seo_value`, `depends_on_action`, `save_on_change`, `extended_explanation`, `label_style`, `label_width`) VALUES (0, 'filter', 0, 0, 100, '', '', 'checkbox', 'Verbergen in overzicht', 'hideinsummary', 'Filter niet in overzicht actieve filters tonen', 12, '', 0, 0, NULL, '', NULL, 20, 0, NULL, NULL, NULL, NULL, NULL, NULL, NULL, NULL, NULL, NULL, NULL, '', NULL, 0, NULL, 0, 0, NULL, NULL);
INSERT INTO `wiser_entityproperty` (`module_id`, `entity_name`, `link_type`, `visible_in_overview`, `overview_width`, `tab_name`, `group_name`, `inputtype`, `display_name`, `property_name`, `explanation`, `ordering`, `regex_validation`, `mandatory`, `readonly`, `default_value`, `automation`, `css`, `width`, `height`, `options`, `data_query`, `action_query`, `search_query`, `search_count_query`, `grid_delete_query`, `grid_insert_query`, `grid_update_query`, `depends_on_field`, `depends_on_operator`, `depends_on_value`, `language_code`, `custom_script`, `also_save_seo_value`, `depends_on_action`, `save_on_change`, `extended_explanation`, `label_style`, `label_width`) VALUES (0, 'filter', 0, 0, 100, '', '', 'combobox', 'Link type', 'connectedentitylinktype', 'Kies de link-type als de gekoppelde entiteit via een links is gekoppeld i.p.v. via detail.', 13, '', 0, 0, NULL, '', NULL, 40, 0, NULL, 'SELECT type AS id, CONCAT_WS(\' - \',type,name) AS name FROM wiser_link WHERE destination_entity_type=\'{entity}\' AND connected_entity_type=\'{connectedentity}\';', NULL, NULL, NULL, NULL, NULL, NULL, 'connectedentity', 'isnotempty', NULL, '', NULL, 0, 'refresh', 0, 0, NULL, NULL);
INSERT INTO `wiser_entityproperty` (`module_id`, `entity_name`, `link_type`, `visible_in_overview`, `overview_width`, `tab_name`, `group_name`, `inputtype`, `display_name`, `property_name`, `explanation`, `ordering`, `regex_validation`, `mandatory`, `readonly`, `default_value`, `automation`, `css`, `width`, `height`, `options`, `data_query`, `action_query`, `search_query`, `search_count_query`, `grid_delete_query`, `grid_insert_query`, `grid_update_query`, `depends_on_field`, `depends_on_operator`, `depends_on_value`, `language_code`, `custom_script`, `also_save_seo_value`, `depends_on_action`, `save_on_change`, `extended_explanation`, `label_style`, `label_width`) VALUES (0, 'filter', 0, 0, 100, '', '', 'checkbox', 'Single connected item', 'singleconnecteditem', 'Zet dit vinkje aan als er maar 1 connected item kan zijn (geen multiselect input)', 14, '', 0, 0, '1', '', NULL, 40, 0, NULL, NULL, NULL, NULL, NULL, NULL, NULL, NULL, 'connectedentity', 'isnotempty', NULL, '', NULL, 0, NULL, 0, 0, NULL, NULL);
INSERT INTO `wiser_entityproperty` (`module_id`, `entity_name`, `link_type`, `visible_in_overview`, `overview_width`, `tab_name`, `group_name`, `inputtype`, `display_name`, `property_name`, `explanation`, `ordering`, `regex_validation`, `mandatory`, `readonly`, `default_value`, `automation`, `css`, `width`, `height`, `options`, `data_query`, `action_query`, `search_query`, `search_count_query`, `grid_delete_query`, `grid_insert_query`, `grid_update_query`, `depends_on_field`, `depends_on_operator`, `depends_on_value`, `language_code`, `custom_script`, `also_save_seo_value`, `depends_on_action`, `save_on_change`, `extended_explanation`, `label_style`, `label_width`) VALUES (0, 'filter', 0, 0, 100, '', '', 'checkbox', 'Filter op SEO waarde', 'filteronseovalue', 'Zet dit vinkje aan als je op de SEO waarde van de eigenschap of gekoppelde entiteit eigenschap wilt filteren.', 15, '', 0, 0, NULL, '', NULL, 40, 0, NULL, NULL, NULL, NULL, NULL, NULL, NULL, NULL, NULL, NULL, NULL, '', NULL, 0, NULL, 0, 0, NULL, NULL);
INSERT INTO `wiser_entityproperty` (`module_id`, `entity_name`, `link_type`, `visible_in_overview`, `overview_width`, `tab_name`, `group_name`, `inputtype`, `display_name`, `property_name`, `explanation`, `ordering`, `regex_validation`, `mandatory`, `readonly`, `default_value`, `automation`, `css`, `width`, `height`, `options`, `data_query`, `action_query`, `search_query`, `search_count_query`, `grid_delete_query`, `grid_insert_query`, `grid_update_query`, `depends_on_field`, `depends_on_operator`, `depends_on_value`, `language_code`, `custom_script`, `also_save_seo_value`, `depends_on_action`, `save_on_change`, `extended_explanation`, `label_style`, `label_width`) VALUES (0, 'filter', 0, 0, 100, 'Advanced', '', 'textbox', 'Custom SELECT', 'customselect', 'Geef een custom SELECT part voor de query op, wanneer deze gevuld is, wordt het SELECT part niet automatisch bepaald', 17, '', 0, 0, NULL, '', '', 100, 0, '{\"type\": \"mysql\"}', NULL, NULL, NULL, NULL, NULL, NULL, NULL, NULL, NULL, NULL, '', NULL, 0, NULL, 0, 0, NULL, NULL);
INSERT INTO `wiser_entityproperty` (`module_id`, `entity_name`, `link_type`, `visible_in_overview`, `overview_width`, `tab_name`, `group_name`, `inputtype`, `display_name`, `property_name`, `explanation`, `ordering`, `regex_validation`, `mandatory`, `readonly`, `default_value`, `automation`, `css`, `width`, `height`, `options`, `data_query`, `action_query`, `search_query`, `search_count_query`, `grid_delete_query`, `grid_insert_query`, `grid_update_query`, `depends_on_field`, `depends_on_operator`, `depends_on_value`, `language_code`, `custom_script`, `also_save_seo_value`, `depends_on_action`, `save_on_change`, `extended_explanation`, `label_style`, `label_width`) VALUES (0, 'filter', 0, 0, 100, 'Advanced', '', 'textbox', 'Custom JOIN', 'customjoin', 'Geef een custom JOIN part voor de query op, wanneer deze gevuld is, wordt het JOIN part niet automatisch bepaald', 18, '', 0, 0, NULL, '', '', 100, 0, '{\"type\": \"mysql\"}', NULL, NULL, NULL, NULL, NULL, NULL, NULL, NULL, NULL, NULL, '', NULL, 0, NULL, 0, 0, NULL, NULL);
INSERT INTO `wiser_entityproperty` (`module_id`, `entity_name`, `link_type`, `visible_in_overview`, `overview_width`, `tab_name`, `group_name`, `inputtype`, `display_name`, `property_name`, `explanation`, `ordering`, `regex_validation`, `mandatory`, `readonly`, `default_value`, `automation`, `css`, `width`, `height`, `options`, `data_query`, `action_query`, `search_query`, `search_count_query`, `grid_delete_query`, `grid_insert_query`, `grid_update_query`, `depends_on_field`, `depends_on_operator`, `depends_on_value`, `language_code`, `custom_script`, `also_save_seo_value`, `depends_on_action`, `save_on_change`, `extended_explanation`, `label_style`, `label_width`) VALUES (0, 'filter', 0, 0, 100, 'Advanced', '', 'textbox', 'Advanced filter', 'advancedfilter', 'Geef enter gescheiden de filterwaardes op en zet achter iedere waarde een golfje met daarachter de join die toegevoegd moet worden aan de query. Alle overige eigenschappen hoeven dan niet gevuld te worden.', 19, '', 0, 0, NULL, '', '', 100, 0, NULL, NULL, NULL, NULL, NULL, NULL, NULL, NULL, NULL, NULL, NULL, '', NULL, 0, NULL, 0, 0, NULL, NULL);
INSERT INTO `wiser_entityproperty` (`module_id`, `entity_name`, `link_type`, `visible_in_overview`, `overview_width`, `tab_name`, `group_name`, `inputtype`, `display_name`, `property_name`, `explanation`, `ordering`, `regex_validation`, `mandatory`, `readonly`, `default_value`, `automation`, `css`, `width`, `height`, `options`, `data_query`, `action_query`, `search_query`, `search_count_query`, `grid_delete_query`, `grid_insert_query`, `grid_update_query`, `depends_on_field`, `depends_on_operator`, `depends_on_value`, `language_code`, `custom_script`, `also_save_seo_value`, `depends_on_action`, `save_on_change`, `extended_explanation`, `label_style`, `label_width`) VALUES (0, 'filter', 0, 0, 100, '', '', 'checkbox', 'Gebruik aggregatietabel', 'useaggregationtable', 'Zet dit vinkje aan als de standaard aggregatietabel gebruikt moet worden voor het uitvoeren van querys', 4, '', 0, 0, '1', '', '', 40, 0, NULL, NULL, NULL, NULL, NULL, NULL, NULL, NULL, NULL, NULL, NULL, '', NULL, 0, NULL, 0, 0, NULL, NULL);
INSERT INTO `wiser_entityproperty` (`module_id`, `entity_name`, `link_type`, `visible_in_overview`, `overview_width`, `tab_name`, `group_name`, `inputtype`, `display_name`, `property_name`, `explanation`, `ordering`, `regex_validation`, `mandatory`, `readonly`, `default_value`, `automation`, `css`, `width`, `height`, `options`, `data_query`, `action_query`, `search_query`, `search_count_query`, `grid_delete_query`, `grid_insert_query`, `grid_update_query`, `depends_on_field`, `depends_on_operator`, `depends_on_value`, `language_code`, `custom_script`, `also_save_seo_value`, `depends_on_action`, `save_on_change`, `extended_explanation`, `label_style`, `label_width`) VALUES (0, 'filter', 0, 0, 100, '', '', 'input', 'URL regular expression', 'urlregex', 'Regular expression waar de URL aan moet voldoen voordat de filter getoond wordt.', 16, '', 0, 0, NULL, '', '', 40, 0, NULL, NULL, NULL, NULL, NULL, NULL, NULL, NULL, NULL, NULL, NULL, '', NULL, 0, NULL, 0, 0, NULL, NULL);
INSERT INTO `wiser_entityproperty` (`module_id`, `entity_name`, `link_type`, `visible_in_overview`, `overview_width`, `tab_name`, `group_name`, `inputtype`, `display_name`, `property_name`, `explanation`, `ordering`, `regex_validation`, `mandatory`, `readonly`, `default_value`, `automation`, `css`, `width`, `height`, `options`, `data_query`, `action_query`, `search_query`, `search_count_query`, `grid_delete_query`, `grid_insert_query`, `grid_update_query`, `depends_on_field`, `depends_on_operator`, `depends_on_value`, `language_code`, `custom_script`, `also_save_seo_value`, `depends_on_action`, `save_on_change`, `extended_explanation`, `label_style`, `label_width`) VALUES (0, 'filter', 0, 0, 100, 'Afwijkende templates', '', 'textbox', 'Afwijkende group template', 'grouptemplate', 'Als hier een template wordt opgegeven, dat wordt die gebruikt in plaats van de template die op het filtercomponent ingesteld staat.', 20, '', 0, 0, NULL, '', '', 50, 0, '{\"type\": \"html\"}', NULL, NULL, NULL, NULL, NULL, NULL, NULL, NULL, NULL, NULL, '', NULL, 0, NULL, 0, 0, NULL, NULL);
INSERT INTO `wiser_entityproperty` (`module_id`, `entity_name`, `link_type`, `visible_in_overview`, `overview_width`, `tab_name`, `group_name`, `inputtype`, `display_name`, `property_name`, `explanation`, `ordering`, `regex_validation`, `mandatory`, `readonly`, `default_value`, `automation`, `css`, `width`, `height`, `options`, `data_query`, `action_query`, `search_query`, `search_count_query`, `grid_delete_query`, `grid_insert_query`, `grid_update_query`, `depends_on_field`, `depends_on_operator`, `depends_on_value`, `language_code`, `custom_script`, `also_save_seo_value`, `depends_on_action`, `save_on_change`, `extended_explanation`, `label_style`, `label_width`) VALUES (0, 'filter', 0, 0, 100, 'Afwijkende templates', '', 'textbox', 'Afwijkende item template', 'itemtemplate', 'Als hier een template wordt opgegeven, dat wordt die gebruikt in plaats van de template die op het filtercomponent ingesteld staat.', 21, '', 0, 0, NULL, '', '', 50, 0, '{\"type\": \"html\"}', NULL, NULL, NULL, NULL, NULL, NULL, NULL, NULL, NULL, NULL, '', NULL, 0, NULL, 0, 0, NULL, NULL);
INSERT INTO `wiser_entityproperty` (`module_id`, `entity_name`, `link_type`, `visible_in_overview`, `overview_width`, `tab_name`, `group_name`, `inputtype`, `display_name`, `property_name`, `explanation`, `ordering`, `regex_validation`, `mandatory`, `readonly`, `default_value`, `automation`, `css`, `width`, `height`, `options`, `data_query`, `action_query`, `search_query`, `search_count_query`, `grid_delete_query`, `grid_insert_query`, `grid_update_query`, `depends_on_field`, `depends_on_operator`, `depends_on_value`, `language_code`, `custom_script`, `also_save_seo_value`, `depends_on_action`, `save_on_change`, `extended_explanation`, `label_style`, `label_width`) VALUES (0, 'filter', 0, 0, 100, 'Afwijkende templates', '', 'textbox', 'Afwijkende selected item template', 'selecteditemtemplate', 'Als hier een template wordt opgegeven, dat wordt die gebruikt in plaats van de template die op het filtercomponent ingesteld staat. Voor sliders heeft een afwijkende selected item template geen zin.', 22, '', 0, 0, NULL, '', '', 50, 0, '{\"type\": \"html\"}', NULL, NULL, NULL, NULL, NULL, NULL, NULL, NULL, NULL, NULL, '', NULL, 0, NULL, 0, 0, NULL, NULL);
INSERT IGNORE INTO `wiser_item`(`unique_uuid`, `entity_type`, `moduleid`, `published_environment`, `readonly`, `title`, `added_on`, `added_by`, `changed_on`, `changed_by`) VALUES ('', 'map', 700, 4, 0, 'Filters', NOW(), 'Systeem', NULL, '');
INSERT IGNORE INTO `wiser_itemlink` (item_id, destination_item_id, ordering, type) VALUES (LAST_INSERT_ID(), 0, 1, 1);
INSERT IGNORE INTO `easy_objects` (typenr, `key`, `value`) VALUES (-1,'filtertoitemtype','6001');
INSERT IGNORE INTO `easy_objects` (typenr, `key`, `value`) VALUES (-1,'filterconnectionpart','');
INSERT IGNORE INTO `easy_objects` (typenr, `key`, `value`) VALUES (-1,'filterparameterstoexclude','templateid,pagenr,gclid,_ga');
INSERT IGNORE INTO `easy_objects` (typenr, `key`, `value`) VALUES (-1,'filtervaluesplit',',');

-- ----------------------------
-- Shipping costs
-- ----------------------------
INSERT IGNORE INTO `wiser_entity`(`name`, `module_id`, `accepted_childtypes`, `icon`, `icon_add`) VALUES ('shippingcost', 700, '', 'icon-truck', '');
INSERT INTO `wiser_entityproperty` (`module_id`, `entity_name`, `link_type`, `visible_in_overview`, `overview_width`, `tab_name`, `group_name`, `inputtype`, `display_name`, `property_name`, `explanation`, `ordering`, `regex_validation`, `mandatory`, `readonly`, `default_value`, `automation`, `css`, `width`, `height`, `options`, `data_query`, `action_query`, `search_query`, `search_count_query`, `grid_delete_query`, `grid_insert_query`, `grid_update_query`, `depends_on_field`, `depends_on_operator`, `depends_on_value`, `language_code`, `custom_script`, `also_save_seo_value`, `depends_on_action`, `save_on_change`, `extended_explanation`, `label_style`, `label_width`) VALUES (0, 'shippingcost', 0, 1, 100, '', '', 'numeric-input', 'Kosten', 'costs', NULL, 1, '', 0, 0, NULL, '', '', 25, 0, NULL, NULL, NULL, NULL, NULL, NULL, NULL, NULL, NULL, NULL, NULL, '', NULL, 0, NULL, 0, 0, NULL, NULL);
INSERT INTO `wiser_entityproperty` (`module_id`, `entity_name`, `link_type`, `visible_in_overview`, `overview_width`, `tab_name`, `group_name`, `inputtype`, `display_name`, `property_name`, `explanation`, `ordering`, `regex_validation`, `mandatory`, `readonly`, `default_value`, `automation`, `css`, `width`, `height`, `options`, `data_query`, `action_query`, `search_query`, `search_count_query`, `grid_delete_query`, `grid_insert_query`, `grid_update_query`, `depends_on_field`, `depends_on_operator`, `depends_on_value`, `language_code`, `custom_script`, `also_save_seo_value`, `depends_on_action`, `save_on_change`, `extended_explanation`, `label_style`, `label_width`) VALUES (0, 'shippingcost', 0, 1, 100, '', '', 'combobox', 'Type', 'type', NULL, 2, '', 0, 0, NULL, '', '', 25, 0, '{\"useDropDownList\":true,\"dataSource\":[{\"id\":\"fixedvalue\",\"name\":\"Vaste waarde\"},{\"id\":\"fixedpercentage\",\"name\":\"Vast percentage\"},{\"id\":\"highestproductshipping\",\"name\":\"Hoogste verzendkosten\"},{\"id\":\"lowestproductshipping\",\"name\":\"Laagste verzendkosten\"},{\"id\":\"averageproductshipping\",\"name\":\"Gemiddelde van verzendkosten\"},{\"id\":\"sumproductshipping\",\"name\":\"Totaal van verzendkosten\"},{\"id\":\"highestproductshippingwithfixedvalue\",\"name\":\"Hoogste verzendkosten met vaste waarde\"},{\"id\":\"fixedvaluepluslowestproductshipping\",\"name\":\"Vaste waarde met laagste verzendkosten\"}]}', NULL, NULL, NULL, NULL, NULL, NULL, NULL, NULL, NULL, NULL, '', NULL, 0, NULL, 0, 0, NULL, NULL);
INSERT INTO `wiser_entityproperty` (`module_id`, `entity_name`, `link_type`, `visible_in_overview`, `overview_width`, `tab_name`, `group_name`, `inputtype`, `display_name`, `property_name`, `explanation`, `ordering`, `regex_validation`, `mandatory`, `readonly`, `default_value`, `automation`, `css`, `width`, `height`, `options`, `data_query`, `action_query`, `search_query`, `search_count_query`, `grid_delete_query`, `grid_insert_query`, `grid_update_query`, `depends_on_field`, `depends_on_operator`, `depends_on_value`, `language_code`, `custom_script`, `also_save_seo_value`, `depends_on_action`, `save_on_change`, `extended_explanation`, `label_style`, `label_width`) VALUES (0, 'shippingcost', 0, 1, 100, '', '', 'checkbox', 'Inclusief BTW', 'includesvat', NULL, 3, '', 0, 0, NULL, '', '', 25, 0, NULL, NULL, NULL, NULL, NULL, NULL, NULL, NULL, NULL, NULL, NULL, '', NULL, 0, NULL, 0, 0, NULL, NULL);
INSERT INTO `wiser_entityproperty` (`module_id`, `entity_name`, `link_type`, `visible_in_overview`, `overview_width`, `tab_name`, `group_name`, `inputtype`, `display_name`, `property_name`, `explanation`, `ordering`, `regex_validation`, `mandatory`, `readonly`, `default_value`, `automation`, `css`, `width`, `height`, `options`, `data_query`, `action_query`, `search_query`, `search_count_query`, `grid_delete_query`, `grid_insert_query`, `grid_update_query`, `depends_on_field`, `depends_on_operator`, `depends_on_value`, `language_code`, `custom_script`, `also_save_seo_value`, `depends_on_action`, `save_on_change`, `extended_explanation`, `label_style`, `label_width`) VALUES (0, 'shippingcost', 0, 1, 100, '', '', 'combobox', 'BTW tarief', 'vatrate', NULL, 4, '', 0, 0, NULL, '', '', 25, 0, '{\"searchFields\":[],\"useDropDownList\":true,\"entityType\":\"vatrate\",\"searchInTitle\":true,\"searchEverywhere\":true}', NULL, NULL, NULL, NULL, NULL, NULL, NULL, NULL, NULL, NULL, '', NULL, 0, NULL, 0, 0, NULL, NULL);
INSERT INTO `wiser_entityproperty` (`module_id`, `entity_name`, `link_type`, `visible_in_overview`, `overview_width`, `tab_name`, `group_name`, `inputtype`, `display_name`, `property_name`, `explanation`, `ordering`, `regex_validation`, `mandatory`, `readonly`, `default_value`, `automation`, `css`, `width`, `height`, `options`, `data_query`, `action_query`, `search_query`, `search_count_query`, `grid_delete_query`, `grid_insert_query`, `grid_update_query`, `depends_on_field`, `depends_on_operator`, `depends_on_value`, `language_code`, `custom_script`, `also_save_seo_value`, `depends_on_action`, `save_on_change`, `extended_explanation`, `label_style`, `label_width`) VALUES (0, 'shippingcost', 0, 1, 100, '', '', 'combobox', 'Land', 'country', NULL, 5, '', 0, 0, NULL, '', '', 25, 0, '{\"entityType\": \"country\", \"searchEverywhere\": true, \"searchInTitle\": true, \"useDropDownList\": true}', NULL, NULL, NULL, NULL, NULL, NULL, NULL, NULL, NULL, NULL, '', NULL, 0, NULL, 0, 0, NULL, NULL);
INSERT INTO `wiser_entityproperty` (`module_id`, `entity_name`, `link_type`, `visible_in_overview`, `overview_width`, `tab_name`, `group_name`, `inputtype`, `display_name`, `property_name`, `explanation`, `ordering`, `regex_validation`, `mandatory`, `readonly`, `default_value`, `automation`, `css`, `width`, `height`, `options`, `data_query`, `action_query`, `search_query`, `search_count_query`, `grid_delete_query`, `grid_insert_query`, `grid_update_query`, `depends_on_field`, `depends_on_operator`, `depends_on_value`, `language_code`, `custom_script`, `also_save_seo_value`, `depends_on_action`, `save_on_change`, `extended_explanation`, `label_style`, `label_width`) VALUES (0, 'shippingcost', 0, 1, 100, '', '', 'numeric-input', 'Minimaal orderbedrag', 'orderamountstart', NULL, 6, '', 0, 0, NULL, '', '', 25, 0, '{\"decimals\":2,\"format\":\"c\",\"round\":false,\"step\":1,\"factor\":1}', NULL, NULL, NULL, NULL, NULL, NULL, NULL, NULL, NULL, NULL, '', NULL, 0, NULL, 0, 0, NULL, NULL);
INSERT INTO `wiser_entityproperty` (`module_id`, `entity_name`, `link_type`, `visible_in_overview`, `overview_width`, `tab_name`, `group_name`, `inputtype`, `display_name`, `property_name`, `explanation`, `ordering`, `regex_validation`, `mandatory`, `readonly`, `default_value`, `automation`, `css`, `width`, `height`, `options`, `data_query`, `action_query`, `search_query`, `search_count_query`, `grid_delete_query`, `grid_insert_query`, `grid_update_query`, `depends_on_field`, `depends_on_operator`, `depends_on_value`, `language_code`, `custom_script`, `also_save_seo_value`, `depends_on_action`, `save_on_change`, `extended_explanation`, `label_style`, `label_width`) VALUES (0, 'shippingcost', 0, 1, 100, '', '', 'numeric-input', 'Maximaal orderbedrag', 'orderamountend', NULL, 7, '', 0, 0, NULL, '', '', 25, 0, '{\"decimals\":2,\"format\":\"c\",\"round\":false,\"step\":1,\"factor\":1}', NULL, NULL, NULL, NULL, NULL, NULL, NULL, NULL, NULL, NULL, '', NULL, 0, NULL, 0, 0, NULL, NULL);
INSERT INTO `wiser_entityproperty` (`module_id`, `entity_name`, `link_type`, `visible_in_overview`, `overview_width`, `tab_name`, `group_name`, `inputtype`, `display_name`, `property_name`, `explanation`, `ordering`, `regex_validation`, `mandatory`, `readonly`, `default_value`, `automation`, `css`, `width`, `height`, `options`, `data_query`, `action_query`, `search_query`, `search_count_query`, `grid_delete_query`, `grid_insert_query`, `grid_update_query`, `depends_on_field`, `depends_on_operator`, `depends_on_value`, `language_code`, `custom_script`, `also_save_seo_value`, `depends_on_action`, `save_on_change`, `extended_explanation`, `label_style`, `label_width`) VALUES (0, 'shippingcost', 0, 1, 100, '', '', 'combobox', 'Levermethode', 'deliverymethod', NULL, 8, '', 0, 0, NULL, '', '', 25, 0, '{\"searchFields\":[],\"useDropDownList\":true,\"entityType\":\"deliverymethod\",\"searchInTitle\":true,\"searchEverywhere\":true}', NULL, NULL, NULL, NULL, NULL, NULL, NULL, NULL, NULL, NULL, '', NULL, 0, NULL, 0, 0, NULL, NULL);
INSERT INTO `wiser_entityproperty` (`module_id`, `entity_name`, `link_type`, `visible_in_overview`, `overview_width`, `tab_name`, `group_name`, `inputtype`, `display_name`, `property_name`, `explanation`, `ordering`, `regex_validation`, `mandatory`, `readonly`, `default_value`, `automation`, `css`, `width`, `height`, `options`, `data_query`, `action_query`, `search_query`, `search_count_query`, `grid_delete_query`, `grid_insert_query`, `grid_update_query`, `depends_on_field`, `depends_on_operator`, `depends_on_value`, `language_code`, `custom_script`, `also_save_seo_value`, `depends_on_action`, `save_on_change`, `extended_explanation`, `label_style`, `label_width`) VALUES (0, 'shippingcost', 0, 1, 100, '', '', 'input', 'Verzendkosten eigenschap', 'propertyname', NULL, 9, '', 0, 0, NULL, '', '', 25, 0, NULL, NULL, NULL, NULL, NULL, NULL, NULL, NULL, 'type', 'contains', 'highestproductshipping,lowestproductshipping,averageproductshipping,sumproductshipping', '', NULL, 0, NULL, 0, 0, NULL, NULL);
INSERT INTO `wiser_entityproperty` (`module_id`, `entity_name`, `link_type`, `visible_in_overview`, `overview_width`, `tab_name`, `group_name`, `inputtype`, `display_name`, `property_name`, `explanation`, `ordering`, `regex_validation`, `mandatory`, `readonly`, `default_value`, `automation`, `css`, `width`, `height`, `options`, `data_query`, `action_query`, `search_query`, `search_count_query`, `grid_delete_query`, `grid_insert_query`, `grid_update_query`, `depends_on_field`, `depends_on_operator`, `depends_on_value`, `language_code`, `custom_script`, `also_save_seo_value`, `depends_on_action`, `save_on_change`, `extended_explanation`, `label_style`, `label_width`) VALUES (0, 'shippingcost', 0, 0, 100, '', '', 'input', 'Postcode van', 'postalcode_from', NULL, 10, '', 0, 0, NULL, '', '', 25, 0, NULL, NULL, NULL, NULL, NULL, NULL, NULL, NULL, NULL, NULL, NULL, '', NULL, 0, NULL, 0, 0, NULL, NULL);
INSERT INTO `wiser_entityproperty` (`module_id`, `entity_name`, `link_type`, `visible_in_overview`, `overview_width`, `tab_name`, `group_name`, `inputtype`, `display_name`, `property_name`, `explanation`, `ordering`, `regex_validation`, `mandatory`, `readonly`, `default_value`, `automation`, `css`, `width`, `height`, `options`, `data_query`, `action_query`, `search_query`, `search_count_query`, `grid_delete_query`, `grid_insert_query`, `grid_update_query`, `depends_on_field`, `depends_on_operator`, `depends_on_value`, `language_code`, `custom_script`, `also_save_seo_value`, `depends_on_action`, `save_on_change`, `extended_explanation`, `label_style`, `label_width`) VALUES (0, 'shippingcost', 0, 0, 100, '', '', 'input', 'Postcode tot', 'postalcode_to', NULL, 11, '', 0, 0, NULL, '', '', 25, 0, NULL, NULL, NULL, NULL, NULL, NULL, NULL, NULL, NULL, NULL, NULL, '', NULL, 0, NULL, 0, 0, NULL, NULL);
INSERT INTO `wiser_entityproperty` (`module_id`, `entity_name`, `link_type`, `visible_in_overview`, `overview_width`, `tab_name`, `group_name`, `inputtype`, `display_name`, `property_name`, `explanation`, `ordering`, `regex_validation`, `mandatory`, `readonly`, `default_value`, `automation`, `css`, `width`, `height`, `options`, `data_query`, `action_query`, `search_query`, `search_count_query`, `grid_delete_query`, `grid_insert_query`, `grid_update_query`, `depends_on_field`, `depends_on_operator`, `depends_on_value`, `language_code`, `custom_script`, `also_save_seo_value`, `depends_on_action`, `save_on_change`, `extended_explanation`, `label_style`, `label_width`) VALUES (0, 'shippingcost', 0, 0, 100, '', '', 'input', 'Gewicht van', 'weight_from', NULL, 12, '', 0, 0, NULL, '', '', 25, 0, NULL, NULL, NULL, NULL, NULL, NULL, NULL, NULL, NULL, NULL, NULL, '', NULL, 0, NULL, 0, 0, NULL, NULL);
INSERT INTO `wiser_entityproperty` (`module_id`, `entity_name`, `link_type`, `visible_in_overview`, `overview_width`, `tab_name`, `group_name`, `inputtype`, `display_name`, `property_name`, `explanation`, `ordering`, `regex_validation`, `mandatory`, `readonly`, `default_value`, `automation`, `css`, `width`, `height`, `options`, `data_query`, `action_query`, `search_query`, `search_count_query`, `grid_delete_query`, `grid_insert_query`, `grid_update_query`, `depends_on_field`, `depends_on_operator`, `depends_on_value`, `language_code`, `custom_script`, `also_save_seo_value`, `depends_on_action`, `save_on_change`, `extended_explanation`, `label_style`, `label_width`) VALUES (0, 'shippingcost', 0, 0, 100, '', '', 'input', 'Gewicht tot', 'weight_to', NULL, 13, '', 0, 0, NULL, '', '', 25, 0, NULL, NULL, NULL, NULL, NULL, NULL, NULL, NULL, NULL, NULL, NULL, '', NULL, 0, NULL, 0, 0, NULL, NULL);

INSERT IGNORE INTO `wiser_item`(`unique_uuid`, `entity_type`, `moduleid`, `published_environment`, `readonly`, `title`, `added_on`, `added_by`, `changed_on`, `changed_by`) VALUES ('', 'map', 700, 4, 0, 'Verzendkosten', NOW(), 'Systeem', NULL, '');
SET @shippingCostDirectoryId = LAST_INSERT_ID();
INSERT IGNORE INTO `wiser_itemlink` (item_id, destination_item_id, ordering, type) VALUES (@shippingCostDirectoryId, 0, 1, 1);
INSERT IGNORE INTO `easy_objects` (typenr, `key`, `value`) VALUES (-1,'W2CHECKOUT_ShippingCostsQuery',REPLACE('SET @orderamount = {price~product~In_VAT_In_Discount~0.00~en-US};\n SET @deliverymethod = \'{shippingMethod}\';\n SET @country = \'{land}\';\n SET @postalcode = SUBSTRING(TRIM(\'{postcode}\'),1,4);\n SET @weight = \'{weight}\';\n \n SELECT\n costs.id,\n costs.`value` AS costs,\n type.`value` AS type,\n includesvat.`value` AS includesvat,\n vatrate.`value` AS vatrate,\n propertyname.`value` AS propertyname,\n shippingcost.title AS title,\n country.id AS country,\n postalcodefrom.id AS postalcodefrom,\n postalcodeto.id AS postalcodeto,\n weightfrom.id AS weightfrom,\n weightto.id AS weightto,\n orderamountstart.id AS orderamountstart,\n orderamountend.id AS orderamountend,\n deliverymethod.id AS deliverymethod \n \n FROM wiser_item shippingcost\n INNER JOIN wiser_itemlink AS shippingcost_to_folder ON shippingcost_to_folder.item_id=shippingcost.id AND shippingcost_to_folder.destination_item_id=<shippingCostDirectoryId>\n \n # Beperkingen\n LEFT JOIN wiser_itemdetail orderamountstart ON orderamountstart.item_id=shippingcost.id AND orderamountstart.`key`=\'orderamountstart\'\n LEFT JOIN wiser_itemdetail orderamountend ON orderamountend.item_id=shippingcost.id AND orderamountend.`key`=\'orderamountend\'\n LEFT JOIN wiser_itemdetail deliverymethod ON deliverymethod.item_id=shippingcost.id AND deliverymethod.`key`=\'deliverymethod\'\n LEFT JOIN wiser_itemdetail country ON country.item_id=shippingcost.id AND country.`key`=\'country\'\n LEFT JOIN wiser_itemdetail postalcodefrom ON postalcodefrom.item_id=shippingcost.id AND postalcodefrom.`key`=\'postalcode_from\'\n LEFT JOIN wiser_itemdetail postalcodeto ON postalcodeto.item_id=shippingcost.id AND postalcodeto.`key`=\'postalcode_to\'\n LEFT JOIN wiser_itemdetail weightfrom ON weightfrom.item_id=shippingcost.id AND weightfrom.`key`=\'weight_from\'\n LEFT JOIN wiser_itemdetail weightto ON weightto.item_id=shippingcost.id AND weightto.`key`=\'weight_to\'\n \n # Gevens die geselecteerd moeten worden\n LEFT JOIN wiser_itemdetail costs ON costs.item_id=shippingcost.id AND costs.`key`=\'costs\'\n LEFT JOIN wiser_itemdetail type ON type.item_id=shippingcost.id AND type.`key`=\'type\'\n LEFT JOIN wiser_itemdetail includesvat ON includesvat.item_id=shippingcost.id AND includesvat.`key`=\'includesvat\'\n LEFT JOIN wiser_itemdetail vatrate ON vatrate.item_id=shippingcost.id AND vatrate.`key`=\'vatrate\'\n LEFT JOIN wiser_itemdetail propertyname ON propertyname.item_id=shippingcost.id AND propertyname.`key`=\'propertyname\'\n \n WHERE shippingcost.entity_type=\'shippingcost\'\n \n AND IF(IFNULL(orderamountstart.`value`,\'\')=\'\',1=1, REPLACE(orderamountstart.`value`,\',\',\'.\')<=@orderamount)\n AND IF(IFNULL(orderamountend.`value`,\'\')=\'\',1=1,REPLACE(orderamountend.`value`,\',\',\'.\')>@orderamount)\n AND IF(IFNULL(deliverymethod.`value`,\'\')=\'\',1=1, deliverymethod.`value`=@deliverymethod)\n AND IF(IFNULL(country.`value`,\'\')=\'\',1=1, country.`value`=@country)\n AND IF(IFNULL(postalcodefrom.`value`,\'\')=\'\',1=1, postalcodefrom.`value`<=@postalcode)\n AND IF(IFNULL(postalcodeto.`value`,\'\')=\'\',1=1, postalcodeto.`value`>=@postalcode)\n AND IF(IFNULL(weightfrom.`value`,\'\')=\'\',1=1, weightfrom.`value`<=REPLACE(@weight,\',\',\'.\')*1)\n AND IF(IFNULL(weightto.`value`,\'\')=\'\',1=1, weightto.`value`>=REPLACE(@weight,\',\',\'.\')*1)\n \n ORDER BY country.id DESC, postalcodefrom.id DESC, postalcodeto.id DESC, weightfrom.id DESC, weightto.id DESC, orderamountstart.id DESC, orderamountend.id DESC, deliverymethod.id DESC\n \n LIMIT 1;\n','<shippingCostDirectoryId>',@shippingCostDirectoryId));

-- ----------------------------
-- Delivery methods
-- ----------------------------
INSERT IGNORE INTO `wiser_entity`(`name`, `module_id`, `accepted_childtypes`, `icon`, `icon_add`) VALUES ('deliverymethod', 700, '', 'icon-truck', '');
INSERT INTO `wiser_entityproperty` (`module_id`, `entity_name`, `link_type`, `visible_in_overview`, `overview_width`, `tab_name`, `group_name`, `inputtype`, `display_name`, `property_name`, `explanation`, `ordering`, `regex_validation`, `mandatory`, `readonly`, `default_value`, `automation`, `css`, `width`, `height`, `options`, `data_query`, `action_query`, `search_query`, `search_count_query`, `grid_delete_query`, `grid_insert_query`, `grid_update_query`, `depends_on_field`, `depends_on_operator`, `depends_on_value`, `language_code`, `custom_script`, `also_save_seo_value`, `depends_on_action`, `save_on_change`, `extended_explanation`, `label_style`, `label_width`) VALUES (0, 'deliverymethod', 0, 0, 100, '', '', 'input', 'Vriendelijke naam', 'name', NULL, 1, '', 0, 0, NULL, '', '', 100, 0, NULL, NULL, NULL, NULL, NULL, NULL, NULL, NULL, NULL, NULL, NULL, '', NULL, 0, NULL, 0, 0, NULL, NULL);
INSERT INTO `wiser_entityproperty` (`module_id`, `entity_name`, `link_type`, `visible_in_overview`, `overview_width`, `tab_name`, `group_name`, `inputtype`, `display_name`, `property_name`, `explanation`, `ordering`, `regex_validation`, `mandatory`, `readonly`, `default_value`, `automation`, `css`, `width`, `height`, `options`, `data_query`, `action_query`, `search_query`, `search_count_query`, `grid_delete_query`, `grid_insert_query`, `grid_update_query`, `depends_on_field`, `depends_on_operator`, `depends_on_value`, `language_code`, `custom_script`, `also_save_seo_value`, `depends_on_action`, `save_on_change`, `extended_explanation`, `label_style`, `label_width`) VALUES (0, 'deliverymethod', 0, 1, 100, '', '', 'textbox', 'Omschrijving', 'description', NULL, 2, '', 0, 0, NULL, '', '', 100, 0, NULL, NULL, NULL, NULL, NULL, NULL, NULL, NULL, NULL, NULL, NULL, '', NULL, 0, NULL, 0, 0, NULL, NULL);
INSERT INTO `wiser_entityproperty` (`module_id`, `entity_name`, `link_type`, `visible_in_overview`, `overview_width`, `tab_name`, `group_name`, `inputtype`, `display_name`, `property_name`, `explanation`, `ordering`, `regex_validation`, `mandatory`, `readonly`, `default_value`, `automation`, `css`, `width`, `height`, `options`, `data_query`, `action_query`, `search_query`, `search_count_query`, `grid_delete_query`, `grid_insert_query`, `grid_update_query`, `depends_on_field`, `depends_on_operator`, `depends_on_value`, `language_code`, `custom_script`, `also_save_seo_value`, `depends_on_action`, `save_on_change`, `extended_explanation`, `label_style`, `label_width`) VALUES (0, 'deliverymethod', 0, 0, 100, '', '', 'HTMLeditor', 'Omschrijving na selecteren', 'subdescription', NULL, 3, '', 0, 0, NULL, '', '', 100, 0, NULL, NULL, NULL, NULL, NULL, NULL, NULL, NULL, NULL, NULL, NULL, '', NULL, 0, NULL, 0, 0, NULL, NULL);
INSERT IGNORE INTO `wiser_item`(`unique_uuid`, `entity_type`, `moduleid`, `published_environment`, `readonly`, `title`, `added_on`, `added_by`, `changed_on`, `changed_by`) VALUES ('', 'map', 700, 4, 0, 'Leveringsmethodes', NOW(), 'Systeem', NULL, '');
INSERT IGNORE INTO `wiser_itemlink` (item_id, destination_item_id, ordering, type) VALUES (LAST_INSERT_ID(), 0, 1, 1);
INSERT IGNORE INTO `easy_objects` (typenr, `key`, `value`) VALUES (-1,'W2CHECKOUT_DeliveryMethodsQuery',REPLACE('SET @orderamount = {price~product~In_VAT_In_Discount~0.00~en-US};\n SET @country = \'{land}\';\n SET @postalcode = SUBSTRING(TRIM(\'{postcode}\'),1,4);\n SET @weight = \'{weight}\';\n \n SELECT\n deliverymethod.id,\n deliverymethod.title,\n description.`value` AS description,\n subdescription.`value` AS subdescription,\n REPLACE(ROUND(REPLACE(costs.`value`,\',\',\'.\')*1.21,2),\'.\',\',\') AS costs\n \n
FROM wiser_item shippingcost\n JOIN wiser_itemdetail deliverymethodid ON deliverymethodid.item_id=shippingcost.id AND deliverymethodid.`key`=\'deliverymethod\'\n JOIN wiser_item deliverymethod ON deliverymethod.id=deliverymethodid.`value`  JOIN wiser_itemlink AS shippingcost_to_folder ON shippingcost_to_folder.item_id=shippingcost.id AND shippingcost_to_folder.type=1 AND shippingcost_to_folder.destination_item_id=<shippingCostDirectoryId> \n \n # Beperkingen\n LEFT JOIN wiser_itemdetail orderamountstart ON orderamountstart.item_id=shippingcost.id AND orderamountstart.`key`=\'orderamountstart\'\n LEFT JOIN wiser_itemdetail orderamountend ON orderamountend.item_id=shippingcost.id AND orderamountend.`key`=\'orderamountend\'\n LEFT JOIN wiser_itemdetail country ON country.item_id=shippingcost.id AND country.`key`=\'country\'\n LEFT JOIN wiser_itemdetail postalcodefrom ON postalcodefrom.item_id=shippingcost.id AND postalcodefrom.`key`=\'postalcode_from\'\n LEFT JOIN wiser_itemdetail postalcodeto ON postalcodeto.item_id=shippingcost.id AND postalcodeto.`key`=\'postalcode_to\'\n LEFT JOIN wiser_itemdetail weightfrom ON weightfrom.item_id=shippingcost.id AND weightfrom.`key`=\'weight_from\'\n LEFT JOIN wiser_itemdetail weightto ON weightto.item_id=shippingcost.id AND weightto.`key`=\'weight_to\'\n \n # Gevens die geselecteerd moeten worden\n LEFT JOIN wiser_itemdetail description ON description.item_id=deliverymethod.id AND description.`key`=\'description\'\n LEFT JOIN wiser_itemdetail subdescription ON subdescription.item_id=deliverymethod.id AND subdescription.`key`=\'subdescription\'\n LEFT JOIN wiser_itemdetail costs ON costs.item_id=shippingcost.id AND costs.`key`=\'costs\'\n \n WHERE shippingcost.entity_type=\'shippingcost\'\n AND IF(IFNULL(orderamountstart.`value`,\'\')=\'\',1=1, REPLACE(orderamountstart.`value`,\',\',\'.\')<=@orderamount)\n AND IF(IFNULL(orderamountend.`value`,\'\')=\'\',1=1,REPLACE(orderamountend.`value`,\',\',\'.\')>@orderamount)\n AND IF(IFNULL(country.`value`,\'\')=\'\',1=1, country.`value`=@country)\n AND IF(IFNULL(postalcodefrom.`value`,\'\')=\'\',1=1, postalcodefrom.`value`<=@postalcode)\n AND IF(IFNULL(postalcodeto.`value`,\'\')=\'\',1=1, postalcodeto.`value`>=@postalcode)\n AND IF(IFNULL(weightfrom.`value`,\'\')=\'\',1=1, weightfrom.`value`<=REPLACE(@weight,\',\',\'.\')*1)\n AND IF(IFNULL(weightto.`value`,\'\')=\'\',1=1, weightto.`value`>=REPLACE(@weight,\',\',\'.\')*1)\n \n ORDER BY country.id DESC, postalcodefrom.id DESC, postalcodeto.id DESC, weightfrom.id DESC, weightto.id DESC, orderamountstart.id DESC, orderamountend.id DESC, deliverymethod.id DESC\n','<shippingCostDirectoryId>',@shippingCostDirectoryId));


-- ----------------------------
-- VAT rate
-- ----------------------------
INSERT IGNORE INTO `wiser_entity`(`name`, `module_id`, `accepted_childtypes`, `icon`, `icon_add`) VALUES ('vatrate', 700, '', 'icon-euro', '');
INSERT IGNORE INTO `wiser_entityproperty`(`module_id`, `entity_name`, `link_type`, `visible_in_overview`, `overview_width`, `tab_name`, `group_name`, `inputtype`, `display_name`, `property_name`, `explanation`, `ordering`, `regex_validation`, `mandatory`, `readonly`, `default_value`, `css`, `width`, `height`, `options`, `data_query`, `action_query`, `search_query`, `search_count_query`, `grid_delete_query`, `grid_insert_query`, `grid_update_query`, `depends_on_field`, `depends_on_operator`, `depends_on_value`, `language_code`, `custom_script`, `also_save_seo_value`, `depends_on_action`) VALUES (0, 'vatrate', 0, 1, 100, '', '', 'input', 'Omschrijving', 'description', NULL, 2, '', 0, 0, NULL, '', 0, 0, NULL, NULL, NULL, NULL, NULL, NULL, NULL, NULL, NULL, NULL, NULL, '', NULL, 0, NULL);
INSERT IGNORE INTO `wiser_item`(`unique_uuid`, `entity_type`, `moduleid`, `published_environment`, `readonly`, `title`, `added_on`, `added_by`, `changed_on`, `changed_by`) VALUES ('', 'map', 700, 4, 0, 'BTW tarieven', NOW(), 'Systeem', NULL, '');
SET @vatRateDirectoryId  = LAST_INSERT_ID();
INSERT IGNORE INTO `wiser_itemlink` (item_id, destination_item_id, ordering, type) VALUES (@vatRateDirectoryId, 0, 1, 1);
INSERT IGNORE INTO `wiser_item`(`unique_uuid`, `entity_type`, `moduleid`, `published_environment`, `readonly`, `title`, `added_on`, `added_by`, `changed_on`, `changed_by`) VALUES ('', 'vatrate', 700, 4, 0, 'Nul tarief', NOW(), 'Systeem', NULL, '');
SET @vatRateId  = LAST_INSERT_ID();
INSERT IGNORE INTO `wiser_itemlink` (`item_id`, `destination_item_id`, `type`) VALUES (@vatRateid, @vatRateDirectoryId, 1);
INSERT IGNORE INTO `wiser_itemdetail`(`item_id`, `key`, `value`) VALUES (@vatRateId, 'description', 'zerorate');
INSERT IGNORE INTO `wiser_item`(`unique_uuid`, `entity_type`, `moduleid`, `published_environment`, `readonly`, `title`, `added_on`, `added_by`, `changed_on`, `changed_by`) VALUES ('', 'vatrate', 700, 4, 0, 'Verlaagd tarief', NOW(), 'Systeem', NULL, '');
SET @vatRateId  = LAST_INSERT_ID();
INSERT IGNORE INTO `wiser_itemlink` (`item_id`, `destination_item_id`, `type`) VALUES (@vatRateid, @vatRateDirectoryId, 1);
INSERT IGNORE INTO `wiser_itemdetail`(`item_id`, `key`, `value`) VALUES (@vatRateId, 'description', 'reducedrate');
INSERT IGNORE INTO `wiser_item`(`unique_uuid`, `entity_type`, `moduleid`, `published_environment`, `readonly`, `title`, `added_on`, `added_by`, `changed_on`, `changed_by`) VALUES ('', 'vatrate', 700, 4, 0, 'Extra verlaagd tarief', NOW(), 'Systeem', NULL, '');
SET @vatRateId  = LAST_INSERT_ID();
INSERT IGNORE INTO `wiser_itemlink` (`item_id`, `destination_item_id`, `type`) VALUES (@vatRateid, @vatRateDirectoryId, 1);
INSERT IGNORE INTO `wiser_itemdetail`(`item_id`, `key`, `value`) VALUES (@vatRateId, 'description', 'superreducedrate');
INSERT IGNORE INTO `wiser_item`(`unique_uuid`, `entity_type`, `moduleid`, `published_environment`, `readonly`, `title`, `added_on`, `added_by`, `changed_on`, `changed_by`) VALUES ('', 'vatrate', 700, 4, 0, 'Standaard tarief', NOW(), 'Systeem', NULL, '');
SET @vatRateId  = LAST_INSERT_ID();
INSERT IGNORE INTO `wiser_itemlink` (`item_id`, `destination_item_id`, `type`) VALUES (@vatRateid, @vatRateDirectoryId, 1);
INSERT IGNORE INTO `wiser_itemdetail`(`item_id`, `key`, `value`) VALUES (@vatRateId, 'description', 'standardrate');

-- ----------------------------
-- VAT rules
-- ----------------------------
INSERT IGNORE INTO `wiser_entity`(`name`, `module_id`, `accepted_childtypes`, `icon`, `icon_add`) VALUES ('vatrule', 700, '', 'icon-euro', '');
INSERT INTO `wiser_entityproperty` (`module_id`, `entity_name`, `link_type`, `visible_in_overview`, `overview_width`, `tab_name`, `group_name`, `inputtype`, `display_name`, `property_name`, `explanation`, `ordering`, `regex_validation`, `mandatory`, `readonly`, `default_value`, `automation`, `css`, `width`, `height`, `options`, `data_query`, `action_query`, `search_query`, `search_count_query`, `grid_delete_query`, `grid_insert_query`, `grid_update_query`, `depends_on_field`, `depends_on_operator`, `depends_on_value`, `language_code`, `custom_script`, `also_save_seo_value`, `depends_on_action`, `save_on_change`, `extended_explanation`, `label_style`, `label_width`) VALUES (0, 'vatrule', 0, 1, 100, '', '', 'combobox', 'Land', 'country', NULL, 1, '', 0, 0, NULL, '', '', 0, 0, '{\"entityType\": \"country\", \"searchEverywhere\": true, \"searchInTitle\": true, \"useDropDownList\": true}', NULL, NULL, NULL, NULL, NULL, NULL, NULL, NULL, NULL, NULL, '', NULL, 0, NULL, 0, 0, NULL, NULL);
INSERT INTO `wiser_entityproperty` (`module_id`, `entity_name`, `link_type`, `visible_in_overview`, `overview_width`, `tab_name`, `group_name`, `inputtype`, `display_name`, `property_name`, `explanation`, `ordering`, `regex_validation`, `mandatory`, `readonly`, `default_value`, `automation`, `css`, `width`, `height`, `options`, `data_query`, `action_query`, `search_query`, `search_count_query`, `grid_delete_query`, `grid_insert_query`, `grid_update_query`, `depends_on_field`, `depends_on_operator`, `depends_on_value`, `language_code`, `custom_script`, `also_save_seo_value`, `depends_on_action`, `save_on_change`, `extended_explanation`, `label_style`, `label_width`) VALUES (0, 'vatrule', 0, 1, 100, '', '', 'input', 'B2B', 'b2b', NULL, 2, '', 0, 0, NULL, '', '', 0, 0, NULL, NULL, NULL, NULL, NULL, NULL, NULL, NULL, NULL, NULL, NULL, '', NULL, 0, NULL, 0, 0, NULL, NULL);
INSERT INTO `wiser_entityproperty` (`module_id`, `entity_name`, `link_type`, `visible_in_overview`, `overview_width`, `tab_name`, `group_name`, `inputtype`, `display_name`, `property_name`, `explanation`, `ordering`, `regex_validation`, `mandatory`, `readonly`, `default_value`, `automation`, `css`, `width`, `height`, `options`, `data_query`, `action_query`, `search_query`, `search_count_query`, `grid_delete_query`, `grid_insert_query`, `grid_update_query`, `depends_on_field`, `depends_on_operator`, `depends_on_value`, `language_code`, `custom_script`, `also_save_seo_value`, `depends_on_action`, `save_on_change`, `extended_explanation`, `label_style`, `label_width`) VALUES (0, 'vatrule', 0, 1, 100, '', '', 'combobox', 'BTW tarief', 'vatrate', NULL, 3, '', 0, 0, NULL, '', '', 0, 0, '{\"searchFields\":[],\"useDropDownList\":true,\"entityType\":\"vatrate\",\"searchInTitle\":true,\"searchEverywhere\":true}', NULL, NULL, NULL, NULL, NULL, NULL, NULL, NULL, NULL, NULL, '', NULL, 0, NULL, 0, 0, NULL, NULL);
INSERT INTO `wiser_entityproperty` (`module_id`, `entity_name`, `link_type`, `visible_in_overview`, `overview_width`, `tab_name`, `group_name`, `inputtype`, `display_name`, `property_name`, `explanation`, `ordering`, `regex_validation`, `mandatory`, `readonly`, `default_value`, `automation`, `css`, `width`, `height`, `options`, `data_query`, `action_query`, `search_query`, `search_count_query`, `grid_delete_query`, `grid_insert_query`, `grid_update_query`, `depends_on_field`, `depends_on_operator`, `depends_on_value`, `language_code`, `custom_script`, `also_save_seo_value`, `depends_on_action`, `save_on_change`, `extended_explanation`, `label_style`, `label_width`) VALUES (0, 'vatrule', 0, 1, 100, '', '', 'numeric-input', 'Percentage', 'percentage', NULL, 4, '', 0, 0, NULL, '', '', 0, 0, NULL, NULL, NULL, NULL, NULL, NULL, NULL, NULL, NULL, NULL, NULL, '', NULL, 0, NULL, 0, 0, NULL, NULL);
INSERT IGNORE INTO `wiser_item`(`unique_uuid`, `entity_type`, `moduleid`, `published_environment`, `readonly`, `title`, `added_on`, `added_by`, `changed_on`, `changed_by`) VALUES ('', 'map', 700, 4, 0, 'BTW regels', NOW(), 'Systeem', NULL, '');
SET @vatRuleDirectoryId  = LAST_INSERT_ID();
INSERT IGNORE INTO `wiser_itemlink` (item_id, destination_item_id, ordering, type) VALUES (@vatRuleDirectoryId, 0, 1, 1);
INSERT IGNORE INTO `wiser_item`(`unique_uuid`, `entity_type`, `moduleid`, `published_environment`, `readonly`, `title`, `added_on`, `added_by`, `changed_on`, `changed_by`) VALUES ('', 'vatrule', 700, 4, 0, 'Standaard regel', NOW(), 'Systeem', NULL, '');
SET @vatRuleId  = LAST_INSERT_ID();
INSERT IGNORE INTO `wiser_itemlink` (`item_id`, `destination_item_id`, `type`) VALUES (@vatRuleId, @vatRuleDirectoryId, 1);
INSERT IGNORE INTO `wiser_itemdetail`(`item_id`, `key`, `value`) VALUES (@vatRuleId, 'vatrate', @vatRateId);
INSERT IGNORE INTO `wiser_itemdetail`(`item_id`, `key`, `value`) VALUES (@vatRuleId, 'percentage', '21');

-- ----------------------------
-- Payment methods
-- ----------------------------
INSERT IGNORE INTO `easy_objects` (typenr, `key`, `value`) VALUES (-1,'W2CHECKOUT_PaymentMethodsQuery','SET @orderamount = {price~product~In_VAT_In_Discount~0.00~en-US};\n SET @country = \'{land}\';\n \n SELECT\n  paymentmethod.id,\n  friendlyname.`value` AS friendlyname,\n  paymentcode.`value` AS paymentcode,\n  class.`value` AS class,\n  description.`value` AS description,\n  REPLACE(ROUND(REPLACE(IFNULL(costs.`value`,\'0\'),\',\',\'.\')*1.21,2),\'.\',\',\') AS costs\n FROM wiser_item paymentmethod\n JOIN wiser_itemlink paymentorder ON paymentorder.item_id=paymentmethod.id AND paymentorder.type=1\n \n # Beperkingen\n LEFT JOIN wiser_itemdetail orderamountstart ON orderamountstart.item_id=paymentmethod.id AND orderamountstart.`key`=\'orderamountstart\'\n LEFT JOIN wiser_itemdetail orderamountend ON orderamountend.item_id=paymentmethod.id AND orderamountend.`key`=\'orderamountend\'\n LEFT JOIN wiser_itemdetail country ON country.item_id=paymentmethod.id AND country.`key`=\'country\'\n \n # Gevens die geselecteerd moeten worden\n LEFT JOIN wiser_itemdetail friendlyname ON friendlyname.item_id=paymentmethod.id AND friendlyname.`key`=\'name\'\n LEFT JOIN wiser_itemdetail paymentcode ON paymentcode.item_id=paymentmethod.id AND paymentcode.`key`=\'code\'\n LEFT JOIN wiser_itemdetail class ON class.item_id=paymentmethod.id AND class.`key`=\'class\'\n LEFT JOIN wiser_itemdetail costs ON costs.item_id=paymentmethod.id AND costs.`key`=\'costs\'\n LEFT JOIN wiser_itemdetail ispercentage ON ispercentage.item_id=paymentmethod.id AND ispercentage.`key`=\'ispercentage\'\n LEFT JOIN wiser_itemdetail includesvat ON includesvat.item_id=paymentmethod.id AND includesvat.`key`=\'includesvat\'\n LEFT JOIN wiser_itemdetail vatrate ON vatrate.item_id=paymentmethod.id AND vatrate.`key`=\'vatrate\'\n LEFT JOIN wiser_itemdetail description ON description.item_id=paymentmethod.id AND description.`key`=\'description\'\n \n WHERE paymentmethod.entity_type=\'paymentmethod\' AND paymentmethod.published_environment>0\n AND IF(IFNULL(orderamountstart.`value`,\'\')=\'\',1=1, REPLACE(orderamountstart.`value`,\',\',\'.\')<=@orderamount)\n AND IF(IFNULL(orderamountend.`value`,\'\')=\'\',1=1,REPLACE(orderamountend.`value`,\',\',\'.\')>@orderamount)\n AND IF(IFNULL(country.`value`,\'\')=\'\',1=1, country.`value`=@country)\n \n ORDER BY paymentorder.ordering\n');
INSERT IGNORE INTO `easy_objects` (typenr, `key`, `value`) VALUES (-1,'W2CHECKOUT_PaymentCostsQuery','SET @paymentMethod = \'{paymentmethod}\';\n \n SELECT\n  paymentmethod.id,\n  friendlyname.`value` AS friendlyname,\n  costs.`value` AS costs,\n  ispercentage.`value` AS ispercentage,\n  includesvat.`value` AS includesvat,\n	  vatrate.`value` AS vatrate\n FROM wiser_item paymentmethod\n JOIN wiser_itemdetail paymentcode ON paymentcode.item_id=paymentmethod.id AND paymentcode.`key`=\'code\' AND paymentcode.`value`=@paymentMethod\n \n  # Beperkingen\n LEFT JOIN wiser_itemdetail orderamountstart ON orderamountstart.item_id=paymentmethod.id AND orderamountstart.`key`=\'orderamountstart\'\n LEFT JOIN wiser_itemdetail orderamountend ON orderamountend.item_id=paymentmethod.id AND orderamountend.`key`=\'orderamountend\'\n LEFT JOIN wiser_itemdetail country ON country.item_id=paymentmethod.id AND country.`key`=\'country\'\n \n # Gevens die geselecteerd moeten worden\n LEFT JOIN wiser_itemdetail friendlyname ON friendlyname.item_id=paymentmethod.id AND friendlyname.`key`=\'name\'\n LEFT JOIN wiser_itemdetail costs ON costs.item_id=paymentmethod.id AND costs.`key`=\'costs\'\n LEFT JOIN wiser_itemdetail ispercentage ON ispercentage.item_id=paymentmethod.id AND ispercentage.`key`=\'ispercentage\'\n LEFT JOIN wiser_itemdetail includesvat ON includesvat.item_id=paymentmethod.id AND includesvat.`key`=\'includesvat\'\n LEFT JOIN wiser_itemdetail vatrate ON vatrate.item_id=paymentmethod.id AND vatrate.`key`=\'vatrate\'\n \n WHERE paymentmethod.entity_type=\'paymentmethod\' AND paymentmethod.published_environment>0\n');

-- ----------------------------
-- Baskets
-- ----------------------------
INSERT IGNORE INTO `wiser_entity`(`name`, `module_id`, `accepted_childtypes`, `icon`, `icon_add`, `dedicated_table_prefix`,`save_history`,`delete_action`) VALUES ('basket', 5000, '', 'icon-cart', '','basket', 0, 'permanent');
INSERT IGNORE INTO `wiser_entity`(`name`, `module_id`, `accepted_childtypes`, `icon`, `icon_add`, `dedicated_table_prefix`,`save_history`,`delete_action`) VALUES ('basketline', 5000, '', 'icon-doc-invoice', '','basket', 0, 'permanent');
INSERT INTO `wiser_link` (`type`, `destination_entity_type`, `connected_entity_type`, `name`, `show_in_tree_view`, `show_in_data_selector`, `relationship`, `duplication`, `use_item_parent_id`) VALUES (5002, 'basket', 'basketline', 'BasketLineUnderBasket', 0, 0, 'one-to-one', 'none', 1);

-- ----------------------------
-- Orders
-- ----------------------------
INSERT IGNORE INTO `wiser_entity`(`name`, `module_id`, `accepted_childtypes`, `icon`, `icon_add`, `dedicated_table_prefix`) VALUES ('order', 5007, '', 'icon-cart', '','');
INSERT IGNORE INTO `wiser_entity`(`name`, `module_id`, `accepted_childtypes`, `icon`, `icon_add`, `dedicated_table_prefix`) VALUES ('conceptorder', 5007, '', 'icon-cart', '','');
INSERT IGNORE INTO `wiser_entity`(`name`, `module_id`, `accepted_childtypes`, `icon`, `icon_add`, `dedicated_table_prefix`) VALUES ('orderline', 5007, '', 'icon-doc-invoice', '','');
INSERT INTO `wiser_link` (`type`, `destination_entity_type`, `connected_entity_type`, `name`, `show_in_tree_view`, `show_in_data_selector`, `relationship`, `duplication`, `use_item_parent_id`) VALUES (5002, 'order', 'orderline', 'OrderLineUnderOrder', 0, 0, 'one-to-one', 'none', 1);
INSERT INTO `wiser_link` (`type`, `destination_entity_type`, `connected_entity_type`, `name`, `show_in_tree_view`, `show_in_data_selector`, `relationship`, `duplication`, `use_item_parent_id`) VALUES (5002, 'conceptorder', 'orderline', 'OrderLineUnderConceptOrder', 0, 0, 'one-to-one', 'none', 1);

-- ----------------------------
-- Mailtemplate
-- ----------------------------
INSERT IGNORE INTO `wiser_entity`(`name`, `module_id`, `accepted_childtypes`, `icon`, `icon_add`) VALUES ('mailtemplate', 700, '', 'icon-mail-open', '');
INSERT INTO `wiser_entityproperty` (`module_id`, `entity_name`, `link_type`, `visible_in_overview`, `overview_width`, `tab_name`, `group_name`, `inputtype`, `display_name`, `property_name`, `explanation`, `ordering`, `regex_validation`, `mandatory`, `readonly`, `default_value`, `automation`, `css`, `width`, `height`, `options`, `data_query`, `action_query`, `search_query`, `search_count_query`, `grid_delete_query`, `grid_insert_query`, `grid_update_query`, `depends_on_field`, `depends_on_operator`, `depends_on_value`, `language_code`, `custom_script`, `also_save_seo_value`, `depends_on_action`, `save_on_change`, `extended_explanation`, `label_style`, `label_width`) VALUES (0, 'mailtemplate', 0, 0, 100, '', '', 'input', 'Verzenden naar', 'mailto', NULL, 1, '', 0, 0, NULL, '', '', 100, 0, NULL, NULL, NULL, NULL, NULL, NULL, NULL, NULL, NULL, NULL, NULL, '', NULL, 0, NULL, 0, 0, NULL, NULL);
INSERT INTO `wiser_entityproperty` (`module_id`, `entity_name`, `link_type`, `visible_in_overview`, `overview_width`, `tab_name`, `group_name`, `inputtype`, `display_name`, `property_name`, `explanation`, `ordering`, `regex_validation`, `mandatory`, `readonly`, `default_value`, `automation`, `css`, `width`, `height`, `options`, `data_query`, `action_query`, `search_query`, `search_count_query`, `grid_delete_query`, `grid_insert_query`, `grid_update_query`, `depends_on_field`, `depends_on_operator`, `depends_on_value`, `language_code`, `custom_script`, `also_save_seo_value`, `depends_on_action`, `save_on_change`, `extended_explanation`, `label_style`, `label_width`) VALUES (0, 'mailtemplate', 0, 0, 100, '', '', 'input', 'Onderwerp', 'subject', NULL, 2, '', 0, 0, NULL, '', '', 100, 0, NULL, NULL, NULL, NULL, NULL, NULL, NULL, NULL, NULL, NULL, NULL, '', NULL, 0, NULL, 0, 0, NULL, NULL);
INSERT INTO `wiser_entityproperty` (`module_id`, `entity_name`, `link_type`, `visible_in_overview`, `overview_width`, `tab_name`, `group_name`, `inputtype`, `display_name`, `property_name`, `explanation`, `ordering`, `regex_validation`, `mandatory`, `readonly`, `default_value`, `automation`, `css`, `width`, `height`, `options`, `data_query`, `action_query`, `search_query`, `search_count_query`, `grid_delete_query`, `grid_insert_query`, `grid_update_query`, `depends_on_field`, `depends_on_operator`, `depends_on_value`, `language_code`, `custom_script`, `also_save_seo_value`, `depends_on_action`, `save_on_change`, `extended_explanation`, `label_style`, `label_width`) VALUES (0, 'mailtemplate', 0, 0, 100, '', '', 'HTMLeditor', 'Template', 'template', NULL, 3, '', 0, 0, NULL, '', '', 100, 600, '{ "allowAbsoluteImageUrls": true }', NULL, NULL, NULL, NULL, NULL, NULL, NULL, NULL, NULL, NULL, '', NULL, 0, NULL, 0, 0, NULL, NULL);
INSERT IGNORE INTO `wiser_item`(`unique_uuid`, `entity_type`, `moduleid`, `published_environment`, `readonly`, `title`, `added_on`, `added_by`, `changed_on`, `changed_by`) VALUES ('', 'map', 700, 4, 0, 'Templates', NOW(), 'Systeem', NULL, '');
SET @templatesDirectoryId = LAST_INSERT_ID();
INSERT IGNORE INTO `wiser_itemlink` (item_id, destination_item_id, ordering, type) VALUES (@templatesDirectoryId, 0, 1, 1);
INSERT IGNORE INTO `wiser_item`(`unique_uuid`, `entity_type`, `moduleid`, `published_environment`, `readonly`, `title`, `added_on`, `added_by`, `changed_on`, `changed_by`) VALUES ('', 'mailtemplate', 700, 4, 0, 'Bestelmail', NOW(), 'Systeem', NULL, '');
INSERT IGNORE INTO `wiser_itemlink` (item_id, destination_item_id, ordering, type) VALUES (LAST_INSERT_ID(), @templatesDirectoryId, 1, 1);

-- ----------------------------
-- Coupon and coupon module
-- ----------------------------
INSERT INTO `wiser_module` (`id`, `name`, `icon`, `type`) VALUES (5009,'Coupons','pricelabel','DynamicItems');
INSERT INTO `wiser_permission`(`role_id`, `entity_name`, `item_id`, `entity_property_id`, `permissions`, `module_id`) VALUES (1, '', 0, 0, 15, 5009);
INSERT INTO `wiser_entity`(`name`, `module_id`, `accepted_childtypes`, `icon`, `icon_add`) VALUES ('', 5009, 'map', '', '');
INSERT INTO `wiser_entity`(`name`, `module_id`, `accepted_childtypes`, `icon`, `icon_add`, `icon_expanded`) VALUES ('map', 5009, 'coupon', 'icon-folder-closed', 'icon-folder-add', 'icon-folder');
INSERT INTO `wiser_entity`(`name`, `module_id`, `accepted_childtypes`, `icon`, `icon_add`) VALUES ('coupon', 5009, '', 'icon-label', 'icon-label');
INSERT INTO `wiser_entityproperty` (`module_id`, `entity_name`, `link_type`, `visible_in_overview`, `overview_width`, `tab_name`, `group_name`, `inputtype`, `display_name`, `property_name`, `explanation`, `ordering`, `regex_validation`, `mandatory`, `readonly`, `default_value`, `automation`, `css`, `width`, `height`, `options`, `data_query`, `action_query`, `search_query`, `search_count_query`, `grid_delete_query`, `grid_insert_query`, `grid_update_query`, `depends_on_field`, `depends_on_operator`, `depends_on_value`, `language_code`, `custom_script`, `also_save_seo_value`, `depends_on_action`, `save_on_change`, `extended_explanation`, `label_style`, `label_width`) VALUES (0, 'coupon', 0, 0, 100, '', '', 'input', 'Code', 'code', NULL, 1, '', 1, 0, NULL, '', '', 20, 0, NULL, NULL, NULL, NULL, NULL, NULL, NULL, NULL, NULL, NULL, NULL, '', NULL, 0, NULL, 0, 0, NULL, NULL);
INSERT INTO `wiser_entityproperty` (`module_id`, `entity_name`, `link_type`, `visible_in_overview`, `overview_width`, `tab_name`, `group_name`, `inputtype`, `display_name`, `property_name`, `explanation`, `ordering`, `regex_validation`, `mandatory`, `readonly`, `default_value`, `automation`, `css`, `width`, `height`, `options`, `data_query`, `action_query`, `search_query`, `search_count_query`, `grid_delete_query`, `grid_insert_query`, `grid_update_query`, `depends_on_field`, `depends_on_operator`, `depends_on_value`, `language_code`, `custom_script`, `also_save_seo_value`, `depends_on_action`, `save_on_change`, `extended_explanation`, `label_style`, `label_width`) VALUES (0, 'coupon', 0, 0, 100, '', '', 'date-time picker', 'Geldig vanaf', 'validfrom', NULL, 2, '', 1, 0, NULL, '', '', 20, 0, '{ \"type\": \"date\" }', NULL, NULL, NULL, NULL, NULL, NULL, NULL, NULL, NULL, NULL, '', NULL, 0, NULL, 0, 0, NULL, NULL);
INSERT INTO `wiser_entityproperty` (`module_id`, `entity_name`, `link_type`, `visible_in_overview`, `overview_width`, `tab_name`, `group_name`, `inputtype`, `display_name`, `property_name`, `explanation`, `ordering`, `regex_validation`, `mandatory`, `readonly`, `default_value`, `automation`, `css`, `width`, `height`, `options`, `data_query`, `action_query`, `search_query`, `search_count_query`, `grid_delete_query`, `grid_insert_query`, `grid_update_query`, `depends_on_field`, `depends_on_operator`, `depends_on_value`, `language_code`, `custom_script`, `also_save_seo_value`, `depends_on_action`, `save_on_change`, `extended_explanation`, `label_style`, `label_width`) VALUES (0, 'coupon', 0, 0, 100, '', '', 'date-time picker', 'Geldig tot', 'validuntil', NULL, 3, '', 1, 0, NULL, '', '', 20, 0, '{ \"type\": \"date\" }', NULL, NULL, NULL, NULL, NULL, NULL, NULL, NULL, NULL, NULL, '', NULL, 0, NULL, 0, 0, NULL, NULL);
INSERT INTO `wiser_entityproperty` (`module_id`, `entity_name`, `link_type`, `visible_in_overview`, `overview_width`, `tab_name`, `group_name`, `inputtype`, `display_name`, `property_name`, `explanation`, `ordering`, `regex_validation`, `mandatory`, `readonly`, `default_value`, `automation`, `css`, `width`, `height`, `options`, `data_query`, `action_query`, `search_query`, `search_count_query`, `grid_delete_query`, `grid_insert_query`, `grid_update_query`, `depends_on_field`, `depends_on_operator`, `depends_on_value`, `language_code`, `custom_script`, `also_save_seo_value`, `depends_on_action`, `save_on_change`, `extended_explanation`, `label_style`, `label_width`) VALUES (0, 'coupon', 0, 0, 100, '', '', 'numeric-input', 'Aantal x te gebruiken', 'maxusecount', '0 = oneindig', 4, '', 0, 0, NULL, '', '', 20, 0, '{\"decimals\": 0, \"format\": \"0\"}', NULL, NULL, NULL, NULL, NULL, NULL, NULL, NULL, NULL, NULL, '', NULL, 0, NULL, 0, 0, NULL, NULL);
INSERT INTO `wiser_entityproperty` (`module_id`, `entity_name`, `link_type`, `visible_in_overview`, `overview_width`, `tab_name`, `group_name`, `inputtype`, `display_name`, `property_name`, `explanation`, `ordering`, `regex_validation`, `mandatory`, `readonly`, `default_value`, `automation`, `css`, `width`, `height`, `options`, `data_query`, `action_query`, `search_query`, `search_count_query`, `grid_delete_query`, `grid_insert_query`, `grid_update_query`, `depends_on_field`, `depends_on_operator`, `depends_on_value`, `language_code`, `custom_script`, `also_save_seo_value`, `depends_on_action`, `save_on_change`, `extended_explanation`, `label_style`, `label_width`) VALUES (0, 'coupon', 0, 0, 100, '', '', 'numeric-input', 'Aantal x gebruikt', 'usedcount', NULL, 5, '', 0, 1, NULL, '', '', 20, 0, '{\"decimals\": 0, \"format\": \"0\"}', NULL, NULL, NULL, NULL, NULL, NULL, NULL, NULL, NULL, NULL, '', NULL, 0, NULL, 0, 0, NULL, NULL);
INSERT INTO `wiser_entityproperty` (`module_id`, `entity_name`, `link_type`, `visible_in_overview`, `overview_width`, `tab_name`, `group_name`, `inputtype`, `display_name`, `property_name`, `explanation`, `ordering`, `regex_validation`, `mandatory`, `readonly`, `default_value`, `automation`, `css`, `width`, `height`, `options`, `data_query`, `action_query`, `search_query`, `search_count_query`, `grid_delete_query`, `grid_insert_query`, `grid_update_query`, `depends_on_field`, `depends_on_operator`, `depends_on_value`, `language_code`, `custom_script`, `also_save_seo_value`, `depends_on_action`, `save_on_change`, `extended_explanation`, `label_style`, `label_width`) VALUES (0, 'coupon', 0, 0, 100, '', '', 'numeric-input', '% korting', 'discountpercentage', NULL, 6, '', 0, 0, NULL, '', '', 20, 0, '{ \"decimals\": 2, \"format\": \"0.00\" }', NULL, NULL, NULL, NULL, NULL, NULL, NULL, NULL, NULL, NULL, '', NULL, 0, NULL, 0, 0, NULL, NULL);
INSERT INTO `wiser_entityproperty` (`module_id`, `entity_name`, `link_type`, `visible_in_overview`, `overview_width`, `tab_name`, `group_name`, `inputtype`, `display_name`, `property_name`, `explanation`, `ordering`, `regex_validation`, `mandatory`, `readonly`, `default_value`, `automation`, `css`, `width`, `height`, `options`, `data_query`, `action_query`, `search_query`, `search_count_query`, `grid_delete_query`, `grid_insert_query`, `grid_update_query`, `depends_on_field`, `depends_on_operator`, `depends_on_value`, `language_code`, `custom_script`, `also_save_seo_value`, `depends_on_action`, `save_on_change`, `extended_explanation`, `label_style`, `label_width`) VALUES (0, 'coupon', 0, 0, 100, '', '', 'numeric-input', 'Vaste waarde', 'discountamount', NULL, 7, '', 0, 0, NULL, '', '', 20, 0, '{ \"decimals\": 2, \"format\": \"c\" }', NULL, NULL, NULL, NULL, NULL, NULL, NULL, NULL, NULL, NULL, '', NULL, 0, NULL, 0, 0, NULL, NULL);
INSERT INTO `wiser_entityproperty` (`module_id`, `entity_name`, `link_type`, `visible_in_overview`, `overview_width`, `tab_name`, `group_name`, `inputtype`, `display_name`, `property_name`, `explanation`, `ordering`, `regex_validation`, `mandatory`, `readonly`, `default_value`, `automation`, `css`, `width`, `height`, `options`, `data_query`, `action_query`, `search_query`, `search_count_query`, `grid_delete_query`, `grid_insert_query`, `grid_update_query`, `depends_on_field`, `depends_on_operator`, `depends_on_value`, `language_code`, `custom_script`, `also_save_seo_value`, `depends_on_action`, `save_on_change`, `extended_explanation`, `label_style`, `label_width`) VALUES (0, 'coupon', 0, 0, 100, '', '', 'checkbox', 'Korting alleen op producten', 'discountonlyonproducts', NULL, 8, '', 0, 0, NULL, '', '', 20, 0, NULL, NULL, NULL, NULL, NULL, NULL, NULL, NULL, NULL, NULL, NULL, '', NULL, 0, NULL, 0, 0, NULL, NULL);
INSERT INTO `wiser_entityproperty` (`module_id`, `entity_name`, `link_type`, `visible_in_overview`, `overview_width`, `tab_name`, `group_name`, `inputtype`, `display_name`, `property_name`, `explanation`, `ordering`, `regex_validation`, `mandatory`, `readonly`, `default_value`, `automation`, `css`, `width`, `height`, `options`, `data_query`, `action_query`, `search_query`, `search_count_query`, `grid_delete_query`, `grid_insert_query`, `grid_update_query`, `depends_on_field`, `depends_on_operator`, `depends_on_value`, `language_code`, `custom_script`, `also_save_seo_value`, `depends_on_action`, `save_on_change`, `extended_explanation`, `label_style`, `label_width`) VALUES (0, 'coupon', 0, 0, 100, '', '', 'numeric-input', 'Minimaal orderbedrag', 'minpurchaseprice', NULL, 9, '', 0, 0, NULL, '', '', 20, 0, '{ \"decimals\": 2, \"format\": \"c\" }', NULL, NULL, NULL, NULL, NULL, NULL, NULL, NULL, NULL, NULL, '', NULL, 0, NULL, 0, 0, NULL, NULL);
INSERT INTO `wiser_entityproperty` (`module_id`, `entity_name`, `link_type`, `visible_in_overview`, `overview_width`, `tab_name`, `group_name`, `inputtype`, `display_name`, `property_name`, `explanation`, `ordering`, `regex_validation`, `mandatory`, `readonly`, `default_value`, `automation`, `css`, `width`, `height`, `options`, `data_query`, `action_query`, `search_query`, `search_count_query`, `grid_delete_query`, `grid_insert_query`, `grid_update_query`, `depends_on_field`, `depends_on_operator`, `depends_on_value`, `language_code`, `custom_script`, `also_save_seo_value`, `depends_on_action`, `save_on_change`, `extended_explanation`, `label_style`, `label_width`) VALUES (0, 'coupon', 0, 0, 100, '', '', 'input', 'Domein', 'domain', NULL, 10, '', 0, 0, NULL, '', '', 20, 0, NULL, NULL, NULL, NULL, NULL, NULL, NULL, NULL, NULL, NULL, NULL, '', NULL, 0, NULL, 0, 0, NULL, NULL);
INSERT IGNORE INTO `easy_objects` (typenr, `key`, `value`) VALUES (-1,'BASKET_coupon_maxdiscountistotalamountproducts','true');

-- ----------------------------
-- Order process
-- ----------------------------
INSERT INTO `wiser_item` (`entity_type`, `moduleid`, `title`, `added_on`, `added_by`) VALUES ('map', 700, 'Bestelproces', NOW(), 'Systeem');
SET @orderProcessDirectory = LAST_INSERT_ID();
INSERT INTO `wiser_item` (`original_item_id`, `parent_item_id`, `unique_uuid`, `entity_type`, `moduleid`, `published_environment`, `readonly`, `title`, `added_on`, `added_by`) VALUES (0, @orderProcessDirectory, '', 'WiserOrderProcess', 700, 15, 0, 'Checkout standaard', NOW(), 'Systeem');
INSERT INTO `wiser_item` (`entity_type`, `moduleid`, `title`, `added_on`, `added_by`) VALUES ('map', 700, 'PSP\'s', NOW(), 'Systeem');
SET @pspsDirectory = LAST_INSERT_ID();
INSERT INTO `wiser_item` (`original_item_id`, `parent_item_id`, `unique_uuid`, `entity_type`, `moduleid`, `published_environment`, `readonly`, `title`, `added_on`, `added_by`) VALUES (0, @pspsDirectory, '', 'WiserPaymentProvider', 700, 15, 0, 'NOPSP', NOW(), 'Systeem');
SET @nopspItem = LAST_INSERT_ID();
INSERT INTO `wiser_itemdetail` (`item_id`, `key`, `value`) VALUES (@nopspItem, 'pspkippaymentwhenorderamountequalszero', '1');
INSERT INTO `wiser_itemdetail` (`item_id`, `key`, `value`) VALUES (@nopspItem, 'psplogallrequests', '1');
INSERT INTO `wiser_itemdetail` (`item_id`, `key`, `value`) VALUES (@nopspItem, 'psporderscanbesetdirectlytofinished', '1');
INSERT INTO `wiser_itemdetail` (`item_id`, `key`, `value`) VALUES (@nopspItem, 'pspsuccessurl', '/payment-success/');
INSERT INTO `wiser_itemdetail` (`item_id`, `key`, `value`) VALUES (@nopspItem, 'psptype', '1');
INSERT INTO `wiser_itemdetail` (`item_id`, `key`, `value`) VALUES (@nopspItem, 'psptype_input', 'Geen PSP');
INSERT INTO `wiser_entity` (`name`, `module_id`, `accepted_childtypes`, `icon`, `icon_add`, `show_in_tree_view`, `query_after_insert`, `query_after_update`, `query_before_update`, `query_before_delete`, `color`, `show_in_search`, `show_overview_tab`, `save_title_as_seo`, `api_after_insert`, `api_after_update`, `api_before_update`, `api_before_delete`, `show_title_field`, `friendly_name`, `save_history`, `default_ordering`, `template_query`, `template_html`, `enable_multiple_environments`, `icon_expanded`, `dedicated_table_prefix`, `delete_action`) VALUES ('WiserFormField', 700, '', '', '', 0, NULL, NULL, NULL, NULL, 'blue', 1, 1, 0, NULL, NULL, NULL, NULL, 1, NULL, 1, 'link_ordering', NULL, NULL, 0, '', '', 'archive');
INSERT INTO `wiser_entity` (`name`, `module_id`, `accepted_childtypes`, `icon`, `icon_add`, `show_in_tree_view`, `query_after_insert`, `query_after_update`, `query_before_update`, `query_before_delete`, `color`, `show_in_search`, `show_overview_tab`, `save_title_as_seo`, `api_after_insert`, `api_after_update`, `api_before_update`, `api_before_delete`, `show_title_field`, `friendly_name`, `save_history`, `default_ordering`, `template_query`, `template_html`, `enable_multiple_environments`, `icon_expanded`, `dedicated_table_prefix`, `delete_action`) VALUES ('WiserOrderProcess', 700, '', '', '', 1, NULL, NULL, NULL, NULL, 'blue', 1, 1, 0, NULL, NULL, NULL, NULL, 1, NULL, 1, 'link_ordering', NULL, NULL, 0, '', '', 'archive');
INSERT INTO `wiser_entity` (`name`, `module_id`, `accepted_childtypes`, `icon`, `icon_add`, `show_in_tree_view`, `query_after_insert`, `query_after_update`, `query_before_update`, `query_before_delete`, `color`, `show_in_search`, `show_overview_tab`, `save_title_as_seo`, `api_after_insert`, `api_after_update`, `api_before_update`, `api_before_delete`, `show_title_field`, `friendly_name`, `save_history`, `default_ordering`, `template_query`, `template_html`, `enable_multiple_environments`, `icon_expanded`, `dedicated_table_prefix`, `delete_action`) VALUES ('WiserOrderProcessGroup', 700, '', '', '', 0, NULL, NULL, NULL, NULL, 'blue', 1, 1, 0, NULL, NULL, NULL, NULL, 1, NULL, 1, 'link_ordering', NULL, NULL, 0, '', '', 'archive');
INSERT INTO `wiser_entity` (`name`, `module_id`, `accepted_childtypes`, `icon`, `icon_add`, `show_in_tree_view`, `query_after_insert`, `query_after_update`, `query_before_update`, `query_before_delete`, `color`, `show_in_search`, `show_overview_tab`, `save_title_as_seo`, `api_after_insert`, `api_after_update`, `api_before_update`, `api_before_delete`, `show_title_field`, `friendly_name`, `save_history`, `default_ordering`, `template_query`, `template_html`, `enable_multiple_environments`, `icon_expanded`, `dedicated_table_prefix`, `delete_action`) VALUES ('WiserOrderProcessStep', 700, '', '', '', 0, NULL, NULL, NULL, NULL, 'blue', 1, 1, 0, NULL, NULL, NULL, NULL, 1, 'Stap in orderproces', 1, 'link_ordering', NULL, NULL, 0, '', '', 'archive');
INSERT INTO `wiser_entity` (`name`, `module_id`, `accepted_childtypes`, `icon`, `icon_add`, `show_in_tree_view`, `query_after_insert`, `query_after_update`, `query_before_update`, `query_before_delete`, `color`, `show_in_search`, `show_overview_tab`, `save_title_as_seo`, `api_after_insert`, `api_after_update`, `api_before_update`, `api_before_delete`, `show_title_field`, `friendly_name`, `save_history`, `default_ordering`, `template_query`, `template_html`, `enable_multiple_environments`, `icon_expanded`, `dedicated_table_prefix`, `delete_action`) VALUES ('WiserPaymentMethod', 700, '', '', '', 0, NULL, NULL, NULL, NULL, 'blue', 1, 1, 0, NULL, NULL, NULL, NULL, 1, NULL, 1, 'link_ordering', NULL, NULL, 0, '', '', 'archive');
INSERT INTO `wiser_entity` (`name`, `module_id`, `accepted_childtypes`, `icon`, `icon_add`, `show_in_tree_view`, `query_after_insert`, `query_after_update`, `query_before_update`, `query_before_delete`, `color`, `show_in_search`, `show_overview_tab`, `save_title_as_seo`, `api_after_insert`, `api_after_update`, `api_before_update`, `api_before_delete`, `show_title_field`, `friendly_name`, `save_history`, `default_ordering`, `template_query`, `template_html`, `enable_multiple_environments`, `icon_expanded`, `dedicated_table_prefix`, `delete_action`) VALUES ('WiserPaymentProvider', 700, '', '', '', 1, NULL, NULL, NULL, NULL, 'blue', 1, 1, 0, NULL, NULL, NULL, NULL, 1, NULL, 1, 'link_ordering', NULL, NULL, 0, '', '', 'archive');
INSERT INTO `wiser_entityproperty` (`module_id`, `entity_name`, `link_type`, `tab_name`, `group_name`, `inputtype`, `display_name`, `property_name`, `explanation`, `ordering`, `regex_validation`, `mandatory`, `readonly`, `default_value`, `css`, `width`, `height`, `options`, `data_query`, `action_query`, `search_query`, `search_count_query`, `grid_delete_query`, `grid_insert_query`, `grid_update_query`, `depends_on_field`, `depends_on_operator`, `depends_on_value`, `language_code`, `custom_script`, `also_save_seo_value`, `depends_on_action`, `save_on_change`, `extended_explanation`, `label_style`, `label_width`, `enable_aggregation`, `aggregate_options`, `access_key`, `visibility_path_regex`) VALUES (0, 'WiserFormField', 0, '', '', 'input', 'FieldID', 'formfieldid', 'Unieke ID waaraan dit veld te herkennen is (ten behoeve van CSS styling)', 10, '', 0, 0, NULL, NULL, 25, 0, NULL, NULL, NULL, NULL, NULL, NULL, NULL, NULL, NULL, NULL, NULL, '', NULL, 0, NULL, 0, 1, NULL, NULL, 0, NULL, '', '');
INSERT INTO `wiser_entityproperty` (`module_id`, `entity_name`, `link_type`, `tab_name`, `group_name`, `inputtype`, `display_name`, `property_name`, `explanation`, `ordering`, `regex_validation`, `mandatory`, `readonly`, `default_value`, `css`, `width`, `height`, `options`, `data_query`, `action_query`, `search_query`, `search_count_query`, `grid_delete_query`, `grid_insert_query`, `grid_update_query`, `depends_on_field`, `depends_on_operator`, `depends_on_value`, `language_code`, `custom_script`, `also_save_seo_value`, `depends_on_action`, `save_on_change`, `extended_explanation`, `label_style`, `label_width`, `enable_aggregation`, `aggregate_options`, `access_key`, `visibility_path_regex`) VALUES (0, 'WiserFormField', 0, '', '', 'input', 'Label', 'formfieldlabel', 'De tekst die boven/naast het veld staat. Deze waarde wordt alleen gebruikt indien de webshop niet meertalig is, of er geen vertaling voor de tekst gevonden kan worden. Anders wordt de waarde \"orderProcess_field_[TitelVanVeld]_label\" uit de vertalingenmodule gebruikt.', 15, '', 0, 0, NULL, NULL, 25, 0, NULL, NULL, NULL, NULL, NULL, NULL, NULL, NULL, NULL, NULL, NULL, '', NULL, 0, NULL, 0, 1, NULL, NULL, 0, NULL, '', '');
INSERT INTO `wiser_entityproperty` (`module_id`, `entity_name`, `link_type`, `tab_name`, `group_name`, `inputtype`, `display_name`, `property_name`, `explanation`, `ordering`, `regex_validation`, `mandatory`, `readonly`, `default_value`, `css`, `width`, `height`, `options`, `data_query`, `action_query`, `search_query`, `search_count_query`, `grid_delete_query`, `grid_insert_query`, `grid_update_query`, `depends_on_field`, `depends_on_operator`, `depends_on_value`, `language_code`, `custom_script`, `also_save_seo_value`, `depends_on_action`, `save_on_change`, `extended_explanation`, `label_style`, `label_width`, `enable_aggregation`, `aggregate_options`, `access_key`, `visibility_path_regex`) VALUES (0, 'WiserFormField', 0, '', '', 'input', 'Placeholder', 'formfieldplaceholder', 'Tekst die in het veld getoond wordt, wanneer er nog geen waarde is ingevuld. Deze waarde wordt alleen gebruikt indien de webshop niet meertalig is, of er geen vertaling voor de tekst gevonden kan worden. Anders wordt de waarde \"orderProcess_field_[TitelVanVeld]_placeholder\" uit de vertalingenmodule gebruikt.', 20, '', 0, 0, NULL, NULL, 25, 0, NULL, NULL, NULL, NULL, NULL, NULL, NULL, NULL, NULL, NULL, NULL, '', NULL, 0, NULL, 0, 1, NULL, NULL, 0, NULL, '', '');
INSERT INTO `wiser_entityproperty` (`module_id`, `entity_name`, `link_type`, `tab_name`, `group_name`, `inputtype`, `display_name`, `property_name`, `explanation`, `ordering`, `regex_validation`, `mandatory`, `readonly`, `default_value`, `css`, `width`, `height`, `options`, `data_query`, `action_query`, `search_query`, `search_count_query`, `grid_delete_query`, `grid_insert_query`, `grid_update_query`, `depends_on_field`, `depends_on_operator`, `depends_on_value`, `language_code`, `custom_script`, `also_save_seo_value`, `depends_on_action`, `save_on_change`, `extended_explanation`, `label_style`, `label_width`, `enable_aggregation`, `aggregate_options`, `access_key`, `visibility_path_regex`) VALUES (0, 'WiserFormField', 0, '', '', 'combobox', 'Type veld', 'formfieldtype', NULL, 30, '', 0, 0, '0', NULL, 25, 0, '{\r\n	\"useDropDownList\": true,\r\n    \"dataSource\": [\r\n        { \"name\": \"Tekstveld\", \"id\": \"input\" },\r\n        { \"name\": \"Tekstveld met meerdere regels\", \"id\": \"textarea\" },\r\n        { \"name\": \"Keuzeveld (radio)\", \"id\": \"radio\" },\r\n		{ \"name\": \"Keuzeveld (select)\", \"id\": \"select\" },\r\n		{ \"name\": \"Checkbox\", \"id\": \"checkbox\" }\r\n    ]\r\n}', NULL, NULL, NULL, NULL, NULL, NULL, NULL, NULL, NULL, NULL, '', NULL, 0, NULL, 0, 1, NULL, NULL, 0, NULL, '', '');
INSERT INTO `wiser_entityproperty` (`module_id`, `entity_name`, `link_type`, `tab_name`, `group_name`, `inputtype`, `display_name`, `property_name`, `explanation`, `ordering`, `regex_validation`, `mandatory`, `readonly`, `default_value`, `css`, `width`, `height`, `options`, `data_query`, `action_query`, `search_query`, `search_count_query`, `grid_delete_query`, `grid_insert_query`, `grid_update_query`, `depends_on_field`, `depends_on_operator`, `depends_on_value`, `language_code`, `custom_script`, `also_save_seo_value`, `depends_on_action`, `save_on_change`, `extended_explanation`, `label_style`, `label_width`, `enable_aggregation`, `aggregate_options`, `access_key`, `visibility_path_regex`) VALUES (0, 'WiserFormField', 0, '', '', 'combobox', 'Type tekstveld', 'formfieldinputtype', 'Wat voor data moet er in het tekstveld gevuld worden? Hier het juiste type kiezen zorgt ervoor dat standaardvalidatie van browser daar rekening mee houdt en dat bijvoorbeeld telefoons het juiste soort toetsenborden tonen (zoals een toetsbord met alleen nummers bij een nummerveld).', 35, '', 0, 0, 'text', NULL, 25, 0, '{\r\n    \"useDropDownList\": true,\r\n    \"dataSource\": [\r\n		{ \"name\": \"Normaal\", \"id\": \"text\" },\r\n		{ \"name\": \"Nummer\", \"id\": \"number\" },\r\n		{ \"name\": \"E-mailadres\", \"id\": \"email\" },\r\n		{ \"name\": \"Telefoonnummer\", \"id\": \"tel\" },\r\n		{ \"name\": \"Wachtwoord\", \"id\": \"password\" },\r\n		{ \"name\": \"Datum\", \"id\": \"date\" },\r\n		{ \"name\": \"Tijd\", \"id\": \"time\" },\r\n		{ \"name\": \"Datum + tijd\", \"id\": \"datetime-local\" },\r\n		{ \"name\": \"Maand + jaar\", \"id\": \"month\" },\r\n		{ \"name\": \"Week + jaar\", \"id\": \"week\" },\r\n		{ \"name\": \"URL\", \"id\": \"url\" },\r\n		{ \"name\": \"Bereik (slider)\", \"id\": \"range\" },\r\n		{ \"name\": \"Kleur\", \"id\": \"color\" },\r\n		{ \"name\": \"Verborgen\", \"id\": \"hidden\" }\r\n    ]\r\n}', NULL, NULL, NULL, NULL, NULL, NULL, NULL, 'formfieldtype', 'eq', 'input', '', NULL, 0, NULL, 0, 1, NULL, NULL, 0, NULL, '', '');
INSERT INTO `wiser_entityproperty` (`module_id`, `entity_name`, `link_type`, `tab_name`, `group_name`, `inputtype`, `display_name`, `property_name`, `explanation`, `ordering`, `regex_validation`, `mandatory`, `readonly`, `default_value`, `css`, `width`, `height`, `options`, `data_query`, `action_query`, `search_query`, `search_count_query`, `grid_delete_query`, `grid_insert_query`, `grid_update_query`, `depends_on_field`, `depends_on_operator`, `depends_on_value`, `language_code`, `custom_script`, `also_save_seo_value`, `depends_on_action`, `save_on_change`, `extended_explanation`, `label_style`, `label_width`, `enable_aggregation`, `aggregate_options`, `access_key`, `visibility_path_regex`) VALUES (0, 'WiserFormField', 0, '', '', 'sub-entities-grid', 'Mogelijke waarden', 'formfieldvalues', '<p>De kolom \"naam\" is de waarde zoals die in de database wordt opgeslagen. De kolom \"waarde\" is de waarde die getoond wordt op de website. Indien een van de twee niet is gevuld, wordt voor beiden dezelfde waarde gebruikt.</p><br>\r\n<p>Standaard wordt er gesorteerd op alfabet (op waarde), indien dat niet gewenst is kan de volgorde zelf bepaald worden door een verticaal streepje toe te voegen aan de naam, gevolgd door een nummer dat de volgorde bepaalt. Voorbeeld: De waardes \"Zakelijk|1\" en \"Particulier|2\" zorgt ervoor dat Zakelijk als eerste komt in de lijst en Particulier als tweede, terwijl het zonder die nummers andersom zou zijn. De nummers zullen dan niet zichtbaar zijn op de website.</p>', 35, '', 0, 0, NULL, NULL, 100, 0, '{\r\n	\"fieldGroupName\": \"formfieldvalues\"\r\n}', NULL, NULL, NULL, NULL, NULL, NULL, NULL, 'formfieldtype', 'eq', 'radio,select', '', NULL, 0, NULL, 0, 1, NULL, NULL, 0, NULL, '', '');
INSERT INTO `wiser_entityproperty` (`module_id`, `entity_name`, `link_type`, `tab_name`, `group_name`, `inputtype`, `display_name`, `property_name`, `explanation`, `ordering`, `regex_validation`, `mandatory`, `readonly`, `default_value`, `css`, `width`, `height`, `options`, `data_query`, `action_query`, `search_query`, `search_count_query`, `grid_delete_query`, `grid_insert_query`, `grid_update_query`, `depends_on_field`, `depends_on_operator`, `depends_on_value`, `language_code`, `custom_script`, `also_save_seo_value`, `depends_on_action`, `save_on_change`, `extended_explanation`, `label_style`, `label_width`, `enable_aggregation`, `aggregate_options`, `access_key`, `visibility_path_regex`) VALUES (0, 'WiserFormField', 0, '', '', 'numeric-input', 'Tabvolgorde', 'formfieldtabindex', 'Dit is een opvolgend nummer die de volgorde van de velden bepaalt wanneer de gebruiker met TAB navigeert tussen velden.<br><br>Indien hier niets is ingevuld, of een waarde kleiner dan 1, dan wordt de volgorde gebruikt zoals de velden in Wiser staan. In de meeste gevallen kan dit veld leeggelaten worden.<br><br>Let op, deze functionaliteit werkt het beste wanneer de tabvolgorde op <strong>alle</strong> velden van een stap is ingevuld.', 40, '', 0, 0, NULL, NULL, 15, 0, '{ \"decimals\": 0, \"format\": \"#\" }', NULL, NULL, NULL, NULL, NULL, NULL, NULL, NULL, NULL, NULL, '', NULL, 0, NULL, 0, 1, NULL, NULL, 0, NULL, '', '');
INSERT INTO `wiser_entityproperty` (`module_id`, `entity_name`, `link_type`, `tab_name`, `group_name`, `inputtype`, `display_name`, `property_name`, `explanation`, `ordering`, `regex_validation`, `mandatory`, `readonly`, `default_value`, `css`, `width`, `height`, `options`, `data_query`, `action_query`, `search_query`, `search_count_query`, `grid_delete_query`, `grid_insert_query`, `grid_update_query`, `depends_on_field`, `depends_on_operator`, `depends_on_value`, `language_code`, `custom_script`, `also_save_seo_value`, `depends_on_action`, `save_on_change`, `extended_explanation`, `label_style`, `label_width`, `enable_aggregation`, `aggregate_options`, `access_key`, `visibility_path_regex`) VALUES (0, 'WiserFormField', 0, '', '', 'checkbox', 'Verplicht', 'formfieldmandatory', NULL, 50, '', 0, 0, NULL, NULL, 10, 0, NULL, NULL, NULL, NULL, NULL, NULL, NULL, NULL, NULL, NULL, NULL, '', NULL, 0, NULL, 0, 1, NULL, NULL, 0, NULL, '', '');
INSERT INTO `wiser_entityproperty` (`module_id`, `entity_name`, `link_type`, `tab_name`, `group_name`, `inputtype`, `display_name`, `property_name`, `explanation`, `ordering`, `regex_validation`, `mandatory`, `readonly`, `default_value`, `css`, `width`, `height`, `options`, `data_query`, `action_query`, `search_query`, `search_count_query`, `grid_delete_query`, `grid_insert_query`, `grid_update_query`, `depends_on_field`, `depends_on_operator`, `depends_on_value`, `language_code`, `custom_script`, `also_save_seo_value`, `depends_on_action`, `save_on_change`, `extended_explanation`, `label_style`, `label_width`, `enable_aggregation`, `aggregate_options`, `access_key`, `visibility_path_regex`) VALUES (0, 'WiserFormField', 0, '', '', 'input', 'Foutmelding', 'formfielderrormessage', 'De foutmelding die getoond moet worden wanneer dit veld niet correct is ingevuld door de gebruiker. Deze waarde wordt alleen gebruikt indien de webshop niet meertalig is, of er geen vertaling voor de tekst gevonden kan worden. Anders wordt de waarde \"orderProcess_field_[TitelVanVeld]_errorMessage\" uit de vertalingenmodule gebruikt. Indien hier niets is ingevuld en er niets in de vertalingenmodule staat, zal de tekst \"Vul a.u.b. een geldige waarde in\" getoond worden.', 60, '', 0, 0, NULL, NULL, 25, 0, NULL, NULL, NULL, NULL, NULL, NULL, NULL, NULL, NULL, NULL, NULL, '', NULL, 0, NULL, 0, 1, NULL, NULL, 0, NULL, '', '');
INSERT INTO `wiser_entityproperty` (`module_id`, `entity_name`, `link_type`, `tab_name`, `group_name`, `inputtype`, `display_name`, `property_name`, `explanation`, `ordering`, `regex_validation`, `mandatory`, `readonly`, `default_value`, `css`, `width`, `height`, `options`, `data_query`, `action_query`, `search_query`, `search_count_query`, `grid_delete_query`, `grid_insert_query`, `grid_update_query`, `depends_on_field`, `depends_on_operator`, `depends_on_value`, `language_code`, `custom_script`, `also_save_seo_value`, `depends_on_action`, `save_on_change`, `extended_explanation`, `label_style`, `label_width`, `enable_aggregation`, `aggregate_options`, `access_key`, `visibility_path_regex`) VALUES (0, 'WiserFormField', 0, '', '', 'input', 'Regular expression', 'formfieldregexcheck', NULL, 60, '', 0, 0, NULL, NULL, 25, 0, NULL, NULL, NULL, NULL, NULL, NULL, NULL, NULL, NULL, NULL, NULL, '', NULL, 0, NULL, 0, 1, NULL, NULL, 0, NULL, '', '');
INSERT INTO `wiser_entityproperty` (`module_id`, `entity_name`, `link_type`, `tab_name`, `group_name`, `inputtype`, `display_name`, `property_name`, `explanation`, `ordering`, `regex_validation`, `mandatory`, `readonly`, `default_value`, `css`, `width`, `height`, `options`, `data_query`, `action_query`, `search_query`, `search_count_query`, `grid_delete_query`, `grid_insert_query`, `grid_update_query`, `depends_on_field`, `depends_on_operator`, `depends_on_value`, `language_code`, `custom_script`, `also_save_seo_value`, `depends_on_action`, `save_on_change`, `extended_explanation`, `label_style`, `label_width`, `enable_aggregation`, `aggregate_options`, `access_key`, `visibility_path_regex`) VALUES (0, 'WiserFormField', 0, '', '', 'combobox', 'Tonen', 'formfieldvisible', NULL, 70, '', 0, 0, '2', NULL, 25, 0, '{\r\n		\"useDropDownList\":true,\r\n    \"dataSource\": [\r\n        { \"name\": \"Wanneer niet ingelogd\", \"id\": \"0\" },\r\n        { \"name\": \"Wanneer ingelogd\", \"id\": \"1\" },\r\n				{ \"name\": \"Zowel ingelogd als uitgelogd\", \"id\": \"2\" }\r\n    ]\r\n}', NULL, NULL, NULL, NULL, NULL, NULL, NULL, NULL, NULL, NULL, '', NULL, 0, NULL, 0, 1, NULL, NULL, 0, NULL, '', '');
INSERT INTO `wiser_entityproperty` (`module_id`, `entity_name`, `link_type`, `tab_name`, `group_name`, `inputtype`, `display_name`, `property_name`, `explanation`, `ordering`, `regex_validation`, `mandatory`, `readonly`, `default_value`, `css`, `width`, `height`, `options`, `data_query`, `action_query`, `search_query`, `search_count_query`, `grid_delete_query`, `grid_insert_query`, `grid_update_query`, `depends_on_field`, `depends_on_operator`, `depends_on_value`, `language_code`, `custom_script`, `also_save_seo_value`, `depends_on_action`, `save_on_change`, `extended_explanation`, `label_style`, `label_width`, `enable_aggregation`, `aggregate_options`, `access_key`, `visibility_path_regex`) VALUES (0, 'WiserFormField', 0, '', '', 'input', 'CSS class', 'formfieldcssclass', 'Extra CSS class waarmee de opmaak van het veld veranderd kan worden. Gebruik hier alleen waardes die aangeleverd zijn door Happy Geeks.', 80, '', 0, 0, NULL, NULL, 25, 0, NULL, NULL, NULL, NULL, NULL, NULL, NULL, NULL, NULL, NULL, NULL, '', NULL, 0, NULL, 0, 1, NULL, NULL, 0, NULL, '', '');
INSERT INTO `wiser_entityproperty` (`module_id`, `entity_name`, `link_type`, `tab_name`, `group_name`, `inputtype`, `display_name`, `property_name`, `explanation`, `ordering`, `regex_validation`, `mandatory`, `readonly`, `default_value`, `css`, `width`, `height`, `options`, `data_query`, `action_query`, `search_query`, `search_count_query`, `grid_delete_query`, `grid_insert_query`, `grid_update_query`, `depends_on_field`, `depends_on_operator`, `depends_on_value`, `language_code`, `custom_script`, `also_save_seo_value`, `depends_on_action`, `save_on_change`, `extended_explanation`, `label_style`, `label_width`, `enable_aggregation`, `aggregate_options`, `access_key`, `visibility_path_regex`) VALUES (0, 'WiserFormField', 0, '', '', 'input', 'Opslaan in', 'formfieldsaveto', '<p>De plek waar dit veld opgeslagen moet worden. Dit moet altijd het entiteitstype zijn, gevolgd door een punt, gevolgd door de waarde zoals die in de database opgeslagen moet worden. Een veld kan op meerdere locaties opgeslagen worden door die te scheiden met een komma. Indien hier niets is ingevuld, wordt de waarde opgeslagen in het winkelmandje van de gebruiker, met de waarde die in \"FieldID\" is ingevuld.</p><br>\r\n<p>Om bijvoorbeeld de voornaam op te slaan in winkelmandje en account, kan de waarde \"basket.firstName,account.firstName\" ingevuld worden.</p><br>\r\n<p>Het kan ook voorkomen dat er 2 verschillende koppelingen zijn met dezelde entiteitstypes, zoals bijvoorbeeld een factuuradres en een verzendadres (wat beiden van type \"adres\" zijn) gekoppeld aan een account en/of bestelling. Om te specificeren welke koppeling gebruikt moet worden, kan het typenummer tussen vierkante haakjes achter de naam gezet worden. Bijvoorbeeld \"address.street[201]\".</p>', 90, '', 0, 0, NULL, NULL, 50, 0, NULL, NULL, NULL, NULL, NULL, NULL, NULL, NULL, NULL, NULL, NULL, '', NULL, 0, NULL, 0, 1, NULL, NULL, 0, NULL, '', '');
INSERT INTO `wiser_entityproperty` (`module_id`, `entity_name`, `link_type`, `tab_name`, `group_name`, `inputtype`, `display_name`, `property_name`, `explanation`, `ordering`, `regex_validation`, `mandatory`, `readonly`, `default_value`, `css`, `width`, `height`, `options`, `data_query`, `action_query`, `search_query`, `search_count_query`, `grid_delete_query`, `grid_insert_query`, `grid_update_query`, `depends_on_field`, `depends_on_operator`, `depends_on_value`, `language_code`, `custom_script`, `also_save_seo_value`, `depends_on_action`, `save_on_change`, `extended_explanation`, `label_style`, `label_width`, `enable_aggregation`, `aggregate_options`, `access_key`, `visibility_path_regex`) VALUES (0, 'WiserFormField', 0, '', '', 'checkbox', 'Waarde moet uniek zijn', 'formfieldrequireuniquevalue', 'Hiermee kan aangegeven worden dat gebruikers in dit veld een waarde moeten invullen die nog niet in de database bestaat. Dit kan bijvoorbeeld gebruikt worden voor e-mailadres om te zorgen dat gebruikers geen dubbele accounts kunnen aanmaken.', 100, '', 0, 0, NULL, NULL, 25, 0, NULL, NULL, NULL, NULL, NULL, NULL, NULL, NULL, NULL, NULL, NULL, '', NULL, 0, NULL, 0, 1, NULL, NULL, 0, NULL, '', '');
INSERT INTO `wiser_entityproperty` (`module_id`, `entity_name`, `link_type`, `tab_name`, `group_name`, `inputtype`, `display_name`, `property_name`, `explanation`, `ordering`, `regex_validation`, `mandatory`, `readonly`, `default_value`, `css`, `width`, `height`, `options`, `data_query`, `action_query`, `search_query`, `search_count_query`, `grid_delete_query`, `grid_insert_query`, `grid_update_query`, `depends_on_field`, `depends_on_operator`, `depends_on_value`, `language_code`, `custom_script`, `also_save_seo_value`, `depends_on_action`, `save_on_change`, `extended_explanation`, `label_style`, `label_width`, `enable_aggregation`, `aggregate_options`, `access_key`, `visibility_path_regex`) VALUES (0, 'WiserOrderProcess', 0, '', '', 'input', 'URL', 'orderprocessurl', 'De URL waarop het orderproces beschikbaar is.', 1, '', 1, 0, '/payment.html', NULL, 100, 0, NULL, NULL, NULL, NULL, NULL, NULL, NULL, NULL, NULL, NULL, NULL, '', NULL, 0, NULL, 0, 1, NULL, NULL, 0, NULL, '', '');
INSERT INTO `wiser_entityproperty` (`module_id`, `entity_name`, `link_type`, `tab_name`, `group_name`, `inputtype`, `display_name`, `property_name`, `explanation`, `ordering`, `regex_validation`, `mandatory`, `readonly`, `default_value`, `css`, `width`, `height`, `options`, `data_query`, `action_query`, `search_query`, `search_count_query`, `grid_delete_query`, `grid_insert_query`, `grid_update_query`, `depends_on_field`, `depends_on_operator`, `depends_on_value`, `language_code`, `custom_script`, `also_save_seo_value`, `depends_on_action`, `save_on_change`, `extended_explanation`, `label_style`, `label_width`, `enable_aggregation`, `aggregate_options`, `access_key`, `visibility_path_regex`) VALUES (0, 'WiserOrderProcess', 0, '', '', 'sub-entities-grid', 'Stappen', 'orderprocesssteps', 'Bepaal de stappen in het orderprocess. Stappen geven de losse fases van het bestelproces weer. Per stap ziet de gebruiker een nieuwe pagina.', 2, '', 0, 0, NULL, NULL, 100, 0, '{\r\n    \"entityType\": \"WiserOrderProcessStep\",\r\n    \"hideTypeColumn\": true,\r\n    \"hideEnvironmentColumn\": true,\r\n    \"hideTitleColumn\": false,\r\n    \"hideIdColumn\": false,\r\n    \"deletionOfItems\": \"deleteItem\",\r\n    \"hideLinkIdColumn\": true,\r\n    \"pageSize\": 50,\r\n    \"disableInlineEditing\": true,\r\n    \"linkTypeNumber\": 5070,		\r\n    \"toolbar\": {\r\n        \"hideLinkButton\": false,\r\n        \"hideCreateButton\": false,\r\n        \"hideExportButton\": true\r\n    }\r\n}', NULL, NULL, NULL, NULL, NULL, NULL, NULL, NULL, NULL, NULL, '', NULL, 0, NULL, 0, 1, NULL, NULL, 0, NULL, '', '');
INSERT INTO `wiser_entityproperty` (`module_id`, `entity_name`, `link_type`, `tab_name`, `group_name`, `inputtype`, `display_name`, `property_name`, `explanation`, `ordering`, `regex_validation`, `mandatory`, `readonly`, `default_value`, `css`, `width`, `height`, `options`, `data_query`, `action_query`, `search_query`, `search_count_query`, `grid_delete_query`, `grid_insert_query`, `grid_update_query`, `depends_on_field`, `depends_on_operator`, `depends_on_value`, `language_code`, `custom_script`, `also_save_seo_value`, `depends_on_action`, `save_on_change`, `extended_explanation`, `label_style`, `label_width`, `enable_aggregation`, `aggregate_options`, `access_key`, `visibility_path_regex`) VALUES (0, 'WiserOrderProcess', 0, '', '', 'sub-entities-grid', 'Betaalmethodes', 'orderprocesspaymentmethods', NULL, 3, '', 0, 0, NULL, NULL, 100, 0, '{\r\n    \"entityType\": \"WiserPaymentMethod\",\r\n    \"hideTypeColumn\": true,\r\n    \"hideEnvironmentColumn\": true,\r\n    \"hideTitleColumn\": false,\r\n    \"hideIdColumn\": false,\r\n    \"deletionOfItems\": \"deleteLink\",\r\n    \"hideLinkIdColumn\": true,\r\n    \"pageSize\": 50,\r\n    \"disableInlineEditing\": true,\r\n    \"linkTypeNumber\": 5060,		\r\n    \"toolbar\": {\r\n        \"hideLinkButton\": false,\r\n        \"hideCreateButton\": false,\r\n        \"hideExportButton\": true\r\n    }\r\n}', NULL, NULL, NULL, NULL, NULL, NULL, NULL, NULL, NULL, NULL, '', NULL, 0, NULL, 0, 1, NULL, NULL, 0, NULL, '', '');
INSERT INTO `wiser_entityproperty` (`module_id`, `entity_name`, `link_type`, `tab_name`, `group_name`, `inputtype`, `display_name`, `property_name`, `explanation`, `ordering`, `regex_validation`, `mandatory`, `readonly`, `default_value`, `css`, `width`, `height`, `options`, `data_query`, `action_query`, `search_query`, `search_count_query`, `grid_delete_query`, `grid_insert_query`, `grid_update_query`, `depends_on_field`, `depends_on_operator`, `depends_on_value`, `language_code`, `custom_script`, `also_save_seo_value`, `depends_on_action`, `save_on_change`, `extended_explanation`, `label_style`, `label_width`, `enable_aggregation`, `aggregate_options`, `access_key`, `visibility_path_regex`) VALUES (0, 'WiserOrderProcess', 0, '', '', 'checkbox', 'Winkelmandje leegmaken op bedanktpagina', 'orderprocessclearbasketonconfirmationpage', 'Het winkelmandje van de gebruiker leegmaken op de bedanktpagina. In de meeste gevallen kan deze optie het best aan staan. Deze optie is vooral bedoeld voor ontwikkelaars om makkelijker te kunnen testen.', 4, '', 0, 0, '1', NULL, 100, 0, NULL, NULL, NULL, NULL, NULL, NULL, NULL, NULL, NULL, NULL, NULL, '', NULL, 0, NULL, 0, 1, NULL, NULL, 0, NULL, '', '');
INSERT INTO `wiser_entityproperty` (`module_id`, `entity_name`, `link_type`, `tab_name`, `group_name`, `inputtype`, `display_name`, `property_name`, `explanation`, `ordering`, `regex_validation`, `mandatory`, `readonly`, `default_value`, `css`, `width`, `height`, `options`, `data_query`, `action_query`, `search_query`, `search_count_query`, `grid_delete_query`, `grid_insert_query`, `grid_update_query`, `depends_on_field`, `depends_on_operator`, `depends_on_value`, `language_code`, `custom_script`, `also_save_seo_value`, `depends_on_action`, `save_on_change`, `extended_explanation`, `label_style`, `label_width`, `enable_aggregation`, `aggregate_options`, `access_key`, `visibility_path_regex`) VALUES (0, 'WiserOrderProcess', 0, '', '', 'HTMLeditor', 'Header content', 'orderprocessheader', 'Content die bovenaan het bestelproces moet komen. Dit wordt getoond op alle stappen van het bestelproces.', 5, '', 0, 0, NULL, NULL, 50, 0, NULL, NULL, NULL, NULL, NULL, NULL, NULL, NULL, NULL, NULL, NULL, '', NULL, 0, NULL, 0, 1, NULL, NULL, 0, NULL, '', '');
INSERT INTO `wiser_entityproperty` (`module_id`, `entity_name`, `link_type`, `tab_name`, `group_name`, `inputtype`, `display_name`, `property_name`, `explanation`, `ordering`, `regex_validation`, `mandatory`, `readonly`, `default_value`, `css`, `width`, `height`, `options`, `data_query`, `action_query`, `search_query`, `search_count_query`, `grid_delete_query`, `grid_insert_query`, `grid_update_query`, `depends_on_field`, `depends_on_operator`, `depends_on_value`, `language_code`, `custom_script`, `also_save_seo_value`, `depends_on_action`, `save_on_change`, `extended_explanation`, `label_style`, `label_width`, `enable_aggregation`, `aggregate_options`, `access_key`, `visibility_path_regex`) VALUES (0, 'WiserOrderProcess', 0, '', '', 'HTMLeditor', 'Footer content', 'orderprocessfooter', 'Content die onderaan het bestelproces moet komen. Dit wordt getoond op alle stappen van het bestelproces.', 6, '', 0, 0, NULL, NULL, 50, 0, NULL, NULL, NULL, NULL, NULL, NULL, NULL, NULL, NULL, NULL, NULL, '', NULL, 0, NULL, 0, 1, NULL, NULL, 0, NULL, '', '');
INSERT INTO `wiser_entityproperty` (`module_id`, `entity_name`, `link_type`, `tab_name`, `group_name`, `inputtype`, `display_name`, `property_name`, `explanation`, `ordering`, `regex_validation`, `mandatory`, `readonly`, `default_value`, `css`, `width`, `height`, `options`, `data_query`, `action_query`, `search_query`, `search_count_query`, `grid_delete_query`, `grid_insert_query`, `grid_update_query`, `depends_on_field`, `depends_on_operator`, `depends_on_value`, `language_code`, `custom_script`, `also_save_seo_value`, `depends_on_action`, `save_on_change`, `extended_explanation`, `label_style`, `label_width`, `enable_aggregation`, `aggregate_options`, `access_key`, `visibility_path_regex`) VALUES (0, 'WiserOrderProcess', 0, 'E-mail', '', 'combobox', 'E-mailadresveld', 'orderprocessemailaddressfield', 'Het veld waar het e-mailadres van de gebruiker in staat opgeslagen. Dit wordt gebruikt om de bestelbevestiging naar toe te sturen.', 10, '', 1, 0, NULL, NULL, 100, 0, '{ \"useDropDownList\": true }', 'SELECT\r\n	fieldId.value AS id,\r\n	CONCAT_WS(\' -> \', step.title, fieldGroup.title, field.title) AS name\r\nFROM wiser_itemlink AS stepLink\r\nJOIN wiser_item AS step ON step.id = stepLink.item_id AND step.entity_type = \'WiserOrderProcessStep\'\r\nJOIN wiser_itemlink AS groupLink ON groupLink.destination_item_id = step.id AND groupLink.type = 5071\r\nJOIN wiser_item AS fieldGroup ON fieldGroup.id = groupLink.item_id AND fieldGroup.entity_type = \'WiserOrderProcessGroup\'\r\nJOIN wiser_itemlink AS fieldLink ON fieldLink.destination_item_id = fieldGroup.id AND fieldLink.type = 5072\r\nJOIN wiser_item AS field ON field.id = fieldLink.item_id AND field.entity_type = \'WiserFormField\'\r\nLEFT JOIN wiser_itemdetail AS fieldId ON fieldId.item_id = field.id AND fieldId.`key` = \'formfieldid\'\r\nWHERE stepLink.destination_item_id = {itemId}\r\nAND stepLink.type = 5070\r\nORDER BY step.title ASC, fieldGroup.title ASC, field.title ASC', NULL, NULL, NULL, NULL, NULL, NULL, NULL, NULL, NULL, '', NULL, 0, NULL, 0, 1, NULL, NULL, 0, NULL, '', '');
INSERT INTO `wiser_entityproperty` (`module_id`, `entity_name`, `link_type`, `tab_name`, `group_name`, `inputtype`, `display_name`, `property_name`, `explanation`, `ordering`, `regex_validation`, `mandatory`, `readonly`, `default_value`, `css`, `width`, `height`, `options`, `data_query`, `action_query`, `search_query`, `search_count_query`, `grid_delete_query`, `grid_insert_query`, `grid_update_query`, `depends_on_field`, `depends_on_operator`, `depends_on_value`, `language_code`, `custom_script`, `also_save_seo_value`, `depends_on_action`, `save_on_change`, `extended_explanation`, `label_style`, `label_width`, `enable_aggregation`, `aggregate_options`, `access_key`, `visibility_path_regex`) VALUES (0, 'WiserOrderProcess', 0, 'E-mail', '', 'combobox', 'Template voor status updates naar besteller', 'orderprocessstatusupdatetemplate', 'De template die gebruikt moet worden voor bestelbevestigingemails die naar de besteller gestuurd worden', 11, '', 1, 0, NULL, NULL, 33, 0, '{ \"useDropDownList\": true }', 'SELECT template.id, template.title AS name\r\nFROM wiser_item AS template\r\nWHERE template.entity_type = \'mailtemplate\'\r\nORDER BY template.title ASC', NULL, NULL, NULL, NULL, NULL, NULL, NULL, NULL, NULL, '', NULL, 0, NULL, 0, 1, NULL, NULL, 0, NULL, '', '');
INSERT INTO `wiser_entityproperty` (`module_id`, `entity_name`, `link_type`, `tab_name`, `group_name`, `inputtype`, `display_name`, `property_name`, `explanation`, `ordering`, `regex_validation`, `mandatory`, `readonly`, `default_value`, `css`, `width`, `height`, `options`, `data_query`, `action_query`, `search_query`, `search_count_query`, `grid_delete_query`, `grid_insert_query`, `grid_update_query`, `depends_on_field`, `depends_on_operator`, `depends_on_value`, `language_code`, `custom_script`, `also_save_seo_value`, `depends_on_action`, `save_on_change`, `extended_explanation`, `label_style`, `label_width`, `enable_aggregation`, `aggregate_options`, `access_key`, `visibility_path_regex`) VALUES (0, 'WiserOrderProcess', 0, 'E-mail', '', 'combobox', 'Template voor factuur', 'orderprocessinvoicetemplate', 'De template die gebruikt moet worden voor het genereren van de factuur van een bestelling. Deze zal ook meegestuurd worden als bijlagen bij de bestelbevestiging.', 12, '', 0, 0, '', '', 33, 0, '{ \"useDropDownList\": true }', 'SELECT template.id, template.title AS name\r\nFROM wiser_item AS template\r\nWHERE template.entity_type = \'template\'\r\nORDER BY template.title ASC', NULL, NULL, NULL, NULL, NULL, NULL, NULL, NULL, NULL, '', NULL, 0, NULL, 0, 1, NULL, NULL, 0, NULL, '', '');
INSERT INTO `wiser_entityproperty` (`module_id`, `entity_name`, `link_type`, `tab_name`, `group_name`, `inputtype`, `display_name`, `property_name`, `explanation`, `ordering`, `regex_validation`, `mandatory`, `readonly`, `default_value`, `css`, `width`, `height`, `options`, `data_query`, `action_query`, `search_query`, `search_count_query`, `grid_delete_query`, `grid_insert_query`, `grid_update_query`, `depends_on_field`, `depends_on_operator`, `depends_on_value`, `language_code`, `custom_script`, `also_save_seo_value`, `depends_on_action`, `save_on_change`, `extended_explanation`, `label_style`, `label_width`, `enable_aggregation`, `aggregate_options`, `access_key`, `visibility_path_regex`) VALUES (0, 'WiserOrderProcess', 0, 'E-mail', '', 'combobox', 'Template voor status updates naar webshop', 'orderprocessstatusupdatewebshoptemplate', 'De template die gebruikt moet worden voor status updates van betalingen die naar de webshop gestuurd worden', 13, '', 0, 0, NULL, NULL, 34, 0, '{ \"useDropDownList\": true }', 'SELECT template.id, template.title AS name\r\nFROM wiser_item AS template\r\nWHERE template.entity_type = \'mailtemplate\'\r\nORDER BY template.title ASC', NULL, NULL, NULL, NULL, NULL, NULL, NULL, NULL, NULL, '', NULL, 0, NULL, 0, 1, NULL, NULL, 0, NULL, '', '');
INSERT INTO `wiser_entityproperty` (`module_id`, `entity_name`, `link_type`, `tab_name`, `group_name`, `inputtype`, `display_name`, `property_name`, `explanation`, `ordering`, `regex_validation`, `mandatory`, `readonly`, `default_value`, `css`, `width`, `height`, `options`, `data_query`, `action_query`, `search_query`, `search_count_query`, `grid_delete_query`, `grid_insert_query`, `grid_update_query`, `depends_on_field`, `depends_on_operator`, `depends_on_value`, `language_code`, `custom_script`, `also_save_seo_value`, `depends_on_action`, `save_on_change`, `extended_explanation`, `label_style`, `label_width`, `enable_aggregation`, `aggregate_options`, `access_key`, `visibility_path_regex`) VALUES (0, 'WiserOrderProcess', 0, 'E-mail', '', 'input', 'Webshop e-mailadresveld', 'orderprocessmerchantemailaddressfield', 'Het veld waar het e-mailadres van de webshop in staat opgeslagen. Dit wordt gebruikt om kopien van bestelbevestiging naar toe te sturen, indien dit veld gevuld is. Indien dit veld niet gevuld is, wordt de kopie gestuurd naar het webshop-emailadres dat staat ingevuld bij de mailtemplate.', 14, '', 0, 0, NULL, NULL, 0, 0, NULL, NULL, NULL, NULL, NULL, NULL, NULL, NULL, NULL, NULL, NULL, '', NULL, 0, NULL, 0, 0, NULL, NULL, 0, NULL, '', '');
INSERT INTO `wiser_entityproperty` (`module_id`, `entity_name`, `link_type`, `tab_name`, `group_name`, `inputtype`, `display_name`, `property_name`, `explanation`, `ordering`, `regex_validation`, `mandatory`, `readonly`, `default_value`, `css`, `width`, `height`, `options`, `data_query`, `action_query`, `search_query`, `search_count_query`, `grid_delete_query`, `grid_insert_query`, `grid_update_query`, `depends_on_field`, `depends_on_operator`, `depends_on_value`, `language_code`, `custom_script`, `also_save_seo_value`, `depends_on_action`, `save_on_change`, `extended_explanation`, `label_style`, `label_width`, `enable_aggregation`, `aggregate_options`, `access_key`, `visibility_path_regex`) VALUES (0, 'WiserOrderProcess', 0, 'Geavanceerd', '', 'HTMLeditor', 'Template', 'orderprocesshtmltemplate', 'De hoofd-template voor het bestelproces. Hier moeten de waardes \"{progress}\" (wordt vervangen met de HTML om de gebruiker te laten zien op welke stap van het bestelproces die zit) en \"{step}\" (wordt vervangen met de HTML van de geopende/active stap) gebruikt worden. De \"{progress}\" kan eventueel weggelaten worden, maar zonder \"{step}\" zal het bestelproces niet goed werken.', 20, '', 0, 0, '<div class=\'order-container\'>{progress}</div>', NULL, 0, 0, NULL, NULL, NULL, NULL, NULL, NULL, NULL, NULL, NULL, NULL, NULL, '', NULL, 0, NULL, 0, 0, NULL, NULL, 0, NULL, '', '');
INSERT INTO `wiser_entityproperty` (`module_id`, `entity_name`, `link_type`, `tab_name`, `group_name`, `inputtype`, `display_name`, `property_name`, `explanation`, `ordering`, `regex_validation`, `mandatory`, `readonly`, `default_value`, `css`, `width`, `height`, `options`, `data_query`, `action_query`, `search_query`, `search_count_query`, `grid_delete_query`, `grid_insert_query`, `grid_update_query`, `depends_on_field`, `depends_on_operator`, `depends_on_value`, `language_code`, `custom_script`, `also_save_seo_value`, `depends_on_action`, `save_on_change`, `extended_explanation`, `label_style`, `label_width`, `enable_aggregation`, `aggregate_options`, `access_key`, `visibility_path_regex`) VALUES (0, 'WiserOrderProcess', 0, 'Geavanceerd', '', 'combobox', 'Winkelmand naar conceptorder methode', 'baskettoconceptordermethod', 'De manier waarop een winkelmandje omgezet moet worden naar een conceptorder, wanneer de gebruiker een betaling start.<br>\r\nDe opties zijn:<br>\r\n<dl>\r\n<dt>Kopie maken</dt>\r\n<dd>Dit is de standaard en aanbevolen optie in de meeste gevallen. Dit zorgt ervoor dat het originele winkelmandje behouden blijft en er een kopie van wordt gemaakt. Die kopie wordt dan de conceptorder. Op deze manier kan de gebruiker de betaling nog annuleren en daarna een andere betaalmethode kiezen, hun winkelmandje blijft dan bewaard. Het nadeel is dat dit traag kan zijn voor heel grote winkelmandjes (meer honderden of meer artikelen).</dd>\r\n<dt>Omzetten</dt>\r\n<dd>Hiermee wordt het winkelmandje direct omgezet naar naar een conceptorder. Dit is veel sneller, dan het maken van een kopie, maar is minder gebruikersvriendelijk. In dit geval het de gebruiker hun winkelmandje kwijt bij annuleren van de betaling. Dan zal die alle producten opnieuw moeten toevoegen aan het winkelmandje.</dd>\r\n</dl>', 21, '', 0, 0, '0', NULL, 0, 0, '{\r\n	\"useDropDownList\": true,\r\n	\"optionLabel\": \"\",\r\n    \"dataSource\": [\r\n        { \"name\": \"Kopie maken\", \"id\": \"0\" },\r\n        { \"name\": \"Omzetten\", \"id\": \"1\" }\r\n    ]\r\n}', NULL, NULL, NULL, NULL, NULL, NULL, NULL, NULL, NULL, NULL, '', NULL, 0, NULL, 0, 0, NULL, NULL, 0, NULL, '', '');
INSERT INTO `wiser_entityproperty` (`module_id`, `entity_name`, `link_type`, `tab_name`, `group_name`, `inputtype`, `display_name`, `property_name`, `explanation`, `ordering`, `regex_validation`, `mandatory`, `readonly`, `default_value`, `css`, `width`, `height`, `options`, `data_query`, `action_query`, `search_query`, `search_count_query`, `grid_delete_query`, `grid_insert_query`, `grid_update_query`, `depends_on_field`, `depends_on_operator`, `depends_on_value`, `language_code`, `custom_script`, `also_save_seo_value`, `depends_on_action`, `save_on_change`, `extended_explanation`, `label_style`, `label_width`, `enable_aggregation`, `aggregate_options`, `access_key`, `visibility_path_regex`) VALUES (0, 'WiserOrderProcess', 0, 'Measurement Protocol', '', 'checkbox', 'Actief', 'measurementprotocolactive', '', 30, '', 0, 0, NULL, NULL, 20, 0, NULL, NULL, NULL, NULL, NULL, NULL, NULL, NULL, NULL, NULL, NULL, '', NULL, 0, NULL, 0, 0, NULL, NULL, 0, NULL, '', '');
INSERT INTO `wiser_entityproperty` (`module_id`, `entity_name`, `link_type`, `tab_name`, `group_name`, `inputtype`, `display_name`, `property_name`, `explanation`, `ordering`, `regex_validation`, `mandatory`, `readonly`, `default_value`, `css`, `width`, `height`, `options`, `data_query`, `action_query`, `search_query`, `search_count_query`, `grid_delete_query`, `grid_insert_query`, `grid_update_query`, `depends_on_field`, `depends_on_operator`, `depends_on_value`, `language_code`, `custom_script`, `also_save_seo_value`, `depends_on_action`, `save_on_change`, `extended_explanation`, `label_style`, `label_width`, `enable_aggregation`, `aggregate_options`, `access_key`, `visibility_path_regex`) VALUES (0, 'WiserOrderProcess', 0, 'Measurement Protocol', '', 'secure-input', 'Measurement ID', 'measurementprotocolmeasurementid', 'Het measurement ID van de website.<br/>\r\n<br/>\r\nTe vinden in Google Analytics -> Beheer -> Gegevensstreams -> Gewenste website -> METINGS-ID', 31, '', 0, 0, NULL, NULL, 40, 0, '{\r\n	\"securityMethod\": \"JCL_AES\"\r\n}', NULL, NULL, NULL, NULL, NULL, NULL, NULL, NULL, NULL, NULL, '', NULL, 0, NULL, 0, 1, NULL, NULL, 0, NULL, '', '');
INSERT INTO `wiser_entityproperty` (`module_id`, `entity_name`, `link_type`, `tab_name`, `group_name`, `inputtype`, `display_name`, `property_name`, `explanation`, `ordering`, `regex_validation`, `mandatory`, `readonly`, `default_value`, `css`, `width`, `height`, `options`, `data_query`, `action_query`, `search_query`, `search_count_query`, `grid_delete_query`, `grid_insert_query`, `grid_update_query`, `depends_on_field`, `depends_on_operator`, `depends_on_value`, `language_code`, `custom_script`, `also_save_seo_value`, `depends_on_action`, `save_on_change`, `extended_explanation`, `label_style`, `label_width`, `enable_aggregation`, `aggregate_options`, `access_key`, `visibility_path_regex`) VALUES (0, 'WiserOrderProcess', 0, 'Measurement Protocol', '', 'secure-input', 'API Secret', 'measurementprotocolapisecret', 'DE API secret van de website.<br/>\r\n<br/>\r\nTe vinden in Google Analytics -> Beheer -> Gegevensstreams -> Gewenste website -> API-geheimen voor Measurement Protocol -> Geheime waarde', 32, '', 0, 0, NULL, NULL, 40, 0, '{\r\n	\"securityMethod\": \"JCL_AES\"\r\n}', NULL, NULL, NULL, NULL, NULL, NULL, NULL, NULL, NULL, NULL, '', NULL, 0, NULL, 0, 1, NULL, NULL, 0, NULL, '', '');
INSERT INTO `wiser_entityproperty` (`module_id`, `entity_name`, `link_type`, `tab_name`, `group_name`, `inputtype`, `display_name`, `property_name`, `explanation`, `ordering`, `regex_validation`, `mandatory`, `readonly`, `default_value`, `css`, `width`, `height`, `options`, `data_query`, `action_query`, `search_query`, `search_count_query`, `grid_delete_query`, `grid_insert_query`, `grid_update_query`, `depends_on_field`, `depends_on_operator`, `depends_on_value`, `language_code`, `custom_script`, `also_save_seo_value`, `depends_on_action`, `save_on_change`, `extended_explanation`, `label_style`, `label_width`, `enable_aggregation`, `aggregate_options`, `access_key`, `visibility_path_regex`) VALUES (0, 'WiserOrderProcess', 0, 'Measurement Protocol', '', 'textbox', 'Begin checkout JSON', 'measurementprotocolbegincheckoutjson', 'De JSON voor het \"begin_checkout\" event.<br/>\r\n<br/>\r\nDe volgende replacements kunnen gebruikt worden:<br/>\r\n<br/>\r\n[{total_price}] - De prijs die de klant moet betalen. Inclusief BTW en coupons toegepast.<br/>\r\n<br/>\r\n[{coupon}] - Alle toegepaste coupons, komma gescheiden.', 35, '', 0, 0, '{\r\n	\"name\": \"begin_checkout\",\r\n	\"params\": {\r\n		\"currency\": \"\",\r\n		\"value\": [{total_price}],\r\n		\"coupon\": \"[{coupon}]\"\r\n	}\r\n}', NULL, 50, 0, '{\r\n	\"type\": \"json\"\r\n}', NULL, NULL, NULL, NULL, NULL, NULL, NULL, NULL, NULL, NULL, '', NULL, 0, NULL, 0, 1, NULL, NULL, 0, NULL, '', '');
INSERT INTO `wiser_entityproperty` (`module_id`, `entity_name`, `link_type`, `tab_name`, `group_name`, `inputtype`, `display_name`, `property_name`, `explanation`, `ordering`, `regex_validation`, `mandatory`, `readonly`, `default_value`, `css`, `width`, `height`, `options`, `data_query`, `action_query`, `search_query`, `search_count_query`, `grid_delete_query`, `grid_insert_query`, `grid_update_query`, `depends_on_field`, `depends_on_operator`, `depends_on_value`, `language_code`, `custom_script`, `also_save_seo_value`, `depends_on_action`, `save_on_change`, `extended_explanation`, `label_style`, `label_width`, `enable_aggregation`, `aggregate_options`, `access_key`, `visibility_path_regex`) VALUES (0, 'WiserOrderProcess', 0, 'Measurement Protocol', '', 'textbox', 'Add payment info JSON', 'measurementprotocoladdpaymentinfojson', 'De JSON voor het \"add_payment_info\" event.<br/>\r\n<br/>\r\nDe volgende replacements kunnen gebruikt worden:<br/>\r\n<br/>\r\n[{total_price}] - De prijs die de klant moet betalen. Inclusief BTW en coupons toegepast.<br/>\r\n<br/>\r\n[{coupon}] - Alle toegepaste coupons, komma gescheiden.<br/>\r\n<br/>\r\n[{payment_method}] - De naam van de gekozen betaalmethode.', 36, '', 0, 0, '{\r\n	\"name\": \"add_payment_info\",\r\n	\"params\": {\r\n		\"currency\": \"\",\r\n		\"value\": [{total_price}],\r\n		\"coupon\": \"[{coupon}]\",\r\n		\"payment_type\": \"[{payment_method}]\"\r\n	}\r\n}', NULL, 50, 0, '{\r\n	\"type\": \"json\"\r\n}', NULL, NULL, NULL, NULL, NULL, NULL, NULL, NULL, NULL, NULL, '', NULL, 0, NULL, 0, 1, NULL, NULL, 0, NULL, '', '');
INSERT INTO `wiser_entityproperty` (`module_id`, `entity_name`, `link_type`, `tab_name`, `group_name`, `inputtype`, `display_name`, `property_name`, `explanation`, `ordering`, `regex_validation`, `mandatory`, `readonly`, `default_value`, `css`, `width`, `height`, `options`, `data_query`, `action_query`, `search_query`, `search_count_query`, `grid_delete_query`, `grid_insert_query`, `grid_update_query`, `depends_on_field`, `depends_on_operator`, `depends_on_value`, `language_code`, `custom_script`, `also_save_seo_value`, `depends_on_action`, `save_on_change`, `extended_explanation`, `label_style`, `label_width`, `enable_aggregation`, `aggregate_options`, `access_key`, `visibility_path_regex`) VALUES (0, 'WiserOrderProcess', 0, 'Measurement Protocol', '', 'textbox', 'Purchase JSON', 'measurementprotocolpurchasejson', 'De JSON voor het \"begin_checkout\" event.<br/>\r\n<br/>\r\nDe volgende replacements kunnen gebruikt worden:<br/>\r\n<br/>\r\n[{total_price}] - De prijs die de klant moet betalen. Inclusief BTW en coupons toegepast.<br/>\r\n<br/>\r\n[{coupon}] - Alle toegepaste coupons, komma gescheiden.<br/>\r\n<br/>\r\n[{tax_price}] - De BTW van de totale prijs.<br/>\r\n<br/>\r\n[{transaction_id}] - De ID van de transactie.', 38, '', 0, 0, '{\r\n	\"name\": \"purchase\",\r\n	\"params\": {\r\n		\"currency\": \"\",\r\n		\"transaction_id\": \"[{transaction_id}]\",\r\n		\"value\": [{total_price}],\r\n		\"affiliation\": \"\",\r\n		\"coupon\": \"[{coupon}]\",\r\n		\"shipping\": 0,\r\n		\"tax\": [{tax_price}]\r\n	}\r\n}', NULL, 50, 0, '{\r\n	\"type\": \"json\"\r\n}', NULL, NULL, NULL, NULL, NULL, NULL, NULL, NULL, NULL, NULL, '', NULL, 0, NULL, 0, 1, NULL, NULL, 0, NULL, '', '');
INSERT INTO `wiser_entityproperty` (`module_id`, `entity_name`, `link_type`, `tab_name`, `group_name`, `inputtype`, `display_name`, `property_name`, `explanation`, `ordering`, `regex_validation`, `mandatory`, `readonly`, `default_value`, `css`, `width`, `height`, `options`, `data_query`, `action_query`, `search_query`, `search_count_query`, `grid_delete_query`, `grid_insert_query`, `grid_update_query`, `depends_on_field`, `depends_on_operator`, `depends_on_value`, `language_code`, `custom_script`, `also_save_seo_value`, `depends_on_action`, `save_on_change`, `extended_explanation`, `label_style`, `label_width`, `enable_aggregation`, `aggregate_options`, `access_key`, `visibility_path_regex`) VALUES (0, 'WiserOrderProcess', 0, 'Measurement Protocol', '', 'textbox', 'Item JSON', 'measurementprotocolitemjson', 'De JSON voor een enkel item object in de items array van het event.<br/>\r\n<br/>\r\nAlle details van de basket line kan gebruikt worden voor replacements tussen [{ }]', 39, '', 0, 0, '{\r\n	\"item_id\": \"\",\r\n	\"item_name\": \"\",\r\n	\"affiliation\": \"\",\r\n	\"coupon\": \"\",\r\n	\"currency\": \"\",\r\n	\"discount\": 0,\r\n	\"item_brand\": \"\",\r\n	\"item_category\": \"\",\r\n	\"item_category2\": \"\",\r\n	\"item_category3\": \"\",\r\n	\"item_category4\": \"\",\r\n	\"item_category5\": \"\",\r\n	\"item_list_id\": \"\",\r\n	\"item_list_name\": \"\",\r\n	\"item_variant\": \"\",\r\n	\"location_id\": \"\",\r\n	\"price\": 0,\r\n	\"quantity\": 0\r\n}', NULL, 100, 0, '{\r\n	\"type\": \"json\"\r\n}', NULL, NULL, NULL, NULL, NULL, NULL, NULL, NULL, NULL, NULL, '', NULL, 0, NULL, 0, 1, NULL, NULL, 0, NULL, '', '');
INSERT INTO `wiser_entityproperty` (`module_id`, `entity_name`, `link_type`, `tab_name`, `group_name`, `inputtype`, `display_name`, `property_name`, `explanation`, `ordering`, `regex_validation`, `mandatory`, `readonly`, `default_value`, `css`, `width`, `height`, `options`, `data_query`, `action_query`, `search_query`, `search_count_query`, `grid_delete_query`, `grid_insert_query`, `grid_update_query`, `depends_on_field`, `depends_on_operator`, `depends_on_value`, `language_code`, `custom_script`, `also_save_seo_value`, `depends_on_action`, `save_on_change`, `extended_explanation`, `label_style`, `label_width`, `enable_aggregation`, `aggregate_options`, `access_key`, `visibility_path_regex`) VALUES (0, 'WiserOrderProcessGroup', 0, '', '', 'combobox', 'Group type', 'orderprocessgrouptype', 'Type groep', 1, '', 0, 0, 'fields', NULL, 50, 0, '{\r\n		\"useDropDownList\":true,\r\n    \"dataSource\": [\r\n        { \"name\": \"Groep met velden\", \"id\": \"fields\" },\r\n        { \"name\": \"Betaalmethodes\", \"id\": \"paymentmethods\" },\r\n				{ \"name\": \"Samenvatting\", \"id\": \"summary\" }\r\n    ]\r\n}', NULL, NULL, NULL, NULL, NULL, NULL, NULL, NULL, NULL, NULL, '', NULL, 0, NULL, 0, 0, NULL, NULL, 0, NULL, '', '');
INSERT INTO `wiser_entityproperty` (`module_id`, `entity_name`, `link_type`, `tab_name`, `group_name`, `inputtype`, `display_name`, `property_name`, `explanation`, `ordering`, `regex_validation`, `mandatory`, `readonly`, `default_value`, `css`, `width`, `height`, `options`, `data_query`, `action_query`, `search_query`, `search_count_query`, `grid_delete_query`, `grid_insert_query`, `grid_update_query`, `depends_on_field`, `depends_on_operator`, `depends_on_value`, `language_code`, `custom_script`, `also_save_seo_value`, `depends_on_action`, `save_on_change`, `extended_explanation`, `label_style`, `label_width`, `enable_aggregation`, `aggregate_options`, `access_key`, `visibility_path_regex`) VALUES (0, 'WiserOrderProcessGroup', 0, '', '', 'input', 'CSS class', 'orderprocessgroupcssclass', 'Extra CSS class waarmee de opmaak van deze groep veranderd kan worden. Gebruik hier alleen waardes die aangeleverd zijn door Happy Geeks.', 2, '', 0, 0, NULL, NULL, 50, 0, NULL, NULL, NULL, NULL, NULL, NULL, NULL, NULL, NULL, NULL, NULL, '', NULL, 0, NULL, 0, 0, NULL, NULL, 0, NULL, '', '');
INSERT INTO `wiser_entityproperty` (`module_id`, `entity_name`, `link_type`, `tab_name`, `group_name`, `inputtype`, `display_name`, `property_name`, `explanation`, `ordering`, `regex_validation`, `mandatory`, `readonly`, `default_value`, `css`, `width`, `height`, `options`, `data_query`, `action_query`, `search_query`, `search_count_query`, `grid_delete_query`, `grid_insert_query`, `grid_update_query`, `depends_on_field`, `depends_on_operator`, `depends_on_value`, `language_code`, `custom_script`, `also_save_seo_value`, `depends_on_action`, `save_on_change`, `extended_explanation`, `label_style`, `label_width`, `enable_aggregation`, `aggregate_options`, `access_key`, `visibility_path_regex`) VALUES (0, 'WiserOrderProcessGroup', 0, '', '', 'sub-entities-grid', 'Velden', 'orderprocessgroupfields', 'Velden in deze groep', 3, '', 0, 0, NULL, NULL, 100, 0, '{\r\n    \"entityType\": \"WiserFormField\",\r\n    \"hideTypeColumn\": true,\r\n    \"hideEnvironmentColumn\": true,\r\n    \"hideTitleColumn\": false,\r\n    \"hideIdColumn\": false,\r\n    \"deletionOfItems\": \"deleteItem\",\r\n    \"hideLinkIdColumn\": true,\r\n    \"pageSize\": 50,\r\n    \"disableInlineEditing\": true,\r\n    \"linkTypeNumber\": 5072,		\r\n    \"toolbar\": {\r\n        \"hideLinkButton\": false,\r\n        \"hideCreateButton\": false,\r\n        \"hideExportButton\": true\r\n    }\r\n}', NULL, NULL, NULL, NULL, NULL, NULL, NULL, 'orderprocessgrouptype', 'eq', 'fields', '', NULL, 0, NULL, 0, 0, NULL, NULL, 0, NULL, '', '');
INSERT INTO `wiser_entityproperty` (`module_id`, `entity_name`, `link_type`, `tab_name`, `group_name`, `inputtype`, `display_name`, `property_name`, `explanation`, `ordering`, `regex_validation`, `mandatory`, `readonly`, `default_value`, `css`, `width`, `height`, `options`, `data_query`, `action_query`, `search_query`, `search_count_query`, `grid_delete_query`, `grid_insert_query`, `grid_update_query`, `depends_on_field`, `depends_on_operator`, `depends_on_value`, `language_code`, `custom_script`, `also_save_seo_value`, `depends_on_action`, `save_on_change`, `extended_explanation`, `label_style`, `label_width`, `enable_aggregation`, `aggregate_options`, `access_key`, `visibility_path_regex`) VALUES (0, 'WiserOrderProcessGroup', 0, '', '', 'HTMLeditor', 'Header content', 'orderprocessgroupheader', 'Content die bovenaan deze groep moet komen', 4, '', 0, 0, NULL, NULL, 50, 0, NULL, NULL, NULL, NULL, NULL, NULL, NULL, NULL, 'orderprocessgrouptype', 'neq', 'summary', '', NULL, 0, NULL, 0, 0, NULL, NULL, 0, NULL, '', '');
INSERT INTO `wiser_entityproperty` (`module_id`, `entity_name`, `link_type`, `tab_name`, `group_name`, `inputtype`, `display_name`, `property_name`, `explanation`, `ordering`, `regex_validation`, `mandatory`, `readonly`, `default_value`, `css`, `width`, `height`, `options`, `data_query`, `action_query`, `search_query`, `search_count_query`, `grid_delete_query`, `grid_insert_query`, `grid_update_query`, `depends_on_field`, `depends_on_operator`, `depends_on_value`, `language_code`, `custom_script`, `also_save_seo_value`, `depends_on_action`, `save_on_change`, `extended_explanation`, `label_style`, `label_width`, `enable_aggregation`, `aggregate_options`, `access_key`, `visibility_path_regex`) VALUES (0, 'WiserOrderProcessGroup', 0, '', '', 'HTMLeditor', 'Footer content', 'orderprocessgroupfooter', 'Content die onderaan deze groep moet komen', 5, '', 0, 0, NULL, NULL, 50, 0, NULL, NULL, NULL, NULL, NULL, NULL, NULL, NULL, 'orderprocessgrouptype', 'neq', 'summary', '', NULL, 0, NULL, 0, 0, NULL, NULL, 0, NULL, '', '');
INSERT INTO `wiser_entityproperty` (`module_id`, `entity_name`, `link_type`, `tab_name`, `group_name`, `inputtype`, `display_name`, `property_name`, `explanation`, `ordering`, `regex_validation`, `mandatory`, `readonly`, `default_value`, `css`, `width`, `height`, `options`, `data_query`, `action_query`, `search_query`, `search_count_query`, `grid_delete_query`, `grid_insert_query`, `grid_update_query`, `depends_on_field`, `depends_on_operator`, `depends_on_value`, `language_code`, `custom_script`, `also_save_seo_value`, `depends_on_action`, `save_on_change`, `extended_explanation`, `label_style`, `label_width`, `enable_aggregation`, `aggregate_options`, `access_key`, `visibility_path_regex`) VALUES (0, 'WiserOrderProcessStep', 0, '', '', 'combobox', 'Stap type', 'orderprocesssteptype', '', 1, '', 0, 0, 'groupsAndFields', NULL, 50, 0, '{\r\n	\"useDropDownList\": true,\r\n    \"dataSource\": [\r\n        { \"name\": \"Stap met groepen en velden\", \"id\": \"groupsAndFields\" },\r\n		{ \"name\": \"Samenvatting\", \"id\": \"summary\" },\r\n		{ \"name\": \"Bedanktpagina\", \"id\": \"orderConfirmation\" },\r\n		{ \"name\": \"In behandeling zijnde pagina\", \"id\": \"orderPending\" }\r\n    ]\r\n}', NULL, NULL, NULL, NULL, NULL, NULL, NULL, NULL, NULL, NULL, '', NULL, 0, NULL, 0, 1, NULL, NULL, 0, NULL, '', '');
INSERT INTO `wiser_entityproperty` (`module_id`, `entity_name`, `link_type`, `tab_name`, `group_name`, `inputtype`, `display_name`, `property_name`, `explanation`, `ordering`, `regex_validation`, `mandatory`, `readonly`, `default_value`, `css`, `width`, `height`, `options`, `data_query`, `action_query`, `search_query`, `search_count_query`, `grid_delete_query`, `grid_insert_query`, `grid_update_query`, `depends_on_field`, `depends_on_operator`, `depends_on_value`, `language_code`, `custom_script`, `also_save_seo_value`, `depends_on_action`, `save_on_change`, `extended_explanation`, `label_style`, `label_width`, `enable_aggregation`, `aggregate_options`, `access_key`, `visibility_path_regex`) VALUES (0, 'WiserOrderProcessStep', 0, '', '', 'checkbox', 'Verbergen in voortgang', 'orderprocessstephideinprogress', 'Deze stap verbergen in de voortgangsbalk van het bestelproces', 2, '', 0, 0, '', '', 50, 0, NULL, NULL, NULL, NULL, NULL, NULL, NULL, NULL, NULL, NULL, NULL, '', NULL, 0, NULL, 0, 0, NULL, NULL, 0, NULL, '', '');
INSERT INTO `wiser_entityproperty` (`module_id`, `entity_name`, `link_type`, `tab_name`, `group_name`, `inputtype`, `display_name`, `property_name`, `explanation`, `ordering`, `regex_validation`, `mandatory`, `readonly`, `default_value`, `css`, `width`, `height`, `options`, `data_query`, `action_query`, `search_query`, `search_count_query`, `grid_delete_query`, `grid_insert_query`, `grid_update_query`, `depends_on_field`, `depends_on_operator`, `depends_on_value`, `language_code`, `custom_script`, `also_save_seo_value`, `depends_on_action`, `save_on_change`, `extended_explanation`, `label_style`, `label_width`, `enable_aggregation`, `aggregate_options`, `access_key`, `visibility_path_regex`) VALUES (0, 'WiserOrderProcessStep', 0, '', '', 'sub-entities-grid', 'Groepen', 'orderprocessstepgroups', 'Bepaal de groepen met functionaliteiten hier', 3, '', 0, 0, NULL, NULL, 100, 0, '{\r\n    \"entityType\": \"WiserOrderProcessGroup\",\r\n    \"hideTypeColumn\": true,\r\n    \"hideEnvironmentColumn\": true,\r\n    \"hideTitleColumn\": false,\r\n    \"hideIdColumn\": false,\r\n    \"deletionOfItems\": \"deleteItem\",\r\n    \"hideLinkIdColumn\": true,\r\n    \"pageSize\": 50,\r\n    \"disableInlineEditing\": true,\r\n    \"linkTypeNumber\": 5071,		\r\n    \"toolbar\": {\r\n        \"hideLinkButton\": false,\r\n        \"hideCreateButton\": false,\r\n        \"hideExportButton\": true\r\n    }\r\n}', NULL, NULL, NULL, NULL, NULL, NULL, NULL, 'orderprocesssteptype', 'eq', 'groupsAndFields', '', NULL, 0, NULL, 0, 1, NULL, NULL, 0, NULL, '', '');
INSERT INTO `wiser_entityproperty` (`module_id`, `entity_name`, `link_type`, `tab_name`, `group_name`, `inputtype`, `display_name`, `property_name`, `explanation`, `ordering`, `regex_validation`, `mandatory`, `readonly`, `default_value`, `css`, `width`, `height`, `options`, `data_query`, `action_query`, `search_query`, `search_count_query`, `grid_delete_query`, `grid_insert_query`, `grid_update_query`, `depends_on_field`, `depends_on_operator`, `depends_on_value`, `language_code`, `custom_script`, `also_save_seo_value`, `depends_on_action`, `save_on_change`, `extended_explanation`, `label_style`, `label_width`, `enable_aggregation`, `aggregate_options`, `access_key`, `visibility_path_regex`) VALUES (0, 'WiserOrderProcessStep', 0, '', '', 'HTMLeditor', 'Template', 'orderprocesssteptemplate', 'Inhoud van de stap. Hier kunnen waardes van velden uit het bestelproces gebruikt worden door er accolades omheen te zetten. Daarbinnen moet dan de waarde staan zoals ingevuld bij \"Opslaan in\" bij het betreffende veld (of de waarde van \"FieldID\" indien \"Opslaan in\" niet gevuld is). Voorbeeld: {account.firstName}. Om het ID van de bestelling te tonen, kan \"{order.id}\" gebruikt worden, om het factuurnummer te tonen kan \"{order.invoiceNumber}\" gebruikt worden.', 3, '', 0, 0, NULL, NULL, 100, 600, NULL, NULL, NULL, NULL, NULL, NULL, NULL, NULL, 'orderprocesssteptype', 'neq', 'groupsAndFields', '', NULL, 0, NULL, 0, 1, NULL, NULL, 0, NULL, '', '');
INSERT INTO `wiser_entityproperty` (`module_id`, `entity_name`, `link_type`, `tab_name`, `group_name`, `inputtype`, `display_name`, `property_name`, `explanation`, `ordering`, `regex_validation`, `mandatory`, `readonly`, `default_value`, `css`, `width`, `height`, `options`, `data_query`, `action_query`, `search_query`, `search_count_query`, `grid_delete_query`, `grid_insert_query`, `grid_update_query`, `depends_on_field`, `depends_on_operator`, `depends_on_value`, `language_code`, `custom_script`, `also_save_seo_value`, `depends_on_action`, `save_on_change`, `extended_explanation`, `label_style`, `label_width`, `enable_aggregation`, `aggregate_options`, `access_key`, `visibility_path_regex`) VALUES (0, 'WiserOrderProcessStep', 0, '', '', 'input', 'Tekst op link naar vorige stap', 'orderprocessstepprevioussteplinktext', 'De tekst die op de link komt te staan waarmee de gebruiker terug kan gaan naar de vorige stap. Deze waarde wordt alleen gebruikt indien de webshop niet meertalig is, of er geen vertaling voor de tekst gevonden kan worden. Anders wordt de waarde \"orderProcess_step_[TitelVanStap]_previousStepLinkText\" uit de vertalingenmodule gebruikt.', 4, '', 0, 0, NULL, NULL, 50, 0, NULL, NULL, NULL, NULL, NULL, NULL, NULL, NULL, 'orderprocesssteptype', 'neq', 'orderConfirmation', '', NULL, 0, NULL, 0, 1, NULL, NULL, 0, NULL, '', '');
INSERT INTO `wiser_entityproperty` (`module_id`, `entity_name`, `link_type`, `tab_name`, `group_name`, `inputtype`, `display_name`, `property_name`, `explanation`, `ordering`, `regex_validation`, `mandatory`, `readonly`, `default_value`, `css`, `width`, `height`, `options`, `data_query`, `action_query`, `search_query`, `search_count_query`, `grid_delete_query`, `grid_insert_query`, `grid_update_query`, `depends_on_field`, `depends_on_operator`, `depends_on_value`, `language_code`, `custom_script`, `also_save_seo_value`, `depends_on_action`, `save_on_change`, `extended_explanation`, `label_style`, `label_width`, `enable_aggregation`, `aggregate_options`, `access_key`, `visibility_path_regex`) VALUES (0, 'WiserOrderProcessStep', 0, '', '', 'input', 'Tekst op knop', 'orderprocessstepconfirmbuttontext', 'De tekst die op de knop komt te staan waarmee deze stap wordt bevestigd door de gebruiker. Deze waarde wordt alleen gebruikt indien de webshop niet meertalig is, of er geen vertaling voor de tekst gevonden kan worden. Anders wordt de waarde \"orderProcess_step_[TitelVanStap]_confirmButtonText\" uit de vertalingenmodule gebruikt.', 5, '', 0, 0, NULL, NULL, 50, 0, NULL, NULL, NULL, NULL, NULL, NULL, NULL, NULL, 'orderprocesssteptype', 'neq', 'orderConfirmation', '', NULL, 0, NULL, 0, 1, NULL, NULL, 0, NULL, '', '');
INSERT INTO `wiser_entityproperty` (`module_id`, `entity_name`, `link_type`, `tab_name`, `group_name`, `inputtype`, `display_name`, `property_name`, `explanation`, `ordering`, `regex_validation`, `mandatory`, `readonly`, `default_value`, `css`, `width`, `height`, `options`, `data_query`, `action_query`, `search_query`, `search_count_query`, `grid_delete_query`, `grid_insert_query`, `grid_update_query`, `depends_on_field`, `depends_on_operator`, `depends_on_value`, `language_code`, `custom_script`, `also_save_seo_value`, `depends_on_action`, `save_on_change`, `extended_explanation`, `label_style`, `label_width`, `enable_aggregation`, `aggregate_options`, `access_key`, `visibility_path_regex`) VALUES (0, 'WiserOrderProcessStep', 0, '', '', 'HTMLeditor', 'Header content', 'orderprocessstepheader', 'Content die bovenaan deze stap moet komen', 6, '', 0, 0, NULL, NULL, 50, 0, NULL, NULL, NULL, NULL, NULL, NULL, NULL, NULL, 'orderprocesssteptype', 'eq', 'groupsAndFields', '', NULL, 0, NULL, 0, 1, NULL, NULL, 0, NULL, '', '');
INSERT INTO `wiser_entityproperty` (`module_id`, `entity_name`, `link_type`, `tab_name`, `group_name`, `inputtype`, `display_name`, `property_name`, `explanation`, `ordering`, `regex_validation`, `mandatory`, `readonly`, `default_value`, `css`, `width`, `height`, `options`, `data_query`, `action_query`, `search_query`, `search_count_query`, `grid_delete_query`, `grid_insert_query`, `grid_update_query`, `depends_on_field`, `depends_on_operator`, `depends_on_value`, `language_code`, `custom_script`, `also_save_seo_value`, `depends_on_action`, `save_on_change`, `extended_explanation`, `label_style`, `label_width`, `enable_aggregation`, `aggregate_options`, `access_key`, `visibility_path_regex`) VALUES (0, 'WiserOrderProcessStep', 0, '', '', 'HTMLeditor', 'Footer content', 'orderprocessstepfooter', 'Content die onderaan deze stap moet komen', 7, '', 0, 0, NULL, NULL, 50, 0, NULL, NULL, NULL, NULL, NULL, NULL, NULL, NULL, 'orderprocesssteptype', 'eq', 'groupsAndFields', '', NULL, 0, NULL, 0, 1, NULL, NULL, 0, NULL, '', '');
INSERT INTO `wiser_entityproperty` (`module_id`, `entity_name`, `link_type`, `tab_name`, `group_name`, `inputtype`, `display_name`, `property_name`, `explanation`, `ordering`, `regex_validation`, `mandatory`, `readonly`, `default_value`, `css`, `width`, `height`, `options`, `data_query`, `action_query`, `search_query`, `search_count_query`, `grid_delete_query`, `grid_insert_query`, `grid_update_query`, `depends_on_field`, `depends_on_operator`, `depends_on_value`, `language_code`, `custom_script`, `also_save_seo_value`, `depends_on_action`, `save_on_change`, `extended_explanation`, `label_style`, `label_width`, `enable_aggregation`, `aggregate_options`, `access_key`, `visibility_path_regex`) VALUES (0, 'WiserOrderProcessStep', 0, '', '', 'input', 'Doorstuur-URL', 'orderprocessstepredirecturl', 'Indien de gebruikers doorgestuurd moet worden naar een andere pagina wanneer ze deze stap bereiken, dan kan de URL van die pagina hier ingevuld worden. Tip: Vul hier een relatieve URL in zoals \"/bevestiging/\" zodat dit op de test- en live-omgevingen altijd goed gaat.', 8, '', 0, 0, NULL, NULL, 100, 0, NULL, NULL, NULL, NULL, NULL, NULL, NULL, NULL, 'orderprocesssteptype', 'eq', 'orderConfirmation', '', NULL, 0, NULL, 0, 1, NULL, NULL, 0, NULL, '', '');
INSERT INTO `wiser_entityproperty` (`module_id`, `entity_name`, `link_type`, `tab_name`, `group_name`, `inputtype`, `display_name`, `property_name`, `explanation`, `ordering`, `regex_validation`, `mandatory`, `readonly`, `default_value`, `css`, `width`, `height`, `options`, `data_query`, `action_query`, `search_query`, `search_count_query`, `grid_delete_query`, `grid_insert_query`, `grid_update_query`, `depends_on_field`, `depends_on_operator`, `depends_on_value`, `language_code`, `custom_script`, `also_save_seo_value`, `depends_on_action`, `save_on_change`, `extended_explanation`, `label_style`, `label_width`, `enable_aggregation`, `aggregate_options`, `access_key`, `visibility_path_regex`) VALUES (0, 'WiserPaymentmethod', 0, '', '', 'combobox', 'PSP', 'paymentmethodprovider', 'Selecteer de paymentprovider welke deze betaalmethode afhandelt', 10, '', 1, 0, NULL, NULL, 25, 0, '{ \r\n	\"entityType\": \"WiserPaymentProvider\",\r\n	\"useDropDownList\": true,\r\n	\"searchEverywhere\": true\r\n}', NULL, NULL, NULL, NULL, NULL, NULL, NULL, NULL, NULL, NULL, '', NULL, 0, NULL, 0, 0, NULL, NULL, 0, NULL, '', '');
INSERT INTO `wiser_entityproperty` (`module_id`, `entity_name`, `link_type`, `tab_name`, `group_name`, `inputtype`, `display_name`, `property_name`, `explanation`, `ordering`, `regex_validation`, `mandatory`, `readonly`, `default_value`, `css`, `width`, `height`, `options`, `data_query`, `action_query`, `search_query`, `search_count_query`, `grid_delete_query`, `grid_insert_query`, `grid_update_query`, `depends_on_field`, `depends_on_operator`, `depends_on_value`, `language_code`, `custom_script`, `also_save_seo_value`, `depends_on_action`, `save_on_change`, `extended_explanation`, `label_style`, `label_width`, `enable_aggregation`, `aggregate_options`, `access_key`, `visibility_path_regex`) VALUES (0, 'WiserPaymentmethod', 0, '', '', 'numeric-input', 'Betaalkosten', 'paymentmethodfee', 'Vul de vaste betaalkosten voor deze betaalmethode in', 20, '', 0, 0, '0', NULL, 25, 0, NULL, NULL, NULL, NULL, NULL, NULL, NULL, NULL, NULL, NULL, NULL, '', NULL, 0, NULL, 0, 0, NULL, NULL, 0, NULL, '', '');
INSERT INTO `wiser_entityproperty` (`module_id`, `entity_name`, `link_type`, `tab_name`, `group_name`, `inputtype`, `display_name`, `property_name`, `explanation`, `ordering`, `regex_validation`, `mandatory`, `readonly`, `default_value`, `css`, `width`, `height`, `options`, `data_query`, `action_query`, `search_query`, `search_count_query`, `grid_delete_query`, `grid_insert_query`, `grid_update_query`, `depends_on_field`, `depends_on_operator`, `depends_on_value`, `language_code`, `custom_script`, `also_save_seo_value`, `depends_on_action`, `save_on_change`, `extended_explanation`, `label_style`, `label_width`, `enable_aggregation`, `aggregate_options`, `access_key`, `visibility_path_regex`) VALUES (0, 'WiserPaymentmethod', 0, '', '', 'combobox', 'Tonen', 'paymentmethodvisible', 'Beschikbaarheid van betaalmethode', 30, '', 0, 0, '2', NULL, 25, 0, '{\r\n	\"useDropDownList\": true,\r\n    \"dataSource\": [\r\n        { \"name\": \"Wanneer niet ingelogd\", \"id\": \"0\" },\r\n        { \"name\": \"Wanneer ingelogd\", \"id\": \"1\" },\r\n		{ \"name\": \"Zowel ingelogd als uitgelogd\", \"id\": \"2\" }\r\n    ]\r\n}', NULL, NULL, NULL, NULL, NULL, NULL, NULL, NULL, NULL, NULL, '', NULL, 0, NULL, 0, 0, NULL, NULL, 0, NULL, '', '');
INSERT INTO `wiser_entityproperty` (`module_id`, `entity_name`, `link_type`, `tab_name`, `group_name`, `inputtype`, `display_name`, `property_name`, `explanation`, `ordering`, `regex_validation`, `mandatory`, `readonly`, `default_value`, `css`, `width`, `height`, `options`, `data_query`, `action_query`, `search_query`, `search_count_query`, `grid_delete_query`, `grid_insert_query`, `grid_update_query`, `depends_on_field`, `depends_on_operator`, `depends_on_value`, `language_code`, `custom_script`, `also_save_seo_value`, `depends_on_action`, `save_on_change`, `extended_explanation`, `label_style`, `label_width`, `enable_aggregation`, `aggregate_options`, `access_key`, `visibility_path_regex`) VALUES (0, 'WiserPaymentmethod', 0, '', '', 'input', 'Externe naam', 'paymentmethodexternalname', 'De naam zoals de betaalmethode in andere systemen bekend is, deze naam wordt doorgestuurd naar de PSP bij het starten van een betaling en wordt ook intern door de webshop gebruikt als er bepaalde acties gedaan moeten worden die verschillen per betaalmethode.', 40, '', 1, 0, NULL, NULL, 25, 0, NULL, NULL, NULL, NULL, NULL, NULL, NULL, NULL, NULL, NULL, NULL, '', NULL, 0, NULL, 0, 0, NULL, NULL, 0, NULL, '', '');
INSERT INTO `wiser_entityproperty` (`module_id`, `entity_name`, `link_type`, `tab_name`, `group_name`, `inputtype`, `display_name`, `property_name`, `explanation`, `ordering`, `regex_validation`, `mandatory`, `readonly`, `default_value`, `css`, `width`, `height`, `options`, `data_query`, `action_query`, `search_query`, `search_count_query`, `grid_delete_query`, `grid_insert_query`, `grid_update_query`, `depends_on_field`, `depends_on_operator`, `depends_on_value`, `language_code`, `custom_script`, `also_save_seo_value`, `depends_on_action`, `save_on_change`, `extended_explanation`, `label_style`, `label_width`, `enable_aggregation`, `aggregate_options`, `access_key`, `visibility_path_regex`) VALUES (0, 'WiserPaymentmethod', 0, '', '', 'image-upload', 'Logo', 'paymentmethodlogo', 'Upload het logo van de betaalmethode', 100, '', 0, 0, NULL, NULL, 100, 0, NULL, NULL, NULL, NULL, NULL, NULL, NULL, NULL, NULL, NULL, NULL, '', NULL, 0, NULL, 0, 0, NULL, NULL, 0, NULL, '', '');
INSERT INTO `wiser_entityproperty` (`module_id`, `entity_name`, `link_type`, `tab_name`, `group_name`, `inputtype`, `display_name`, `property_name`, `explanation`, `ordering`, `regex_validation`, `mandatory`, `readonly`, `default_value`, `css`, `width`, `height`, `options`, `data_query`, `action_query`, `search_query`, `search_count_query`, `grid_delete_query`, `grid_insert_query`, `grid_update_query`, `depends_on_field`, `depends_on_operator`, `depends_on_value`, `language_code`, `custom_script`, `also_save_seo_value`, `depends_on_action`, `save_on_change`, `extended_explanation`, `label_style`, `label_width`, `enable_aggregation`, `aggregate_options`, `access_key`, `visibility_path_regex`) VALUES ( 0, 'WiserPaymentMethod', 0, '', 'Maximaal Bedrag', 'checkbox', 'Maximaal bedrag gebruiken', 'paymentmethodusemaximumamount', '', 8, '', 0, 0, '0', NULL, 25, 0, '{\"mode\":\"\",\"imageUrl\":\"\"}', '', '', '', '', '', '', '', '', NULL, '', '', '', 0, NULL, 0, 0, 'normal', '0', 0, '', '', '');
INSERT INTO `wiser_entityproperty` (`module_id`, `entity_name`, `link_type`, `tab_name`, `group_name`, `inputtype`, `display_name`, `property_name`, `explanation`, `ordering`, `regex_validation`, `mandatory`, `readonly`, `default_value`, `css`, `width`, `height`, `options`, `data_query`, `action_query`, `search_query`, `search_count_query`, `grid_delete_query`, `grid_insert_query`, `grid_update_query`, `depends_on_field`, `depends_on_operator`, `depends_on_value`, `language_code`, `custom_script`, `also_save_seo_value`, `depends_on_action`, `save_on_change`, `extended_explanation`, `label_style`, `label_width`, `enable_aggregation`, `aggregate_options`, `access_key`, `visibility_path_regex`) VALUES ( 0, 'WiserPaymentMethod', 0, '', 'Minimaal Bedrag', 'checkbox', 'Minimaal bedrag gebruiken', 'paymentmethoduseminimalamount', '', 6, '', 0, 0, '0', NULL, 25, 0, '{\"mode\":\"\",\"imageUrl\":\"\"}', '', '', '', '', '', '', '', '', NULL, '', '', '', 0, NULL, 0, 0, 'normal', '0', 0, '', '', '');
INSERT INTO `wiser_entityproperty` (`module_id`, `entity_name`, `link_type`, `tab_name`, `group_name`, `inputtype`, `display_name`, `property_name`, `explanation`, `ordering`, `regex_validation`, `mandatory`, `readonly`, `default_value`, `css`, `width`, `height`, `options`, `data_query`, `action_query`, `search_query`, `search_count_query`, `grid_delete_query`, `grid_insert_query`, `grid_update_query`, `depends_on_field`, `depends_on_operator`, `depends_on_value`, `language_code`, `custom_script`, `also_save_seo_value`, `depends_on_action`, `save_on_change`, `extended_explanation`, `label_style`, `label_width`, `enable_aggregation`, `aggregate_options`, `access_key`, `visibility_path_regex`) VALUES ( 0, 'WiserPaymentMethod', 0, '', 'Maximaal Bedrag', 'numeric-input', 'Maximaal bedrag', 'paymentmethodmaximumamount', 'Vul het maximale bedrag toe dat voor deze betaalmethode vereist is', 9, '', 0, 0, '0', NULL, 25, 0, '{\"decimals\":2,\"format\":\"undefined\",\"round\":false,\"step\":1,\"factor\":1}', '', '', '', '', '', '', '', 'paymentmethodusemaximumamount', 'eq', '1', '', '', 0, 'toggle-visibility', 0, 0, 'normal', '0', 0, '', '', '');
INSERT INTO `wiser_entityproperty` (`module_id`, `entity_name`, `link_type`, `tab_name`, `group_name`, `inputtype`, `display_name`, `property_name`, `explanation`, `ordering`, `regex_validation`, `mandatory`, `readonly`, `default_value`, `css`, `width`, `height`, `options`, `data_query`, `action_query`, `search_query`, `search_count_query`, `grid_delete_query`, `grid_insert_query`, `grid_update_query`, `depends_on_field`, `depends_on_operator`, `depends_on_value`, `language_code`, `custom_script`, `also_save_seo_value`, `depends_on_action`, `save_on_change`, `extended_explanation`, `label_style`, `label_width`, `enable_aggregation`, `aggregate_options`, `access_key`, `visibility_path_regex`) VALUES ( 0, 'WiserPaymentMethod', 0, '', 'Minimaal Bedrag', 'numeric-input', 'Minimaal bedrag', 'paymentmethodminimalamount', 'Vul het minimale bedrag toe dat voor deze betaalmethode vereist is', 7, '', 0, 0, '0', NULL, 25, 0, '{\"decimals\":2,\"format\":\"undefined\",\"round\":false,\"step\":1,\"factor\":1}', '', '', '', '', '', '', '', 'paymentmethoduseminimalamount', 'eq', '1', '', '', 0, 'toggle-visibility', 0, 0, 'normal', '0', 0, '', '', '');
INSERT INTO `wiser_entityproperty` (`module_id`, `entity_name`, `link_type`, `tab_name`, `group_name`, `inputtype`, `display_name`, `property_name`, `explanation`, `ordering`, `regex_validation`, `mandatory`, `readonly`, `default_value`, `css`, `width`, `height`, `options`, `data_query`, `action_query`, `search_query`, `search_count_query`, `grid_delete_query`, `grid_insert_query`, `grid_update_query`, `depends_on_field`, `depends_on_operator`, `depends_on_value`, `language_code`, `custom_script`, `also_save_seo_value`, `depends_on_action`, `save_on_change`, `extended_explanation`, `label_style`, `label_width`, `enable_aggregation`, `aggregate_options`, `access_key`, `visibility_path_regex`) VALUES (0, 'WiserPaymentprovider', 0, '', '', 'combobox', 'PSP', 'psptype', 'Kies het type afhandeling dat plaats dient te vinden', 1, '', 0, 0, NULL, NULL, 100, 0, '{\r\n	\"useDropDownList\": true,\r\n    \"dataSource\": [\r\n        { \"name\": \"Geen PSP\", \"id\": \"1\" },\r\n        { \"name\": \"Buckaroo\", \"id\": \"2\" },\r\n		{ \"name\": \"MultiSafepay\", \"id\": \"3\" },\r\n		{ \"name\": \"CM\", \"id\": \"4\" },\r\n		{ \"name\": \"RaboOmniKassa\", \"id\": \"5\" },\r\n		{ \"name\": \"AfterPay\", \"id\": \"6\" },\r\n		{ \"name\": \"Mollie\", \"id\": \"7\" }\r\n    ]\r\n}', NULL, NULL, NULL, NULL, NULL, NULL, NULL, NULL, NULL, NULL, '', NULL, 0, NULL, 0, 1, NULL, NULL, 0, NULL, '', '');
INSERT INTO `wiser_entityproperty` (`module_id`, `entity_name`, `link_type`, `tab_name`, `group_name`, `inputtype`, `display_name`, `property_name`, `explanation`, `ordering`, `regex_validation`, `mandatory`, `readonly`, `default_value`, `css`, `width`, `height`, `options`, `data_query`, `action_query`, `search_query`, `search_count_query`, `grid_delete_query`, `grid_insert_query`, `grid_update_query`, `depends_on_field`, `depends_on_operator`, `depends_on_value`, `language_code`, `custom_script`, `also_save_seo_value`, `depends_on_action`, `save_on_change`, `extended_explanation`, `label_style`, `label_width`, `enable_aggregation`, `aggregate_options`, `access_key`, `visibility_path_regex`) VALUES (0, 'WiserPaymentProvider', 0, '', '', 'checkbox', 'Logs inschakelen', 'psplogallrequests', 'Alle verzoeken van en naar deze PSP worden gelogd naar de database.', 2, '', 0, 0, '1', NULL, 33, 0, NULL, NULL, NULL, NULL, NULL, NULL, NULL, NULL, NULL, NULL, NULL, '', NULL, 0, NULL, 0, 1, NULL, NULL, 0, NULL, '', '');
INSERT INTO `wiser_entityproperty` (`module_id`, `entity_name`, `link_type`, `tab_name`, `group_name`, `inputtype`, `display_name`, `property_name`, `explanation`, `ordering`, `regex_validation`, `mandatory`, `readonly`, `default_value`, `css`, `width`, `height`, `options`, `data_query`, `action_query`, `search_query`, `search_count_query`, `grid_delete_query`, `grid_insert_query`, `grid_update_query`, `depends_on_field`, `depends_on_operator`, `depends_on_value`, `language_code`, `custom_script`, `also_save_seo_value`, `depends_on_action`, `save_on_change`, `extended_explanation`, `label_style`, `label_width`, `enable_aggregation`, `aggregate_options`, `access_key`, `visibility_path_regex`) VALUES (0, 'WiserPaymentProvider', 0, '', '', 'checkbox', 'Bestellingen direct markeren als afgerond', 'psporderscanbesetdirectlytofinished', 'Bestellingen die deze PSP gebruiken direct markeren als betaald. Wanneer deze optie aan staat hoeven gebruikers niet (direct) te betalen voor hun bestelling. Dit is bedoeld voor bijvoorbeeld betalen op factuur.', 3, '', 0, 0, NULL, NULL, 33, 0, NULL, NULL, NULL, NULL, NULL, NULL, NULL, NULL, NULL, NULL, NULL, '', NULL, 0, NULL, 0, 1, NULL, NULL, 0, NULL, '', '');
INSERT INTO `wiser_entityproperty` (`module_id`, `entity_name`, `link_type`, `tab_name`, `group_name`, `inputtype`, `display_name`, `property_name`, `explanation`, `ordering`, `regex_validation`, `mandatory`, `readonly`, `default_value`, `css`, `width`, `height`, `options`, `data_query`, `action_query`, `search_query`, `search_count_query`, `grid_delete_query`, `grid_insert_query`, `grid_update_query`, `depends_on_field`, `depends_on_operator`, `depends_on_value`, `language_code`, `custom_script`, `also_save_seo_value`, `depends_on_action`, `save_on_change`, `extended_explanation`, `label_style`, `label_width`, `enable_aggregation`, `aggregate_options`, `access_key`, `visibility_path_regex`) VALUES (0, 'WiserPaymentProvider', 0, '', '', 'checkbox', 'PSP overslaan wanneer totaalbedrag 0 euro is', 'pspkippaymentwhenorderamountequalszero', 'Bestellingen met een totaalprijs van 0 euro worden altijd direct gemarkeerd als betaald/afgerond, de gebruiker wordt dan niet doorgestuurd naar de PSP.', 4, '', 0, 0, '1', NULL, 34, 0, NULL, NULL, NULL, NULL, NULL, NULL, NULL, NULL, NULL, NULL, NULL, '', NULL, 0, NULL, 0, 1, NULL, NULL, 0, NULL, '', '');
INSERT INTO `wiser_entityproperty` (`module_id`, `entity_name`, `link_type`, `tab_name`, `group_name`, `inputtype`, `display_name`, `property_name`, `explanation`, `ordering`, `regex_validation`, `mandatory`, `readonly`, `default_value`, `css`, `width`, `height`, `options`, `data_query`, `action_query`, `search_query`, `search_count_query`, `grid_delete_query`, `grid_insert_query`, `grid_update_query`, `depends_on_field`, `depends_on_operator`, `depends_on_value`, `language_code`, `custom_script`, `also_save_seo_value`, `depends_on_action`, `save_on_change`, `extended_explanation`, `label_style`, `label_width`, `enable_aggregation`, `aggregate_options`, `access_key`, `visibility_path_regex`) VALUES (0, 'WiserPaymentProvider', 0, '', '', 'secure-input', 'Api Key voor productieomgeving', 'mollieapikeylive', NULL, 20, '', 0, 0, NULL, NULL, 50, 0, '{\r\n	\"securityMethod\": \"JCL_AES\"\r\n}', NULL, NULL, NULL, NULL, NULL, NULL, NULL, 'psptype', 'eq', '7', '', NULL, 0, NULL, 0, 1, NULL, NULL, 0, NULL, '', '');
INSERT INTO `wiser_entityproperty` (`module_id`, `entity_name`, `link_type`, `tab_name`, `group_name`, `inputtype`, `display_name`, `property_name`, `explanation`, `ordering`, `regex_validation`, `mandatory`, `readonly`, `default_value`, `css`, `width`, `height`, `options`, `data_query`, `action_query`, `search_query`, `search_count_query`, `grid_delete_query`, `grid_insert_query`, `grid_update_query`, `depends_on_field`, `depends_on_operator`, `depends_on_value`, `language_code`, `custom_script`, `also_save_seo_value`, `depends_on_action`, `save_on_change`, `extended_explanation`, `label_style`, `label_width`, `enable_aggregation`, `aggregate_options`, `access_key`, `visibility_path_regex`) VALUES (0, 'WiserPaymentProvider', 0, '', '', 'secure-input', 'Api Key voor testomgeving', 'mollieapikeytest', NULL, 21, '', 0, 0, NULL, NULL, 50, 0, '{\r\n	\"securityMethod\": \"JCL_AES\"\r\n}', NULL, NULL, NULL, NULL, NULL, NULL, NULL, 'psptype', 'eq', '7', '', NULL, 0, NULL, 0, 1, NULL, NULL, 0, NULL, '', '');
INSERT INTO `wiser_entityproperty` (`module_id`, `entity_name`, `link_type`, `tab_name`, `group_name`, `inputtype`, `display_name`, `property_name`, `explanation`, `ordering`, `regex_validation`, `mandatory`, `readonly`, `default_value`, `css`, `width`, `height`, `options`, `data_query`, `action_query`, `search_query`, `search_count_query`, `grid_delete_query`, `grid_insert_query`, `grid_update_query`, `depends_on_field`, `depends_on_operator`, `depends_on_value`, `language_code`, `custom_script`, `also_save_seo_value`, `depends_on_action`, `save_on_change`, `extended_explanation`, `label_style`, `label_width`, `enable_aggregation`, `aggregate_options`, `access_key`, `visibility_path_regex`) VALUES (0, 'WiserPaymentProvider', 0, '', '', 'secure-input', 'Website Key voor productieomgeving', 'buckaroowebsitekeylive', NULL, 30, '', 0, 0, NULL, NULL, 50, 0, '{\r\n	\"securityMethod\": \"JCL_AES\"\r\n}', NULL, NULL, NULL, NULL, NULL, NULL, NULL, 'psptype', 'eq', '2', '', NULL, 0, NULL, 0, 1, NULL, NULL, 0, NULL, '', '');
INSERT INTO `wiser_entityproperty` (`module_id`, `entity_name`, `link_type`, `tab_name`, `group_name`, `inputtype`, `display_name`, `property_name`, `explanation`, `ordering`, `regex_validation`, `mandatory`, `readonly`, `default_value`, `css`, `width`, `height`, `options`, `data_query`, `action_query`, `search_query`, `search_count_query`, `grid_delete_query`, `grid_insert_query`, `grid_update_query`, `depends_on_field`, `depends_on_operator`, `depends_on_value`, `language_code`, `custom_script`, `also_save_seo_value`, `depends_on_action`, `save_on_change`, `extended_explanation`, `label_style`, `label_width`, `enable_aggregation`, `aggregate_options`, `access_key`, `visibility_path_regex`) VALUES (0, 'WiserPaymentProvider', 0, '', '', 'secure-input', 'Website Key voor testomgeving', 'buckaroowebsitekeytest', NULL, 31, '', 0, 0, NULL, NULL, 50, 0, '{\r\n	\"securityMethod\": \"JCL_AES\"\r\n}', NULL, NULL, NULL, NULL, NULL, NULL, NULL, 'psptype', 'eq', '2', '', NULL, 0, NULL, 0, 1, NULL, NULL, 0, NULL, '', '');
INSERT INTO `wiser_entityproperty` (`module_id`, `entity_name`, `link_type`, `tab_name`, `group_name`, `inputtype`, `display_name`, `property_name`, `explanation`, `ordering`, `regex_validation`, `mandatory`, `readonly`, `default_value`, `css`, `width`, `height`, `options`, `data_query`, `action_query`, `search_query`, `search_count_query`, `grid_delete_query`, `grid_insert_query`, `grid_update_query`, `depends_on_field`, `depends_on_operator`, `depends_on_value`, `language_code`, `custom_script`, `also_save_seo_value`, `depends_on_action`, `save_on_change`, `extended_explanation`, `label_style`, `label_width`, `enable_aggregation`, `aggregate_options`, `access_key`, `visibility_path_regex`) VALUES (0, 'WiserPaymentProvider', 0, '', '', 'secure-input', 'Secret Key voor productieomgeving', 'buckaroosecretkeylive', NULL, 32, '', 0, 0, NULL, NULL, 50, 0, '{\r\n	\"securityMethod\": \"JCL_AES\"\r\n}', NULL, NULL, NULL, NULL, NULL, NULL, NULL, 'psptype', 'eq', '2', '', NULL, 0, NULL, 0, 1, NULL, NULL, 0, NULL, '', '');
INSERT INTO `wiser_entityproperty` (`module_id`, `entity_name`, `link_type`, `tab_name`, `group_name`, `inputtype`, `display_name`, `property_name`, `explanation`, `ordering`, `regex_validation`, `mandatory`, `readonly`, `default_value`, `css`, `width`, `height`, `options`, `data_query`, `action_query`, `search_query`, `search_count_query`, `grid_delete_query`, `grid_insert_query`, `grid_update_query`, `depends_on_field`, `depends_on_operator`, `depends_on_value`, `language_code`, `custom_script`, `also_save_seo_value`, `depends_on_action`, `save_on_change`, `extended_explanation`, `label_style`, `label_width`, `enable_aggregation`, `aggregate_options`, `access_key`, `visibility_path_regex`) VALUES (0, 'WiserPaymentProvider', 0, '', '', 'secure-input', 'Secret Key voor testomgeving', 'buckaroosecretkeytest', NULL, 33, '', 0, 0, NULL, NULL, 50, 0, '{\r\n	\"securityMethod\": \"JCL_AES\"\r\n}', NULL, NULL, NULL, NULL, NULL, NULL, NULL, 'psptype', 'eq', '2', '', NULL, 0, NULL, 0, 1, NULL, NULL, 0, NULL, '', '');
INSERT INTO `wiser_entityproperty` (`module_id`, `entity_name`, `link_type`, `tab_name`, `group_name`, `inputtype`, `display_name`, `property_name`, `explanation`, `ordering`, `regex_validation`, `mandatory`, `readonly`, `default_value`, `css`, `width`, `height`, `options`, `data_query`, `action_query`, `search_query`, `search_count_query`, `grid_delete_query`, `grid_insert_query`, `grid_update_query`, `depends_on_field`, `depends_on_operator`, `depends_on_value`, `language_code`, `custom_script`, `also_save_seo_value`, `depends_on_action`, `save_on_change`, `extended_explanation`, `label_style`, `label_width`, `enable_aggregation`, `aggregate_options`, `access_key`, `visibility_path_regex`) VALUES (0, 'WiserPaymentProvider', 0, '', '', 'secure-input', 'Api Key voor productieomgeving', 'multisafepayapikeylive', NULL, 40, '', 0, 0, NULL, NULL, 50, 0, '{\r\n	\"securityMethod\": \"JCL_AES\"\r\n}', NULL, NULL, NULL, NULL, NULL, NULL, NULL, 'psptype', 'eq', '3', '', NULL, 0, NULL, 0, 1, NULL, NULL, 0, NULL, '', '');
INSERT INTO `wiser_entityproperty` (`module_id`, `entity_name`, `link_type`, `tab_name`, `group_name`, `inputtype`, `display_name`, `property_name`, `explanation`, `ordering`, `regex_validation`, `mandatory`, `readonly`, `default_value`, `css`, `width`, `height`, `options`, `data_query`, `action_query`, `search_query`, `search_count_query`, `grid_delete_query`, `grid_insert_query`, `grid_update_query`, `depends_on_field`, `depends_on_operator`, `depends_on_value`, `language_code`, `custom_script`, `also_save_seo_value`, `depends_on_action`, `save_on_change`, `extended_explanation`, `label_style`, `label_width`, `enable_aggregation`, `aggregate_options`, `access_key`, `visibility_path_regex`) VALUES (0, 'WiserPaymentProvider', 0, '', '', 'secure-input', 'Api Key voor testomgeving', 'multisafepayapikeytest', NULL, 41, '', 0, 0, NULL, NULL, 50, 0, '{\r\n	\"securityMethod\": \"JCL_AES\"\r\n}', NULL, NULL, NULL, NULL, NULL, NULL, NULL, 'psptype', 'eq', '3', '', NULL, 0, NULL, 0, 1, NULL, NULL, 0, NULL, '', '');
INSERT INTO `wiser_entityproperty` (`module_id`, `entity_name`, `link_type`, `tab_name`, `group_name`, `inputtype`, `display_name`, `property_name`, `explanation`, `ordering`, `regex_validation`, `mandatory`, `readonly`, `default_value`, `css`, `width`, `height`, `options`, `data_query`, `action_query`, `search_query`, `search_count_query`, `grid_delete_query`, `grid_insert_query`, `grid_update_query`, `depends_on_field`, `depends_on_operator`, `depends_on_value`, `language_code`, `custom_script`, `also_save_seo_value`, `depends_on_action`, `save_on_change`, `extended_explanation`, `label_style`, `label_width`, `enable_aggregation`, `aggregate_options`, `access_key`, `visibility_path_regex`) VALUES (0, 'WiserPaymentProvider', 0, '', '', 'secure-input', 'Refresh token voor productieomgeving', 'raboomnikassarefreshtokenlive', NULL, 50, '', 0, 0, NULL, NULL, 50, 0, '{\r\n	\"securityMethod\": \"JCL_AES\"\r\n}', NULL, NULL, NULL, NULL, NULL, NULL, NULL, 'psptype', 'eq', '5', '', NULL, 0, NULL, 0, 1, NULL, NULL, 0, NULL, '', '');
INSERT INTO `wiser_entityproperty` (`module_id`, `entity_name`, `link_type`, `tab_name`, `group_name`, `inputtype`, `display_name`, `property_name`, `explanation`, `ordering`, `regex_validation`, `mandatory`, `readonly`, `default_value`, `css`, `width`, `height`, `options`, `data_query`, `action_query`, `search_query`, `search_count_query`, `grid_delete_query`, `grid_insert_query`, `grid_update_query`, `depends_on_field`, `depends_on_operator`, `depends_on_value`, `language_code`, `custom_script`, `also_save_seo_value`, `depends_on_action`, `save_on_change`, `extended_explanation`, `label_style`, `label_width`, `enable_aggregation`, `aggregate_options`, `access_key`, `visibility_path_regex`) VALUES (0, 'WiserPaymentProvider', 0, '', '', 'secure-input', 'Refresh token voor testomgeving', 'raboomnikassarefreshtokentest', NULL, 51, '', 0, 0, NULL, NULL, 50, 0, '{\r\n	\"securityMethod\": \"JCL_AES\"\r\n}', NULL, NULL, NULL, NULL, NULL, NULL, NULL, 'psptype', 'eq', '5', '', NULL, 0, NULL, 0, 1, NULL, NULL, 0, NULL, '', '');
INSERT INTO `wiser_entityproperty` (`module_id`, `entity_name`, `link_type`, `tab_name`, `group_name`, `inputtype`, `display_name`, `property_name`, `explanation`, `ordering`, `regex_validation`, `mandatory`, `readonly`, `default_value`, `css`, `width`, `height`, `options`, `data_query`, `action_query`, `search_query`, `search_count_query`, `grid_delete_query`, `grid_insert_query`, `grid_update_query`, `depends_on_field`, `depends_on_operator`, `depends_on_value`, `language_code`, `custom_script`, `also_save_seo_value`, `depends_on_action`, `save_on_change`, `extended_explanation`, `label_style`, `label_width`, `enable_aggregation`, `aggregate_options`, `access_key`, `visibility_path_regex`) VALUES (0, 'WiserPaymentProvider', 0, '', '', 'secure-input', 'Signing key voor productieomgeving', 'raboomnikassasigningkeylive', NULL, 52, '', 0, 0, NULL, NULL, 50, 0, '{\r\n	\"securityMethod\": \"JCL_AES\"\r\n}', NULL, NULL, NULL, NULL, NULL, NULL, NULL, 'psptype', 'eq', '5', '', NULL, 0, NULL, 0, 1, NULL, NULL, 0, NULL, '', '');
INSERT INTO `wiser_entityproperty` (`module_id`, `entity_name`, `link_type`, `tab_name`, `group_name`, `inputtype`, `display_name`, `property_name`, `explanation`, `ordering`, `regex_validation`, `mandatory`, `readonly`, `default_value`, `css`, `width`, `height`, `options`, `data_query`, `action_query`, `search_query`, `search_count_query`, `grid_delete_query`, `grid_insert_query`, `grid_update_query`, `depends_on_field`, `depends_on_operator`, `depends_on_value`, `language_code`, `custom_script`, `also_save_seo_value`, `depends_on_action`, `save_on_change`, `extended_explanation`, `label_style`, `label_width`, `enable_aggregation`, `aggregate_options`, `access_key`, `visibility_path_regex`) VALUES (0, 'WiserPaymentProvider', 0, '', '', 'secure-input', 'Signing key voor testomgeving', 'raboomnikassasigningkeytest', NULL, 53, '', 0, 0, NULL, NULL, 50, 0, '{\r\n	\"securityMethod\": \"JCL_AES\"\r\n}', NULL, NULL, NULL, NULL, NULL, NULL, NULL, 'psptype', 'eq', '5', '', NULL, 0, NULL, 0, 1, NULL, NULL, 0, NULL, '', '');
INSERT INTO `wiser_link` (`type`, `destination_entity_type`, `connected_entity_type`, `name`, `show_in_tree_view`, `show_in_data_selector`, `relationship`, `duplication`, `use_item_parent_id`, `use_dedicated_table`, `cascade_delete`) VALUES (1, 'map', 'WiserOrderProcess', '', 1, 0, 'one-to-many', 'none', 1, 0, 0);
INSERT INTO `wiser_link` (`type`, `destination_entity_type`, `connected_entity_type`, `name`, `show_in_tree_view`, `show_in_data_selector`, `relationship`, `duplication`, `use_item_parent_id`, `use_dedicated_table`, `cascade_delete`) VALUES (1, 'map', 'WiserPaymentProvider', '', 1, 0, 'one-to-many', 'none', 1, 0, 0);