-- ----------------------------
-- Configurator modules
-- ----------------------------
INSERT INTO `wiser_module` (id, `custom_query`, `count_query`, `options`, `name`, `icon`, `type`, `group`) VALUES (800, NULL, NULL, NULL, 'Configurator beheer', 'routes', 'DynamicItems', 'Instellingen');
INSERT INTO `wiser_module` (`id`, `custom_query`, `count_query`, `options`, `name`, `icon`, `color`, `type`, `group`) VALUES (854, 'SELECT \r\n	configuration.id,\r\n	configuration.id AS `encrypted_id_encrypt_withdate`,\r\n	configuration.title,\r\n	configuration.entity_type,\r\n	barcode.`value` AS barcode,\r\n	configuration.added_on AS datecreated,\r\n	CAST(REPLACE(purchasePrice.`value`, \',\', \'.\') AS DECIMAL(8, 2)) AS purchaseprice,\r\n	CAST(REPLACE(salesPrice.`value`, \',\', \'.\') AS DECIMAL(8, 2)) salesprice\r\nFROM configurations_wiser_item AS configuration\r\n\r\n[if({barcode}=)]LEFT [endif] JOIN configurations_wiser_itemdetail AS barcode ON barcode.item_id = configuration.id AND barcode.`key` = \'barcode\' [if({barcode}!)]AND barcode.`value`=\'{barcode}\'[endif]\r\n\r\n[if({purchaseprice}=)]LEFT [endif] JOIN configurations_wiser_itemdetail AS purchasePrice ON purchasePrice.item_id = configuration.id AND purchasePrice.`key` = \'purchase_price\' [if({purchaseprice}!)]AND CAST(REPLACE(purchasePrice.`value`, \',\', \'.\') AS DECIMAL(8, 2)) {purchaseprice_filter}[endif]\r\n\r\n[if({salesprice}=)]LEFT [endif]JOIN configurations_wiser_itemdetail AS salesPrice ON salesPrice.item_id = configuration.id AND salesPrice.`key` = \'sales_price\' [if({salesprice}!)]CAST(REPLACE(salesPrice.`value`, \',\', \'.\') AS DECIMAL(8, 2)) {salesprice_filter}[endif]\r\n\r\nWHERE configuration.entity_type = \'configuration\'\r\n[if({id}!)]AND configuration.id {id_filter}[endif]\r\n[if({title}!)]AND configuration.title {title_filter}[endif]\r\nORDER BY id DESC\r\n{limit}', '\r\nSELECT COUNT(*)\r\nFROM configurations_wiser_item AS configuration\r\n[if({barcode}=)]LEFT [endif] JOIN configurations_wiser_itemdetail AS barcode ON barcode.item_id = configuration.id AND barcode.`key` = \'barcode\' [if({barcode}!)]AND barcode.`value`=\'{barcode}\'[endif]\r\n[if({purchaseprice}=)]LEFT [endif] JOIN configurations_wiser_itemdetail AS purchasePrice ON purchasePrice.item_id = configuration.id AND purchasePrice.`key` = \'purchase_price\' [if({purchaseprice}!)]AND CAST(REPLACE(purchasePrice.`value`, \',\', \'.\') AS DECIMAL(8, 2)) {purchaseprice_filter}[endif]\r\n\r\n\r\n[if({salesprice}=)]LEFT [endif]JOIN configurations_wiser_itemdetail AS salesPrice ON salesPrice.item_id = configuration.id AND salesPrice.`key` = \'sales_price\' [if({salesprice}!)]CAST(REPLACE(salesPrice.`value`, \',\', \'.\') AS DECIMAL(8, 2)) {salesprice_filter}[endif]\r\n\r\nWHERE configuration.entity_type = \'configuration\'\r\n', '{\r\n	\"gridViewMode\": true,\r\n	\"gridViewSettings\": {\r\n		\"pageSize\": 100,\r\n		\"columns\": [\r\n			{ \"field\": \"id\", \"title\": \"ID\", \"filterable\": { \"extra\": false } },\r\n			{ \"field\": \"title\", \"title\": \"Naam\",  \"filterable\": { \"extra\": false }},\r\n			{ \"field\": \"barcode\", \"title\": \"Barcode\", \"filterable\": { \"extra\": false } },\r\n			{ \"field\": \"datecreated\", \"title\": \"Aangemaakt op\", \"filterable\": { \"extra\": false }, \"format\": \"{0:dd-MM-yyyy HH:mm:ss}\" },\r\n			{ \"field\": \"purchaseprice\", \"title\": \"Inkoopprijs\", \"filterable\": { \"extra\": false }, \"format\": \"{0:c}\" },\r\n			{ \"field\": \"salesprice\", \"title\": \"Verkoopprijs\", \"filterable\": { \"extra\": false }, \"format\": \"{0:c}\" }\r\n		],\r\n		\"filterable\": true\r\n	}\r\n}', 'Configuraties', 'routes', NULL, 'DynamicItems', 'Bestelproces');

-- ----------------------------
-- Records of wiser_permission
-- ----------------------------
INSERT INTO `wiser_permission`(`role_id`, `entity_name`, `item_id`, `entity_property_id`, `permissions`, `module_id`) VALUES (1, '', 0, 0, 15, 800);
INSERT INTO `wiser_permission`(`role_id`, `entity_name`, `item_id`, `entity_property_id`, `permissions`, `module_id`) VALUES (1, '', 0, 0, 15, 854);

-- ----------------------------
-- Records of wiser_entity
-- ---------------------------
INSERT INTO `wiser_entity`(`name`, `module_id`, `accepted_childtypes`, `icon`, `icon_add`, `icon_expanded`, `show_in_tree_view`, `query_after_insert`, `query_after_update`, `query_before_update`, `query_before_delete`, `color`, `show_in_search`, `show_overview_tab`, `save_title_as_seo`, `api_after_insert`, `api_after_update`, `api_before_update`, `api_before_delete`, `show_title_field`, `friendly_name`, `default_ordering`, `save_history`, `enable_multiple_environments`, `dedicated_table_prefix`) VALUES ('', 800, 'configurator', '', '', '', 1, NULL, NULL, NULL, NULL, 'blue', 1, 1, 0, NULL, NULL, NULL, NULL, 1, NULL, 'link_ordering', 1, 0, '');
INSERT INTO `wiser_entity`(`name`, `module_id`, `accepted_childtypes`, `icon`, `icon_add`, `icon_expanded`, `show_in_tree_view`, `query_after_insert`, `query_after_update`, `query_before_update`, `query_before_delete`, `color`, `show_in_search`, `show_overview_tab`, `save_title_as_seo`, `api_after_insert`, `api_after_update`, `api_before_update`, `api_before_delete`, `show_title_field`, `friendly_name`, `default_ordering`, `save_history`, `enable_multiple_environments`, `dedicated_table_prefix`) VALUES ('configurator', 800, 'hoofdstap', 'icon-combination', '', 'icon-combination', 1, NULL, NULL, NULL, NULL, 'blue', 1, 1, 0, NULL, NULL, NULL, NULL, 1, NULL, 'link_ordering', 1, 0, '');
INSERT INTO `wiser_entity`(`name`, `module_id`, `accepted_childtypes`, `icon`, `icon_add`, `icon_expanded`, `show_in_tree_view`, `query_after_insert`, `query_after_update`, `query_before_update`, `query_before_delete`, `color`, `show_in_search`, `show_overview_tab`, `save_title_as_seo`, `api_after_insert`, `api_after_update`, `api_before_update`, `api_before_delete`, `show_title_field`, `friendly_name`, `default_ordering`, `save_history`, `enable_multiple_environments`, `dedicated_table_prefix`) VALUES ('hoofdstap', 800, 'stap', 'icon-choices', '', 'icon-choices', 1, NULL, NULL, NULL, NULL, 'blue', 1, 1, 0, NULL, NULL, NULL, NULL, 1, NULL, 'link_ordering', 1, 0, '');
INSERT INTO `wiser_entity`(`name`, `module_id`, `accepted_childtypes`, `icon`, `icon_add`, `icon_expanded`, `show_in_tree_view`, `query_after_insert`, `query_after_update`, `query_before_update`, `query_before_delete`, `color`, `show_in_search`, `show_overview_tab`, `save_title_as_seo`, `api_after_insert`, `api_after_update`, `api_before_update`, `api_before_delete`, `show_title_field`, `friendly_name`, `default_ordering`, `save_history`, `enable_multiple_environments`, `dedicated_table_prefix`) VALUES ('stap', 800, 'substap', 'icon-choices', '', 'icon-choices', 1, NULL, NULL, NULL, NULL, 'blue', 1, 1, 0, NULL, NULL, NULL, NULL, 1, NULL, 'link_ordering', 1, 0, '');
INSERT INTO `wiser_entity`(`name`, `module_id`, `accepted_childtypes`, `icon`, `icon_add`, `icon_expanded`, `show_in_tree_view`, `query_after_insert`, `query_after_update`, `query_before_update`, `query_before_delete`, `color`, `show_in_search`, `show_overview_tab`, `save_title_as_seo`, `api_after_insert`, `api_after_update`, `api_before_update`, `api_before_delete`, `show_title_field`, `friendly_name`, `default_ordering`, `save_history`, `enable_multiple_environments`, `dedicated_table_prefix`) VALUES ('substap', 800, '', 'icon-choices', '', 'icon-choices', 1, NULL, NULL, NULL, NULL, 'blue', 1, 1, 0, NULL, NULL, NULL, NULL, 1, NULL, 'link_ordering', 1, 0, '');
INSERT INTO `wiser_entity`(`name`, `module_id`, `accepted_childtypes`, `icon`, `icon_add`, `icon_expanded`, `show_in_tree_view`, `query_after_insert`, `query_after_update`, `query_before_update`, `query_before_delete`, `color`, `show_in_search`, `show_overview_tab`, `save_title_as_seo`, `api_after_insert`, `api_after_update`, `api_before_update`, `api_before_delete`, `show_title_field`, `friendly_name`, `default_ordering`, `save_history`, `enable_multiple_environments`, `dedicated_table_prefix`) VALUES ('configuration', 854, 'configurationline', 'icon-combination', '', 'icon-combination', 1, NULL, NULL, NULL, NULL, 'blue', 1, 1, 0, NULL, NULL, NULL, NULL, 1, NULL, 'link_ordering', 1, 0, 'configurations');
INSERT INTO `wiser_entity`(`name`, `module_id`, `accepted_childtypes`, `icon`, `icon_add`, `icon_expanded`, `show_in_tree_view`, `query_after_insert`, `query_after_update`, `query_before_update`, `query_before_delete`, `color`, `show_in_search`, `show_overview_tab`, `save_title_as_seo`, `api_after_insert`, `api_after_update`, `api_before_update`, `api_before_delete`, `show_title_field`, `friendly_name`, `default_ordering`, `save_history`, `enable_multiple_environments`, `dedicated_table_prefix`) VALUES ('configurationline', 854, '', 'icon-combination', '', 'icon-combination', 1, NULL, NULL, NULL, NULL, 'blue', 1, 1, 0, NULL, NULL, NULL, NULL, 1, NULL, 'link_ordering', 1, 0, 'configurations');
INSERT INTO `wiser_entity`(`name`, `module_id`, `accepted_childtypes`, `icon`, `icon_add`, `icon_expanded`, `show_in_tree_view`, `query_after_insert`, `query_after_update`, `query_before_update`, `query_before_delete`, `color`, `show_in_search`, `show_overview_tab`, `save_title_as_seo`, `api_after_insert`, `api_after_update`, `api_before_update`, `api_before_delete`, `show_title_field`, `friendly_name`, `default_ordering`, `save_history`, `enable_multiple_environments`, `dedicated_table_prefix`, `template_query`, `template_html`, `delete_action`) VALUES ('ConfiguratorApi', 700, '', 'icon-config', '', 'icon-config', 1, '', '', '', '', 'blue', 1, 1, 0, NULL, NULL, NULL, NULL, 1, '', 'link_ordering', 1, 0, '', NULL, NULL, 'archive');

-- ----------------------------
-- Records of wiser_link
-- ---------------------------
INSERT INTO `wiser_link` (`type`, `destination_entity_type`, `connected_entity_type`, `name`, `show_in_tree_view`, `show_in_data_selector`, `relationship`, `duplication`, `use_item_parent_id`, `use_dedicated_table`, `cascade_delete`) VALUES (41, 'configurator', 'ConfiguratorApi', 'PriceConfiguratorApiToConfigurator', 1, 1, 'one-to-many', 'none', 0, 0, 0);
INSERT INTO `wiser_link` (`type`, `destination_entity_type`, `connected_entity_type`, `name`, `show_in_tree_view`, `show_in_data_selector`, `relationship`, `duplication`, `use_item_parent_id`, `use_dedicated_table`, `cascade_delete`) VALUES (42, 'configurator', 'ConfiguratorApi', 'SaveConfiguratorApiToConfigurator', 1, 1, 'one-to-many', 'none', 0, 0, 0);
INSERT INTO `wiser_link` (`type`, `destination_entity_type`, `connected_entity_type`, `name`, `show_in_tree_view`, `show_in_data_selector`, `relationship`, `duplication`, `use_item_parent_id`, `use_dedicated_table`, `cascade_delete`) VALUES (1, 'configuration', 'configurationline', 'ConfigurationLineUnderConfiguration', 1, 1, 'one-to-many', 'none', 1, 0, 1);
INSERT INTO `wiser_link` (`type`, `destination_entity_type`, `connected_entity_type`, `name`, `show_in_tree_view`, `show_in_data_selector`, `relationship`, `duplication`, `use_item_parent_id`, `use_dedicated_table`, `cascade_delete`) VALUES (1, 'configuration', 'configuration', 'SubConfigurationUnderConfiguration', 1, 1, 'one-to-many', 'none', 1, 0, 0);
INSERT INTO `wiser_link` (`type`, `destination_entity_type`, `connected_entity_type`, `name`, `show_in_tree_view`, `show_in_data_selector`, `relationship`, `duplication`, `use_item_parent_id`, `use_dedicated_table`, `cascade_delete`) VALUES (1, 'configuration', 'hoofdstap', 'ConfigurationToHeadstep', 1, 1, 'one-to-many', 'none', 0, 0, 0);
INSERT INTO `wiser_link` (`type`, `destination_entity_type`, `connected_entity_type`, `name`, `show_in_tree_view`, `show_in_data_selector`, `relationship`, `duplication`, `use_item_parent_id`, `use_dedicated_table`, `cascade_delete`) VALUES (1, 'hoofdstap', 'stap', 'HeadsteptoStep', 1, 1, 'one-to-many', 'none', 0, 0, 0);
INSERT INTO `wiser_link` (`type`, `destination_entity_type`, `connected_entity_type`, `name`, `show_in_tree_view`, `show_in_data_selector`, `relationship`, `duplication`, `use_item_parent_id`, `use_dedicated_table`, `cascade_delete`) VALUES (1, 'stap', 'substap', 'SteptoSubStep', 1, 1, 'one-to-many', 'none', 0, 0, 0);

-- ----------------------------
-- Records of wiser_entityproperty
-- ----------------------------
INSERT INTO `wiser_entityproperty`(`module_id`, `entity_name`, `link_type`, `visible_in_overview`, `overview_width`, `tab_name`, `group_name`, `inputtype`, `display_name`, `property_name`, `explanation`, `ordering`, `regex_validation`, `mandatory`, `readonly`, `default_value`, `automation`, `css`, `width`, `height`, `options`, `data_query`, `action_query`, `search_query`, `search_count_query`, `grid_delete_query`, `grid_insert_query`, `grid_update_query`, `depends_on_field`, `depends_on_operator`, `depends_on_value`, `language_code`, `custom_script`, `also_save_seo_value`, `depends_on_action`, `save_on_change`, `extended_explanation`, `label_style`, `label_width`) VALUES (0, 'configurator', 0, 0, 100, '', '', 'combobox', 'Kopieer lay-out templates', 'duplicatelayoutfrom', 'Kopieer templates van een andere, qua lay-out identieke, configurator', 1, '', 0, 0, NULL, '', NULL, 0, 0, NULL, '#verkrijg overige configuratoren\r\nSELECT id,title AS name\r\nFROM wiser_item\r\nWHERE entity_type=\'configurator\' AND published_environment>=4 AND id<>{itemId}\r\nORDER BY name;', NULL, NULL, NULL, NULL, NULL, NULL, NULL, NULL, NULL, '', NULL, 0, NULL, 0, 0, 'normal', '0');
INSERT INTO `wiser_entityproperty`(`module_id`, `entity_name`, `link_type`, `visible_in_overview`, `overview_width`, `tab_name`, `group_name`, `inputtype`, `display_name`, `property_name`, `explanation`, `ordering`, `regex_validation`, `mandatory`, `readonly`, `default_value`, `automation`, `css`, `width`, `height`, `options`, `data_query`, `action_query`, `search_query`, `search_count_query`, `grid_delete_query`, `grid_insert_query`, `grid_update_query`, `depends_on_field`, `depends_on_operator`, `depends_on_value`, `language_code`, `custom_script`, `also_save_seo_value`, `depends_on_action`, `save_on_change`, `extended_explanation`, `label_style`, `label_width`) VALUES (0, 'configurator', 0, 0, 100, 'Templates', 'Basis', 'HTMLeditor', 'Template configurator', 'template', 'De basis template van de configurator. Kan deze variabelen bevatten:\n{progress}, {totalsteps}, {mainsteps}, {totalprice}', 1, '', 0, 0, 'Totaal aantal stappen {totalsteps}<br\\>\n{steps}<br\\>\n{progress}<br\\>\nTotaalprijs: {totalprice}', '', NULL, 100, 0, NULL, NULL, NULL, NULL, NULL, NULL, NULL, NULL, 'duplicatelayoutfrom', 'isempty', NULL, '', NULL, 0, 'toggle-visibility', 0, 0, 'normal', '0');
INSERT INTO `wiser_entityproperty`(`module_id`, `entity_name`, `link_type`, `visible_in_overview`, `overview_width`, `tab_name`, `group_name`, `inputtype`, `display_name`, `property_name`, `explanation`, `ordering`, `regex_validation`, `mandatory`, `readonly`, `default_value`, `automation`, `css`, `width`, `height`, `options`, `data_query`, `action_query`, `search_query`, `search_count_query`, `grid_delete_query`, `grid_insert_query`, `grid_update_query`, `depends_on_field`, `depends_on_operator`, `depends_on_value`, `language_code`, `custom_script`, `also_save_seo_value`, `depends_on_action`, `save_on_change`, `extended_explanation`, `label_style`, `label_width`) VALUES (0, 'configurator', 0, 0, 100, 'Templates', 'Hoofdstap', 'HTMLeditor', 'Hoofdstap template', 'step_template', 'De basis template voor iedere stap (deze kan aangepast worden per stap). Deze variabelen zijn te gebruiken: {stepnumber}, {totalsteps}, {substeps} {stepname}', 10, '', 0, 0, 'Stap {stepnumber} van {totalsteps} - {stepname}<br/>\n{substeps}', '', NULL, 100, 0, NULL, NULL, NULL, NULL, NULL, NULL, NULL, NULL, 'duplicatelayoutfrom', 'isempty', NULL, '', NULL, 0, 'toggle-visibility', 0, 0, 'normal', '0');
INSERT INTO `wiser_entityproperty`(`module_id`, `entity_name`, `link_type`, `visible_in_overview`, `overview_width`, `tab_name`, `group_name`, `inputtype`, `display_name`, `property_name`, `explanation`, `ordering`, `regex_validation`, `mandatory`, `readonly`, `default_value`, `automation`, `css`, `width`, `height`, `options`, `data_query`, `action_query`, `search_query`, `search_count_query`, `grid_delete_query`, `grid_insert_query`, `grid_update_query`, `depends_on_field`, `depends_on_operator`, `depends_on_value`, `language_code`, `custom_script`, `also_save_seo_value`, `depends_on_action`, `save_on_change`, `extended_explanation`, `label_style`, `label_width`) VALUES (0, 'configurator', 0, 0, 100, 'Templates', 'Stap', 'HTMLeditor', 'Standaard stap template', 'default_step_template', 'De standaard template voor een stap (te overrulen per stap). Te gebruiken variabelen: {datasource_values}, {datasource_count} en {substeps}', 20, '', 0, 0, 'Maak uw keuze:<br/>\n{datasource_values}<br/>\nOf vul zelf een waarde in', '', NULL, 100, 0, NULL, NULL, NULL, NULL, NULL, NULL, NULL, NULL, 'duplicatelayoutfrom', 'isempty', NULL, '', NULL, 0, 'toggle-visibility', 0, 0, 'normal', '0');
INSERT INTO `wiser_entityproperty`(`module_id`, `entity_name`, `link_type`, `visible_in_overview`, `overview_width`, `tab_name`, `group_name`, `inputtype`, `display_name`, `property_name`, `explanation`, `ordering`, `regex_validation`, `mandatory`, `readonly`, `default_value`, `automation`, `css`, `width`, `height`, `options`, `data_query`, `action_query`, `search_query`, `search_count_query`, `grid_delete_query`, `grid_insert_query`, `grid_update_query`, `depends_on_field`, `depends_on_operator`, `depends_on_value`, `language_code`, `custom_script`, `also_save_seo_value`, `depends_on_action`, `save_on_change`, `extended_explanation`, `label_style`, `label_width`) VALUES (0, 'configurator', 0, 0, 100, 'Templates', 'Basis', 'HTMLeditor', 'Template voortgang', 'progress_template', 'De HTML template voor de voortgang, daarin kunnen de volgende variabelen gebruikt worden: {mainsteps}', 2, '', 0, 0, '{steps}', '', NULL, 100, 0, NULL, NULL, NULL, NULL, NULL, NULL, NULL, NULL, 'duplicatelayoutfrom', 'isempty', NULL, '', NULL, 0, 'toggle-visibility', 0, 0, 'normal', '0');
INSERT INTO `wiser_entityproperty`(`module_id`, `entity_name`, `link_type`, `visible_in_overview`, `overview_width`, `tab_name`, `group_name`, `inputtype`, `display_name`, `property_name`, `explanation`, `ordering`, `regex_validation`, `mandatory`, `readonly`, `default_value`, `automation`, `css`, `width`, `height`, `options`, `data_query`, `action_query`, `search_query`, `search_count_query`, `grid_delete_query`, `grid_insert_query`, `grid_update_query`, `depends_on_field`, `depends_on_operator`, `depends_on_value`, `language_code`, `custom_script`, `also_save_seo_value`, `depends_on_action`, `save_on_change`, `extended_explanation`, `label_style`, `label_width`) VALUES (0, 'configurator', 0, 0, 100, 'Templates', 'Hoofdstap', 'HTMLeditor', 'Template voortgang hoofdstap', 'progress_step_template', 'De template voor het tonen van 1 hoofdstap in de voortgang. Te gebruiken variabelen: {step_name}, {stepnumber}, {steps}', 13, '', 0, 0, '{stepnumber}: {stepname}<br/>\n{substeps}', '', NULL, 100, 0, NULL, NULL, NULL, NULL, NULL, NULL, NULL, NULL, 'duplicatelayoutfrom', 'isempty', NULL, '', NULL, 0, 'toggle-visibility', 0, 0, 'normal', '0');
INSERT INTO `wiser_entityproperty`(`module_id`, `entity_name`, `link_type`, `visible_in_overview`, `overview_width`, `tab_name`, `group_name`, `inputtype`, `display_name`, `property_name`, `explanation`, `ordering`, `regex_validation`, `mandatory`, `readonly`, `default_value`, `automation`, `css`, `width`, `height`, `options`, `data_query`, `action_query`, `search_query`, `search_count_query`, `grid_delete_query`, `grid_insert_query`, `grid_update_query`, `depends_on_field`, `depends_on_operator`, `depends_on_value`, `language_code`, `custom_script`, `also_save_seo_value`, `depends_on_action`, `save_on_change`, `extended_explanation`, `label_style`, `label_width`) VALUES (0, 'configurator', 0, 0, 100, 'Templates', 'Stap', 'HTMLeditor', 'Template voortgang stap', 'progress_substep_template', 'De template voor een stap binnen de voortgangsweergave. Beschikbare variabelen: {substepname}, {substepvalue}', 23, '', 0, 0, '{substepname}: {substepvalue}<br/>', '', NULL, 100, 0, NULL, NULL, NULL, NULL, NULL, NULL, NULL, NULL, 'duplicatelayoutfrom', 'isempty', NULL, '', NULL, 0, 'toggle-visibility', 0, 0, 'normal', '0');
INSERT INTO `wiser_entityproperty`(`module_id`, `entity_name`, `link_type`, `visible_in_overview`, `overview_width`, `tab_name`, `group_name`, `inputtype`, `display_name`, `property_name`, `explanation`, `ordering`, `regex_validation`, `mandatory`, `readonly`, `default_value`, `automation`, `css`, `width`, `height`, `options`, `data_query`, `action_query`, `search_query`, `search_count_query`, `grid_delete_query`, `grid_insert_query`, `grid_update_query`, `depends_on_field`, `depends_on_operator`, `depends_on_value`, `language_code`, `custom_script`, `also_save_seo_value`, `depends_on_action`, `save_on_change`, `extended_explanation`, `label_style`, `label_width`) VALUES (0, 'configurator', 0, 0, 100, 'Queries', '', 'textbox', 'Query voor prijsberekening', 'price_calculation_query', 'De query voor het berekenen van de prijs. Alle variabelen worden hieraan meegegeven.', 23, '', 0, 0, NULL, '', NULL, 100, 0, '{\"type\": \"mysql\"}', NULL, NULL, NULL, NULL, NULL, NULL, NULL, '\r\n\r\n', NULL, NULL, '', NULL, 0, NULL, 0, 0, 'normal', '0');
INSERT INTO `wiser_entityproperty`(`module_id`, `entity_name`, `link_type`, `visible_in_overview`, `overview_width`, `tab_name`, `group_name`, `inputtype`, `display_name`, `property_name`, `explanation`, `ordering`, `regex_validation`, `mandatory`, `readonly`, `default_value`, `automation`, `css`, `width`, `height`, `options`, `data_query`, `action_query`, `search_query`, `search_count_query`, `grid_delete_query`, `grid_insert_query`, `grid_update_query`, `depends_on_field`, `depends_on_operator`, `depends_on_value`, `language_code`, `custom_script`, `also_save_seo_value`, `depends_on_action`, `save_on_change`, `extended_explanation`, `label_style`, `label_width`) VALUES (0, 'configurator', 0, 0, 100, 'Templates', 'Basis', 'HTMLeditor', 'Template samenvatting', 'summary_template', 'De HTML template voor de samenvatting, daarin kunnen de volgende variabelen gebruikt worden: {mainsteps}', 5, '', 0, 0, '{steps}', '', NULL, 100, 0, NULL, NULL, NULL, NULL, NULL, NULL, NULL, NULL, 'duplicatelayoutfrom', 'isempty', NULL, '', NULL, 0, 'toggle-visibility', 0, 0, 'normal', '0');
INSERT INTO `wiser_entityproperty`(`module_id`, `entity_name`, `link_type`, `visible_in_overview`, `overview_width`, `tab_name`, `group_name`, `inputtype`, `display_name`, `property_name`, `explanation`, `ordering`, `regex_validation`, `mandatory`, `readonly`, `default_value`, `automation`, `css`, `width`, `height`, `options`, `data_query`, `action_query`, `search_query`, `search_count_query`, `grid_delete_query`, `grid_insert_query`, `grid_update_query`, `depends_on_field`, `depends_on_operator`, `depends_on_value`, `language_code`, `custom_script`, `also_save_seo_value`, `depends_on_action`, `save_on_change`, `extended_explanation`, `label_style`, `label_width`) VALUES (0, 'configurator', 0, 0, 100, 'Templates', 'Hoofdstap', 'HTMLeditor', 'Template samenvatting hoofdstap', 'summary_mainstep_template', 'De template voor het tonen van 1 hoofdstap in de samenvatting. Te gebruiken variabelen: {step_name}, {stepnumber}, {steps}', 16, '', 0, 0, '{stepnumber}: {stepname}<br/>\n{substeps}', '', NULL, 100, 0, NULL, NULL, NULL, NULL, NULL, NULL, NULL, NULL, 'duplicatelayoutfrom', 'isempty', NULL, '', NULL, 0, 'toggle-visibility', 0, 0, 'normal', '0');
INSERT INTO `wiser_entityproperty`(`module_id`, `entity_name`, `link_type`, `visible_in_overview`, `overview_width`, `tab_name`, `group_name`, `inputtype`, `display_name`, `property_name`, `explanation`, `ordering`, `regex_validation`, `mandatory`, `readonly`, `default_value`, `automation`, `css`, `width`, `height`, `options`, `data_query`, `action_query`, `search_query`, `search_count_query`, `grid_delete_query`, `grid_insert_query`, `grid_update_query`, `depends_on_field`, `depends_on_operator`, `depends_on_value`, `language_code`, `custom_script`, `also_save_seo_value`, `depends_on_action`, `save_on_change`, `extended_explanation`, `label_style`, `label_width`) VALUES (0, 'configurator', 0, 0, 100, 'Templates', 'Stap', 'HTMLeditor', 'Template samenvatting stap', 'summary_step_template', 'De template voor een stap binnen de samenvatting. Beschikbare variabelen: {substepname}, {substepvalue}', 26, '', 0, 0, '{substepname}: {substepvalue}<br/>', '', NULL, 100, 0, NULL, NULL, NULL, NULL, NULL, NULL, NULL, NULL, 'duplicatelayoutfrom', 'isempty', NULL, '', NULL, 0, 'toggle-visibility', 0, 0, 'normal', '0');
INSERT INTO `wiser_entityproperty`(`module_id`, `entity_name`, `link_type`, `visible_in_overview`, `overview_width`, `tab_name`, `group_name`, `inputtype`, `display_name`, `property_name`, `explanation`, `ordering`, `regex_validation`, `mandatory`, `readonly`, `default_value`, `automation`, `css`, `width`, `height`, `options`, `data_query`, `action_query`, `search_query`, `search_count_query`, `grid_delete_query`, `grid_insert_query`, `grid_update_query`, `depends_on_field`, `depends_on_operator`, `depends_on_value`, `language_code`, `custom_script`, `also_save_seo_value`, `depends_on_action`, `save_on_change`, `extended_explanation`, `label_style`, `label_width`) VALUES (0, 'configurator', 0, 0, 100, 'Templates', 'Basis', 'HTMLeditor', 'Template (pre-current) voortgang', 'pre_progress_template', 'De HTML template voor de voortgang, daarin kunnen de volgende variabelen gebruikt worden: {mainsteps}', 3, '', 0, 0, '{steps}', '', NULL, 100, 0, NULL, NULL, NULL, NULL, NULL, NULL, NULL, NULL, 'duplicatelayoutfrom', 'isempty', NULL, '', NULL, 0, 'toggle-visibility', 0, 0, 'normal', '0');
INSERT INTO `wiser_entityproperty`(`module_id`, `entity_name`, `link_type`, `visible_in_overview`, `overview_width`, `tab_name`, `group_name`, `inputtype`, `display_name`, `property_name`, `explanation`, `ordering`, `regex_validation`, `mandatory`, `readonly`, `default_value`, `automation`, `css`, `width`, `height`, `options`, `data_query`, `action_query`, `search_query`, `search_count_query`, `grid_delete_query`, `grid_insert_query`, `grid_update_query`, `depends_on_field`, `depends_on_operator`, `depends_on_value`, `language_code`, `custom_script`, `also_save_seo_value`, `depends_on_action`, `save_on_change`, `extended_explanation`, `label_style`, `label_width`) VALUES (0, 'configurator', 0, 0, 100, 'Templates', 'Hoofdstap', 'HTMLeditor', 'Template (pre-current) hoofdstap', 'pre_progress_step_template', 'De template voor het tonen van 1 hoofdstap in de voortgang. Te gebruiken variabelen: {step_name}, {stepnumber}, {steps}', 14, '', 0, 0, '{stepnumber}: {stepname}<br/>\n{substeps}', '', NULL, 100, 0, NULL, NULL, NULL, NULL, NULL, NULL, NULL, NULL, 'duplicatelayoutfrom', 'isempty', NULL, '', NULL, 0, 'toggle-visibility', 0, 0, 'normal', '0');
INSERT INTO `wiser_entityproperty`(`module_id`, `entity_name`, `link_type`, `visible_in_overview`, `overview_width`, `tab_name`, `group_name`, `inputtype`, `display_name`, `property_name`, `explanation`, `ordering`, `regex_validation`, `mandatory`, `readonly`, `default_value`, `automation`, `css`, `width`, `height`, `options`, `data_query`, `action_query`, `search_query`, `search_count_query`, `grid_delete_query`, `grid_insert_query`, `grid_update_query`, `depends_on_field`, `depends_on_operator`, `depends_on_value`, `language_code`, `custom_script`, `also_save_seo_value`, `depends_on_action`, `save_on_change`, `extended_explanation`, `label_style`, `label_width`) VALUES (0, 'configurator', 0, 0, 100, 'Templates', 'Stap', 'HTMLeditor', 'Template (pre-current) stap', 'pre_progress_substep_template', 'De template voor een stap binnen de voortgangsweergave. Beschikbare variabelen: {substepname}, {substepvalue}', 24, '', 0, 0, '{substepname}: {substepvalue}<br/>', '', NULL, 100, 0, NULL, NULL, NULL, NULL, NULL, NULL, NULL, NULL, 'duplicatelayoutfrom', 'isempty', NULL, '', NULL, 0, 'toggle-visibility', 0, 0, 'normal', '0');
INSERT INTO `wiser_entityproperty`(`module_id`, `entity_name`, `link_type`, `visible_in_overview`, `overview_width`, `tab_name`, `group_name`, `inputtype`, `display_name`, `property_name`, `explanation`, `ordering`, `regex_validation`, `mandatory`, `readonly`, `default_value`, `automation`, `css`, `width`, `height`, `options`, `data_query`, `action_query`, `search_query`, `search_count_query`, `grid_delete_query`, `grid_insert_query`, `grid_update_query`, `depends_on_field`, `depends_on_operator`, `depends_on_value`, `language_code`, `custom_script`, `also_save_seo_value`, `depends_on_action`, `save_on_change`, `extended_explanation`, `label_style`, `label_width`) VALUES (0, 'configurator', 0, 0, 100, 'Templates', 'Basis', 'HTMLeditor', 'Template (post-current) voortgang', 'post_progress_template', 'De HTML template voor de voortgang, daarin kunnen de volgende variabelen gebruikt worden: {mainsteps}', 4, '', 0, 0, '{steps}', '', NULL, 100, 0, NULL, NULL, NULL, NULL, NULL, NULL, NULL, NULL, 'duplicatelayoutfrom', 'isempty', NULL, '', NULL, 0, 'toggle-visibility', 0, 0, 'normal', '0');
INSERT INTO `wiser_entityproperty`(`module_id`, `entity_name`, `link_type`, `visible_in_overview`, `overview_width`, `tab_name`, `group_name`, `inputtype`, `display_name`, `property_name`, `explanation`, `ordering`, `regex_validation`, `mandatory`, `readonly`, `default_value`, `automation`, `css`, `width`, `height`, `options`, `data_query`, `action_query`, `search_query`, `search_count_query`, `grid_delete_query`, `grid_insert_query`, `grid_update_query`, `depends_on_field`, `depends_on_operator`, `depends_on_value`, `language_code`, `custom_script`, `also_save_seo_value`, `depends_on_action`, `save_on_change`, `extended_explanation`, `label_style`, `label_width`) VALUES (0, 'configurator', 0, 0, 100, 'Templates', 'Hoofdstap', 'HTMLeditor', 'Template (post-current) hoofdstap', 'post_progress_step_template', 'De template voor het tonen van 1 hoofdstap in de voortgang. Te gebruiken variabelen: {step_name}, {stepnumber}, {steps}', 15, '', 0, 0, '{stepnumber}: {stepname}<br/>\n{substeps}', '', NULL, 100, 0, NULL, NULL, NULL, NULL, NULL, NULL, NULL, NULL, 'duplicatelayoutfrom', 'isempty', NULL, '', NULL, 0, 'toggle-visibility', 0, 0, 'normal', '0');
INSERT INTO `wiser_entityproperty`(`module_id`, `entity_name`, `link_type`, `visible_in_overview`, `overview_width`, `tab_name`, `group_name`, `inputtype`, `display_name`, `property_name`, `explanation`, `ordering`, `regex_validation`, `mandatory`, `readonly`, `default_value`, `automation`, `css`, `width`, `height`, `options`, `data_query`, `action_query`, `search_query`, `search_count_query`, `grid_delete_query`, `grid_insert_query`, `grid_update_query`, `depends_on_field`, `depends_on_operator`, `depends_on_value`, `language_code`, `custom_script`, `also_save_seo_value`, `depends_on_action`, `save_on_change`, `extended_explanation`, `label_style`, `label_width`) VALUES (0, 'configurator', 0, 0, 100, 'Templates', 'Stap', 'HTMLeditor', 'Template (post-current) stap', 'post_progress_substep_template', 'De template voor een stap binnen de voortgangsweergave. Beschikbare variabelen: {substepname}, {substepvalue}', 25, '', 0, 0, '{substepname}: {substepvalue}<br/>', '', NULL, 100, 0, NULL, NULL, NULL, NULL, NULL, NULL, NULL, NULL, 'duplicatelayoutfrom', 'isempty', NULL, '', NULL, 0, 'toggle-visibility', 0, 0, 'normal', '0');
INSERT INTO `wiser_entityproperty`(`module_id`, `entity_name`, `link_type`, `visible_in_overview`, `overview_width`, `tab_name`, `group_name`, `inputtype`, `display_name`, `property_name`, `explanation`, `ordering`, `regex_validation`, `mandatory`, `readonly`, `default_value`, `automation`, `css`, `width`, `height`, `options`, `data_query`, `action_query`, `search_query`, `search_count_query`, `grid_delete_query`, `grid_insert_query`, `grid_update_query`, `depends_on_field`, `depends_on_operator`, `depends_on_value`, `language_code`, `custom_script`, `also_save_seo_value`, `depends_on_action`, `save_on_change`, `extended_explanation`, `label_style`, `label_width`) VALUES (0, 'configurator', 0, 0, 100, 'Vrije inhoud velden', '', 'textbox', 'Vrije inhoud 1', 'free_content1', 'Zet hier vrije inhoud in die gebruikt kan worden in de substep template als {mainstep_free_content1}', 18, '', 0, 0, NULL, '', NULL, 0, 0, NULL, NULL, NULL, NULL, NULL, NULL, NULL, NULL, '\r\n', NULL, NULL, '', NULL, 0, NULL, 0, 0, 'normal', '0');
INSERT INTO `wiser_entityproperty`(`module_id`, `entity_name`, `link_type`, `visible_in_overview`, `overview_width`, `tab_name`, `group_name`, `inputtype`, `display_name`, `property_name`, `explanation`, `ordering`, `regex_validation`, `mandatory`, `readonly`, `default_value`, `automation`, `css`, `width`, `height`, `options`, `data_query`, `action_query`, `search_query`, `search_count_query`, `grid_delete_query`, `grid_insert_query`, `grid_update_query`, `depends_on_field`, `depends_on_operator`, `depends_on_value`, `language_code`, `custom_script`, `also_save_seo_value`, `depends_on_action`, `save_on_change`, `extended_explanation`, `label_style`, `label_width`) VALUES (0, 'configurator', 0, 0, 100, 'Vrije inhoud velden', '', 'textbox', 'Vrije inhoud 2', 'free_content2', 'Zet hier vrije inhoud in die gebruikt kan worden in de substep template als {mainstep_free_content2}', 19, '', 0, 0, NULL, '', NULL, 0, 0, NULL, NULL, NULL, NULL, NULL, NULL, NULL, NULL, '\r\n', NULL, NULL, '', NULL, 0, NULL, 0, 0, 'normal', '0');
INSERT INTO `wiser_entityproperty`(`module_id`, `entity_name`, `link_type`, `visible_in_overview`, `overview_width`, `tab_name`, `group_name`, `inputtype`, `display_name`, `property_name`, `explanation`, `ordering`, `regex_validation`, `mandatory`, `readonly`, `default_value`, `automation`, `css`, `width`, `height`, `options`, `data_query`, `action_query`, `search_query`, `search_count_query`, `grid_delete_query`, `grid_insert_query`, `grid_update_query`, `depends_on_field`, `depends_on_operator`, `depends_on_value`, `language_code`, `custom_script`, `also_save_seo_value`, `depends_on_action`, `save_on_change`, `extended_explanation`, `label_style`, `label_width`) VALUES (0, 'configurator', 0, 0, 100, 'Vrije inhoud velden', '', 'textbox', 'Vrije inhoud 3', 'free_content3', 'Zet hier vrije inhoud in die gebruikt kan worden in de substep template als {mainstep_free_content3}', 20, '', 0, 0, NULL, '', NULL, 0, 0, NULL, NULL, NULL, NULL, NULL, NULL, NULL, NULL, '\r\n', NULL, NULL, '', NULL, 0, NULL, 0, 0, 'normal', '0');
INSERT INTO `wiser_entityproperty`(`module_id`, `entity_name`, `link_type`, `visible_in_overview`, `overview_width`, `tab_name`, `group_name`, `inputtype`, `display_name`, `property_name`, `explanation`, `ordering`, `regex_validation`, `mandatory`, `readonly`, `default_value`, `automation`, `css`, `width`, `height`, `options`, `data_query`, `action_query`, `search_query`, `search_count_query`, `grid_delete_query`, `grid_insert_query`, `grid_update_query`, `depends_on_field`, `depends_on_operator`, `depends_on_value`, `language_code`, `custom_script`, `also_save_seo_value`, `depends_on_action`, `save_on_change`, `extended_explanation`, `label_style`, `label_width`) VALUES (0, 'configurator', 0, 0, 100, 'Vrije inhoud velden', '', 'textbox', 'Vrije inhoud 4', 'free_content4', 'Zet hier vrije inhoud in die gebruikt kan worden in de substep template als {mainstep_free_content4}', 21, '', 0, 0, NULL, '', NULL, 0, 0, NULL, NULL, NULL, NULL, NULL, NULL, NULL, NULL, '\r\n', NULL, NULL, '', NULL, 0, NULL, 0, 0, 'normal', '0');
INSERT INTO `wiser_entityproperty`(`module_id`, `entity_name`, `link_type`, `visible_in_overview`, `overview_width`, `tab_name`, `group_name`, `inputtype`, `display_name`, `property_name`, `explanation`, `ordering`, `regex_validation`, `mandatory`, `readonly`, `default_value`, `automation`, `css`, `width`, `height`, `options`, `data_query`, `action_query`, `search_query`, `search_count_query`, `grid_delete_query`, `grid_insert_query`, `grid_update_query`, `depends_on_field`, `depends_on_operator`, `depends_on_value`, `language_code`, `custom_script`, `also_save_seo_value`, `depends_on_action`, `save_on_change`, `extended_explanation`, `label_style`, `label_width`) VALUES (0, 'configurator', 0, 0, 100, 'Vrije inhoud velden', '', 'textbox', 'Vrije inhoud 5', 'free_content5', 'Zet hier vrije inhoud in die gebruikt kan worden in de substep template als {mainstep_free_content5}', 22, '', 0, 0, NULL, '', NULL, 0, 0, NULL, NULL, NULL, NULL, NULL, NULL, NULL, NULL, '\r\n', NULL, NULL, '', NULL, 0, NULL, 0, 0, 'normal', '0');
INSERT INTO `wiser_entityproperty`(`module_id`, `entity_name`, `link_type`, `visible_in_overview`, `overview_width`, `tab_name`, `group_name`, `inputtype`, `display_name`, `property_name`, `explanation`, `ordering`, `regex_validation`, `mandatory`, `readonly`, `default_value`, `automation`, `css`, `width`, `height`, `options`, `data_query`, `action_query`, `search_query`, `search_count_query`, `grid_delete_query`, `grid_insert_query`, `grid_update_query`, `depends_on_field`, `depends_on_operator`, `depends_on_value`, `language_code`, `custom_script`, `also_save_seo_value`, `depends_on_action`, `save_on_change`, `extended_explanation`, `label_style`, `label_width`) VALUES (0, 'hoofdstap', 0, 0, 100, '', '', 'combobox', 'Kopieer lay-out templates', 'duplicatelayoutfrom', 'Kopieer templates van een andere, qua lay-out identieke, configurator', 1, '', 0, 0, NULL, '', NULL, 0, 0, NULL, '#verkrijg overige hoofdstappen\r\n\r\nSELECT i.id,CONCAT(ip.title,\' - \',i.title) AS name\r\nFROM wiser_item i\r\nJOIN wiser_itemlink ilp ON ilp.item_id=i.id AND ilp.type=1\r\nJOIN wiser_item ip ON ip.id=ilp.destination_item_id AND ip.published_environment>=4  AND ip.entity_type=\'configurator\'\r\nWHERE i.entity_type=\'hoofdstap\' AND i.published_environment>=4 AND i.id<>{itemId}\r\nORDER BY ip.title,i.title;', NULL, NULL, NULL, NULL, NULL, NULL, NULL, NULL, NULL, '', NULL, 0, NULL, 0, 0, 'normal', '0');
INSERT INTO `wiser_entityproperty`(`module_id`, `entity_name`, `link_type`, `visible_in_overview`, `overview_width`, `tab_name`, `group_name`, `inputtype`, `display_name`, `property_name`, `explanation`, `ordering`, `regex_validation`, `mandatory`, `readonly`, `default_value`, `automation`, `css`, `width`, `height`, `options`, `data_query`, `action_query`, `search_query`, `search_count_query`, `grid_delete_query`, `grid_insert_query`, `grid_update_query`, `depends_on_field`, `depends_on_operator`, `depends_on_value`, `language_code`, `custom_script`, `also_save_seo_value`, `depends_on_action`, `save_on_change`, `extended_explanation`, `label_style`, `label_width`) VALUES (0, 'hoofdstap', 0, 0, 100, 'Templates', 'Hoofdstap', 'HTMLeditor', 'Specifieke hoofdstap template', 'step_template', 'Vul hier een template in voor een hoofdstap als die afwijkt van de standaard zoals gedefinieerd voor deze configurator.', 1, '', 0, 0, NULL, '', NULL, 100, 0, NULL, NULL, NULL, NULL, NULL, NULL, NULL, NULL, 'duplicatelayoutfrom', 'isempty', NULL, '', NULL, 0, 'toggle-visibility', 0, 0, 'normal', '0');
INSERT INTO `wiser_entityproperty`(`module_id`, `entity_name`, `link_type`, `visible_in_overview`, `overview_width`, `tab_name`, `group_name`, `inputtype`, `display_name`, `property_name`, `explanation`, `ordering`, `regex_validation`, `mandatory`, `readonly`, `default_value`, `automation`, `css`, `width`, `height`, `options`, `data_query`, `action_query`, `search_query`, `search_count_query`, `grid_delete_query`, `grid_insert_query`, `grid_update_query`, `depends_on_field`, `depends_on_operator`, `depends_on_value`, `language_code`, `custom_script`, `also_save_seo_value`, `depends_on_action`, `save_on_change`, `extended_explanation`, `label_style`, `label_width`) VALUES (0, 'hoofdstap', 0, 0, 100, 'Templates', 'Hoofdstap', 'HTMLeditor', 'Template per keuze', 'values_template', 'Bepaalt de HTML template van 1 keuze in deze stap. Te gebruiken variabelen zijn alle velden uit de databron, bijvoorbeeld: {kolomnaam}. Ook kan hier gebruikt worden {variablename} als vervanging voor de naam van de variabele in de HTML form fields.', 3, '', 0, 0, NULL, '', NULL, 100, 0, NULL, NULL, NULL, NULL, NULL, NULL, NULL, NULL, 'duplicatelayoutfrom', 'isempty', NULL, '', NULL, 0, 'toggle-visibility', 0, 0, 'normal', '0');
INSERT INTO `wiser_entityproperty`(`module_id`, `entity_name`, `link_type`, `visible_in_overview`, `overview_width`, `tab_name`, `group_name`, `inputtype`, `display_name`, `property_name`, `explanation`, `ordering`, `regex_validation`, `mandatory`, `readonly`, `default_value`, `automation`, `css`, `width`, `height`, `options`, `data_query`, `action_query`, `search_query`, `search_count_query`, `grid_delete_query`, `grid_insert_query`, `grid_update_query`, `depends_on_field`, `depends_on_operator`, `depends_on_value`, `language_code`, `custom_script`, `also_save_seo_value`, `depends_on_action`, `save_on_change`, `extended_explanation`, `label_style`, `label_width`) VALUES (0, 'hoofdstap', 0, 0, 100, 'Vrije inhoud velden', '', 'textbox', 'Vrije inhoud 1', 'free_content1', 'Zet hier vrije inhoud in die gebruikt kan worden in de substep template als {mainstep_free_content1}', 4, '', 0, 0, NULL, '', NULL, 0, 0, NULL, NULL, NULL, NULL, NULL, NULL, NULL, NULL, '\r\n', NULL, NULL, '', NULL, 0, NULL, 0, 0, 'normal', '0');
INSERT INTO `wiser_entityproperty`(`module_id`, `entity_name`, `link_type`, `visible_in_overview`, `overview_width`, `tab_name`, `group_name`, `inputtype`, `display_name`, `property_name`, `explanation`, `ordering`, `regex_validation`, `mandatory`, `readonly`, `default_value`, `automation`, `css`, `width`, `height`, `options`, `data_query`, `action_query`, `search_query`, `search_count_query`, `grid_delete_query`, `grid_insert_query`, `grid_update_query`, `depends_on_field`, `depends_on_operator`, `depends_on_value`, `language_code`, `custom_script`, `also_save_seo_value`, `depends_on_action`, `save_on_change`, `extended_explanation`, `label_style`, `label_width`) VALUES (0, 'hoofdstap', 0, 0, 100, 'Vrije inhoud velden', '', 'textbox', 'Vrije inhoud 2', 'free_content2', 'Zet hier vrije inhoud in die gebruikt kan worden in de substep template als {mainstep_free_content2}', 5, '', 0, 0, NULL, '', NULL, 0, 0, NULL, NULL, NULL, NULL, NULL, NULL, NULL, NULL, '\r\n', NULL, NULL, '', NULL, 0, NULL, 0, 0, 'normal', '0');
INSERT INTO `wiser_entityproperty`(`module_id`, `entity_name`, `link_type`, `visible_in_overview`, `overview_width`, `tab_name`, `group_name`, `inputtype`, `display_name`, `property_name`, `explanation`, `ordering`, `regex_validation`, `mandatory`, `readonly`, `default_value`, `automation`, `css`, `width`, `height`, `options`, `data_query`, `action_query`, `search_query`, `search_count_query`, `grid_delete_query`, `grid_insert_query`, `grid_update_query`, `depends_on_field`, `depends_on_operator`, `depends_on_value`, `language_code`, `custom_script`, `also_save_seo_value`, `depends_on_action`, `save_on_change`, `extended_explanation`, `label_style`, `label_width`) VALUES (0, 'hoofdstap', 0, 0, 100, 'Vrije inhoud velden', '', 'textbox', 'Vrije inhoud 3', 'free_content3', 'Zet hier vrije inhoud in die gebruikt kan worden in de substep template als {mainstep_free_content3}', 6, '', 0, 0, NULL, '', NULL, 0, 0, NULL, NULL, NULL, NULL, NULL, NULL, NULL, NULL, '\r\n', NULL, NULL, '', NULL, 0, NULL, 0, 0, 'normal', '0');
INSERT INTO `wiser_entityproperty`(`module_id`, `entity_name`, `link_type`, `visible_in_overview`, `overview_width`, `tab_name`, `group_name`, `inputtype`, `display_name`, `property_name`, `explanation`, `ordering`, `regex_validation`, `mandatory`, `readonly`, `default_value`, `automation`, `css`, `width`, `height`, `options`, `data_query`, `action_query`, `search_query`, `search_count_query`, `grid_delete_query`, `grid_insert_query`, `grid_update_query`, `depends_on_field`, `depends_on_operator`, `depends_on_value`, `language_code`, `custom_script`, `also_save_seo_value`, `depends_on_action`, `save_on_change`, `extended_explanation`, `label_style`, `label_width`) VALUES (0, 'hoofdstap', 0, 0, 100, 'Vrije inhoud velden', '', 'textbox', 'Vrije inhoud 4', 'free_content4', 'Zet hier vrije inhoud in die gebruikt kan worden in de substep template als {mainstep_free_content4}', 7, '', 0, 0, NULL, '', NULL, 0, 0, NULL, NULL, NULL, NULL, NULL, NULL, NULL, NULL, '\r\n', NULL, NULL, '', NULL, 0, NULL, 0, 0, 'normal', '0');
INSERT INTO `wiser_entityproperty`(`module_id`, `entity_name`, `link_type`, `visible_in_overview`, `overview_width`, `tab_name`, `group_name`, `inputtype`, `display_name`, `property_name`, `explanation`, `ordering`, `regex_validation`, `mandatory`, `readonly`, `default_value`, `automation`, `css`, `width`, `height`, `options`, `data_query`, `action_query`, `search_query`, `search_count_query`, `grid_delete_query`, `grid_insert_query`, `grid_update_query`, `depends_on_field`, `depends_on_operator`, `depends_on_value`, `language_code`, `custom_script`, `also_save_seo_value`, `depends_on_action`, `save_on_change`, `extended_explanation`, `label_style`, `label_width`) VALUES (0, 'hoofdstap', 0, 0, 100, 'Vrije inhoud velden', '', 'textbox', 'Vrije inhoud 5', 'free_content5', 'Zet hier vrije inhoud in die gebruikt kan worden in de substep template als {mainstep_free_content5}', 8, '', 0, 0, NULL, '', NULL, 0, 0, NULL, NULL, NULL, NULL, NULL, NULL, NULL, NULL, '\r\n', NULL, NULL, '', NULL, 0, NULL, 0, 0, 'normal', '0');
INSERT INTO `wiser_entityproperty`(`module_id`, `entity_name`, `link_type`, `visible_in_overview`, `overview_width`, `tab_name`, `group_name`, `inputtype`, `display_name`, `property_name`, `explanation`, `ordering`, `regex_validation`, `mandatory`, `readonly`, `default_value`, `automation`, `css`, `width`, `height`, `options`, `data_query`, `action_query`, `search_query`, `search_count_query`, `grid_delete_query`, `grid_insert_query`, `grid_update_query`, `depends_on_field`, `depends_on_operator`, `depends_on_value`, `language_code`, `custom_script`, `also_save_seo_value`, `depends_on_action`, `save_on_change`, `extended_explanation`, `label_style`, `label_width`) VALUES (0, 'hoofdstap', 0, 0, 100, '', '', 'input', 'Variabelenaam', 'variable_name', 'Geef de naam op van de variabele waarin de gekozen waarde moet worden opgeslagen. Als er geen naam wordt opgegeven wordt standaard de SEO naam gebruikt van het item in de treeview hier links.', 9, '', 0, 0, NULL, '', NULL, 0, 0, NULL, NULL, NULL, NULL, NULL, NULL, NULL, NULL, '\r\n', NULL, NULL, '', NULL, 0, NULL, 0, 0, 'normal', '0');
INSERT INTO `wiser_entityproperty`(`module_id`, `entity_name`, `link_type`, `visible_in_overview`, `overview_width`, `tab_name`, `group_name`, `inputtype`, `display_name`, `property_name`, `explanation`, `ordering`, `regex_validation`, `mandatory`, `readonly`, `default_value`, `automation`, `css`, `width`, `height`, `options`, `data_query`, `action_query`, `search_query`, `search_count_query`, `grid_delete_query`, `grid_insert_query`, `grid_update_query`, `depends_on_field`, `depends_on_operator`, `depends_on_value`, `language_code`, `custom_script`, `also_save_seo_value`, `depends_on_action`, `save_on_change`, `extended_explanation`, `label_style`, `label_width`) VALUES (0, 'hoofdstap', 0, 0, 100, '', '', 'combobox', 'Bron data', 'datasource', 'Waar moeten de items uit deze stap vandaan komen?', 10, '', 0, 0, NULL, '', NULL, 0, 0, '{\r\n    \"dataSource\": [\r\n				{ \"name\": \"SQL query\", \"id\": \"customquery\" }\r\n    ]\r\n}', NULL, NULL, NULL, NULL, NULL, NULL, NULL, '\r\n\r\n', NULL, NULL, '', NULL, 0, NULL, 0, 0, 'normal', '0');
INSERT INTO `wiser_entityproperty`(`module_id`, `entity_name`, `link_type`, `visible_in_overview`, `overview_width`, `tab_name`, `group_name`, `inputtype`, `display_name`, `property_name`, `explanation`, `ordering`, `regex_validation`, `mandatory`, `readonly`, `default_value`, `automation`, `css`, `width`, `height`, `options`, `data_query`, `action_query`, `search_query`, `search_count_query`, `grid_delete_query`, `grid_insert_query`, `grid_update_query`, `depends_on_field`, `depends_on_operator`, `depends_on_value`, `language_code`, `custom_script`, `also_save_seo_value`, `depends_on_action`, `save_on_change`, `extended_explanation`, `label_style`, `label_width`) VALUES (0, 'hoofdstap', 0, 0, 100, 'Queries', '', 'textbox', 'SQL query', 'custom_query', 'De query voor het ophalen van alle beschikbare items in deze substap. Je kunt {connectedid} gebruiken voor het verwerken van een afhankelijkheid.', 11, '', 0, 0, NULL, '', NULL, 100, 0, '{\"type\": \"mysql\"}', NULL, NULL, NULL, NULL, NULL, NULL, NULL, 'datasource', 'eq', 'customquery', '', NULL, 0, NULL, 0, 0, 'normal', '0');
INSERT INTO `wiser_entityproperty`(`module_id`, `entity_name`, `link_type`, `visible_in_overview`, `overview_width`, `tab_name`, `group_name`, `inputtype`, `display_name`, `property_name`, `explanation`, `ordering`, `regex_validation`, `mandatory`, `readonly`, `default_value`, `automation`, `css`, `width`, `height`, `options`, `data_query`, `action_query`, `search_query`, `search_count_query`, `grid_delete_query`, `grid_insert_query`, `grid_update_query`, `depends_on_field`, `depends_on_operator`, `depends_on_value`, `language_code`, `custom_script`, `also_save_seo_value`, `depends_on_action`, `save_on_change`, `extended_explanation`, `label_style`, `label_width`) VALUES (0, 'hoofdstap', 0, 0, 100, '', '', 'textbox', 'Beschikbare artikelen', 'own_data_values', 'Vul hier een entergescheiden lijst in van EAN-nummers, of een query die de EAN-nummers ophaalt.', 12, '', 0, 0, NULL, '', NULL, 0, 0, NULL, NULL, NULL, NULL, NULL, NULL, NULL, NULL, 'datasource', 'eq', 'ownarticles', '', NULL, 0, NULL, 0, 0, 'normal', '0');
INSERT INTO `wiser_entityproperty`(`module_id`, `entity_name`, `link_type`, `visible_in_overview`, `overview_width`, `tab_name`, `group_name`, `inputtype`, `display_name`, `property_name`, `explanation`, `ordering`, `regex_validation`, `mandatory`, `readonly`, `default_value`, `automation`, `css`, `width`, `height`, `options`, `data_query`, `action_query`, `search_query`, `search_count_query`, `grid_delete_query`, `grid_insert_query`, `grid_update_query`, `depends_on_field`, `depends_on_operator`, `depends_on_value`, `language_code`, `custom_script`, `also_save_seo_value`, `depends_on_action`, `save_on_change`, `extended_explanation`, `label_style`, `label_width`) VALUES (0, 'hoofdstap', 0, 0, 100, '', '', 'textbox', 'Beschikbare keuzes', 'fixed_valuelist', 'Geef entergescheiden de keuzes in die beschikbaar zijn. Dit mag ook een puntkomma-separated lijst zijn. Waarbij vervolgens in de template verwezen kan worden naar {valuelist_1} voor de eerste kolom, etc.', 13, '', 0, 0, NULL, '', NULL, 0, 0, NULL, NULL, NULL, NULL, NULL, NULL, NULL, NULL, 'datasource', 'eq', 'fixedvalues', '', NULL, 0, NULL, 0, 0, 'normal', '0');
INSERT INTO `wiser_entityproperty`(`module_id`, `entity_name`, `link_type`, `visible_in_overview`, `overview_width`, `tab_name`, `group_name`, `inputtype`, `display_name`, `property_name`, `explanation`, `ordering`, `regex_validation`, `mandatory`, `readonly`, `default_value`, `automation`, `css`, `width`, `height`, `options`, `data_query`, `action_query`, `search_query`, `search_count_query`, `grid_delete_query`, `grid_insert_query`, `grid_update_query`, `depends_on_field`, `depends_on_operator`, `depends_on_value`, `language_code`, `custom_script`, `also_save_seo_value`, `depends_on_action`, `save_on_change`, `extended_explanation`, `label_style`, `label_width`) VALUES (0, 'hoofdstap', 0, 0, 100, '', '', 'input', 'Koppeltype', 'datasource_connectedtype', 'Het koppeltype bij gekoppelde producten (alleen die van het juiste koppeltype worden opgehaald). Als deze leeg is worden alle gekoppelde producten opgehaald.', 14, '', 0, 0, NULL, '', NULL, 0, 0, NULL, NULL, NULL, NULL, NULL, NULL, NULL, NULL, 'datasource', 'eq', 'connectedproductsoncategory,connectedproductsonproduct', '', NULL, 0, NULL, 0, 0, 'normal', '0');
INSERT INTO `wiser_entityproperty`(`module_id`, `entity_name`, `link_type`, `visible_in_overview`, `overview_width`, `tab_name`, `group_name`, `inputtype`, `display_name`, `property_name`, `explanation`, `ordering`, `regex_validation`, `mandatory`, `readonly`, `default_value`, `automation`, `css`, `width`, `height`, `options`, `data_query`, `action_query`, `search_query`, `search_count_query`, `grid_delete_query`, `grid_insert_query`, `grid_update_query`, `depends_on_field`, `depends_on_operator`, `depends_on_value`, `language_code`, `custom_script`, `also_save_seo_value`, `depends_on_action`, `save_on_change`, `extended_explanation`, `label_style`, `label_width`) VALUES (0, 'hoofdstap', 0, 0, 100, '', '', 'input', 'Gekoppeld aan', 'datasource_connectedid', 'Voer n of meerdere (gescheiden door puntkomma) variabelen in waaraan de (hoofd/sub)stap gekoppeld is.', 15, '', 0, 0, NULL, '', NULL, 0, 0, NULL, '#verkrijg (seoname of variabelename) van stappen\r\n#SELECT \'\' AS id,\'niet dupliceren\' AS name\r\n#	\r\n#UNION \r\n#\r\n#SELECT IFNULL(IFNULL(variable_name.`value`,name_seo.`value`),\'onbekend\') AS id,CONCAT(ipp.title,\' - \',ip.title,\' - \',i.title) AS name\r\n#FROM wiser_item i\r\n#JOIN wiser_itemlink ilp ON il.item_id=i.id AND ilp.type=1\r\n#JOIN wiser_item ip ON ip.id=ilp.destination_item_id\r\n#JOIN wiser_itemlink ilpp ON ilp.item_id=ip.id AND ilpp.type=1\r\n#JOIN wiser_item ipp ON ipp.id=ilpp.destination_item_id\r\n#LEFT JOIN wiser_itemdetail variable_name ON variable_name.item_id=i.id AND variable_name.`key`=\'variable_name\'\r\n#LEFT JOIN wiser_itemdetail name_seo ON name_seo.item_id=i.id AND name_seo.`key`=\'name_seo\'\r\n#WHERE i.entity_type=\'stap\' AND i.id<>{itemId}\r\n#HAVING id<>\'onbekend\'\r\n#ORDER BY ipp.title,ip.title,i.title;', NULL, NULL, NULL, NULL, NULL, NULL, NULL, NULL, NULL, '', NULL, 0, NULL, 0, 0, 'normal', '0');
INSERT INTO `wiser_entityproperty`(`module_id`, `entity_name`, `link_type`, `visible_in_overview`, `overview_width`, `tab_name`, `group_name`, `inputtype`, `display_name`, `property_name`, `explanation`, `ordering`, `regex_validation`, `mandatory`, `readonly`, `default_value`, `automation`, `css`, `width`, `height`, `options`, `data_query`, `action_query`, `search_query`, `search_count_query`, `grid_delete_query`, `grid_insert_query`, `grid_update_query`, `depends_on_field`, `depends_on_operator`, `depends_on_value`, `language_code`, `custom_script`, `also_save_seo_value`, `depends_on_action`, `save_on_change`, `extended_explanation`, `label_style`, `label_width`) VALUES (0, 'hoofdstap', 0, 0, 100, '', '', 'input', 'Gekozen waarde', 'check_connectedid', 'Geef de waarde op die van toepassing moet zijn om deze vaste lijst te tonen', 16, '', 0, 0, NULL, '', NULL, 0, 0, NULL, NULL, NULL, NULL, NULL, NULL, NULL, NULL, 'datasource', 'eq', 'fixedvalues', '', NULL, 0, NULL, 0, 0, 'normal', '0');
INSERT INTO `wiser_entityproperty`(`module_id`, `entity_name`, `link_type`, `visible_in_overview`, `overview_width`, `tab_name`, `group_name`, `inputtype`, `display_name`, `property_name`, `explanation`, `ordering`, `regex_validation`, `mandatory`, `readonly`, `default_value`, `automation`, `css`, `width`, `height`, `options`, `data_query`, `action_query`, `search_query`, `search_count_query`, `grid_delete_query`, `grid_insert_query`, `grid_update_query`, `depends_on_field`, `depends_on_operator`, `depends_on_value`, `language_code`, `custom_script`, `also_save_seo_value`, `depends_on_action`, `save_on_change`, `extended_explanation`, `label_style`, `label_width`) VALUES (0, 'hoofdstap', 0, 0, 100, '', '', 'input', 'Minimale waarde', 'min_value', 'Geef een eventuele minimale waarde op', 17, '', 0, 0, NULL, '', NULL, 0, 0, NULL, NULL, NULL, NULL, NULL, NULL, NULL, NULL, NULL, NULL, NULL, '', NULL, 0, NULL, 0, 0, 'normal', '0');
INSERT INTO `wiser_entityproperty`(`module_id`, `entity_name`, `link_type`, `visible_in_overview`, `overview_width`, `tab_name`, `group_name`, `inputtype`, `display_name`, `property_name`, `explanation`, `ordering`, `regex_validation`, `mandatory`, `readonly`, `default_value`, `automation`, `css`, `width`, `height`, `options`, `data_query`, `action_query`, `search_query`, `search_count_query`, `grid_delete_query`, `grid_insert_query`, `grid_update_query`, `depends_on_field`, `depends_on_operator`, `depends_on_value`, `language_code`, `custom_script`, `also_save_seo_value`, `depends_on_action`, `save_on_change`, `extended_explanation`, `label_style`, `label_width`) VALUES (0, 'hoofdstap', 0, 0, 100, '', '', 'input', 'Maximale waarde', 'max_value', 'Geef een eventuele maximale waarde op', 18, '', 0, 0, NULL, '', NULL, 0, 0, NULL, NULL, NULL, NULL, NULL, NULL, NULL, NULL, NULL, NULL, NULL, '', NULL, 0, NULL, 0, 0, 'normal', '0');
INSERT INTO `wiser_entityproperty`(`module_id`, `entity_name`, `link_type`, `visible_in_overview`, `overview_width`, `tab_name`, `group_name`, `inputtype`, `display_name`, `property_name`, `explanation`, `ordering`, `regex_validation`, `mandatory`, `readonly`, `default_value`, `automation`, `css`, `width`, `height`, `options`, `data_query`, `action_query`, `search_query`, `search_count_query`, `grid_delete_query`, `grid_insert_query`, `grid_update_query`, `depends_on_field`, `depends_on_operator`, `depends_on_value`, `language_code`, `custom_script`, `also_save_seo_value`, `depends_on_action`, `save_on_change`, `extended_explanation`, `label_style`, `label_width`) VALUES (0, 'hoofdstap', 0, 0, 100, '', '', 'combobox', 'Verplichte of optioneel', 'isrequired', '', 20, '', 0, 0, 'true', '', NULL, 0, 0, '{\r\n    \"dataSource\": [\r\n        { \"name\": \"keuze is verplicht\", \"id\": \"true\" },\r\n				{ \"name\": \"keuze is optioneel\", \"id\": \"false\" }\r\n    ]\r\n}\r\n', NULL, NULL, NULL, NULL, NULL, NULL, NULL, '\r\n\r\n', NULL, NULL, '', NULL, 0, NULL, 0, 0, 'normal', '0');
INSERT INTO `wiser_entityproperty`(`module_id`, `entity_name`, `link_type`, `visible_in_overview`, `overview_width`, `tab_name`, `group_name`, `inputtype`, `display_name`, `property_name`, `explanation`, `ordering`, `regex_validation`, `mandatory`, `readonly`, `default_value`, `automation`, `css`, `width`, `height`, `options`, `data_query`, `action_query`, `search_query`, `search_count_query`, `grid_delete_query`, `grid_insert_query`, `grid_update_query`, `depends_on_field`, `depends_on_operator`, `depends_on_value`, `language_code`, `custom_script`, `also_save_seo_value`, `depends_on_action`, `save_on_change`, `extended_explanation`, `label_style`, `label_width`) VALUES (0, 'hoofdstap', 0, 0, 100, '', '', 'input', 'URL regex', 'urlregex', 'De URL van de configurator moet voldoen aan deze regex check om deze stap te tonen. Deze regex kan eenvoudig zijn, bijvoorbeeld \'\\.nl\' controleert al op de exacte string \'.nl\'.\r\n\r\nLet op: er kan maar 1 regex van toepassing zijn! Als deze op een hoger niveau (bijvoorbeeld hoofdstap) dan kan deze niet meer op een lager niveau (stap) worden gebruikt.', 20, '', 0, 0, NULL, '', NULL, 0, 0, NULL, NULL, NULL, NULL, NULL, NULL, NULL, NULL, NULL, NULL, NULL, '', NULL, 0, NULL, 0, 0, 'normal', '0');
INSERT INTO `wiser_entityproperty`(`module_id`, `entity_name`, `link_type`, `visible_in_overview`, `overview_width`, `tab_name`, `group_name`, `inputtype`, `display_name`, `property_name`, `explanation`, `ordering`, `regex_validation`, `mandatory`, `readonly`, `default_value`, `automation`, `css`, `width`, `height`, `options`, `data_query`, `action_query`, `search_query`, `search_count_query`, `grid_delete_query`, `grid_insert_query`, `grid_update_query`, `depends_on_field`, `depends_on_operator`, `depends_on_value`, `language_code`, `custom_script`, `also_save_seo_value`, `depends_on_action`, `save_on_change`, `extended_explanation`, `label_style`, `label_width`) VALUES (0, 'stap', 0, 0, 100, '', '', 'combobox', 'Kopieer lay-out templates', 'duplicatelayoutfrom', 'Kopieer templates van een andere stap (eventueel uit een andere configurator)', 1, '', 0, 0, NULL, '', NULL, 0, 0, NULL, '#verkrijg overige stappen\r\nSELECT i.id,CONCAT(ipp.title,\' - \',ip.title,\' - \',i.title) AS name\r\nFROM wiser_item i\r\nJOIN wiser_itemlink ilp ON ilp.item_id=i.id AND ilp.type=1\r\nJOIN wiser_item ip ON ip.id=ilp.destination_item_id AND ip.published_environment>=4 AND ip.entity_type=\'hoofdstap\'\r\nJOIN wiser_itemlink ilpp ON ilpp.item_id=ip.id AND ilpp.type=1\r\nJOIN wiser_item ipp ON ipp.id=ilpp.destination_item_id AND ipp.published_environment>=4 AND ipp.entity_type=\'configurator\'\r\nWHERE i.entity_type=\'stap\' AND i.published_environment>=4 AND i.id<>{itemId}\r\nORDER BY ipp.title,ip.title,i.title;', NULL, NULL, NULL, NULL, NULL, NULL, NULL, NULL, NULL, '', NULL, 0, NULL, 0, 0, 'normal', '0');
INSERT INTO `wiser_entityproperty`(`module_id`, `entity_name`, `link_type`, `visible_in_overview`, `overview_width`, `tab_name`, `group_name`, `inputtype`, `display_name`, `property_name`, `explanation`, `ordering`, `regex_validation`, `mandatory`, `readonly`, `default_value`, `automation`, `css`, `width`, `height`, `options`, `data_query`, `action_query`, `search_query`, `search_count_query`, `grid_delete_query`, `grid_insert_query`, `grid_update_query`, `depends_on_field`, `depends_on_operator`, `depends_on_value`, `language_code`, `custom_script`, `also_save_seo_value`, `depends_on_action`, `save_on_change`, `extended_explanation`, `label_style`, `label_width`) VALUES (0, 'stap', 0, 0, 100, 'Templates', 'Standaard stap', 'HTMLeditor', 'Specifieke stap template', 'step_template', 'Bepaald de template van deze substap. Beschikbare variabalen: {datasource_values} {stepname} en {substeps}', 1, '', 0, 0, 'Maak uw keuze:<br/>\n{datasource_values}<br/>\nOf vul zelf een waarde in', '', NULL, 100, 0, NULL, NULL, NULL, NULL, NULL, NULL, NULL, NULL, 'duplicatelayoutfrom', 'isempty', NULL, '', NULL, 0, 'toggle-visibility', 0, 0, 'normal', '0');
INSERT INTO `wiser_entityproperty`(`module_id`, `entity_name`, `link_type`, `visible_in_overview`, `overview_width`, `tab_name`, `group_name`, `inputtype`, `display_name`, `property_name`, `explanation`, `ordering`, `regex_validation`, `mandatory`, `readonly`, `default_value`, `automation`, `css`, `width`, `height`, `options`, `data_query`, `action_query`, `search_query`, `search_count_query`, `grid_delete_query`, `grid_insert_query`, `grid_update_query`, `depends_on_field`, `depends_on_operator`, `depends_on_value`, `language_code`, `custom_script`, `also_save_seo_value`, `depends_on_action`, `save_on_change`, `extended_explanation`, `label_style`, `label_width`) VALUES (0, 'stap', 0, 0, 100, 'Templates', 'Standaard stap', 'HTMLeditor', 'Template per keuze', 'values_template', 'Bepaalt de HTML template van 1 keuze in deze stap. Te gebruiken variabelen zijn alle velden uit de databron, bijvoorbeeld: {kolomnaam}. Ook kan hier gebruikt worden {variablename} als vervanging voor de naam van de variabele in de HTML form fields.', 3, '', 0, 0, NULL, '', NULL, 100, 0, NULL, NULL, NULL, NULL, NULL, NULL, NULL, NULL, 'duplicatelayoutfrom', 'isempty', NULL, '', NULL, 0, 'toggle-visibility', 0, 0, 'normal', '0');
INSERT INTO `wiser_entityproperty`(`module_id`, `entity_name`, `link_type`, `visible_in_overview`, `overview_width`, `tab_name`, `group_name`, `inputtype`, `display_name`, `property_name`, `explanation`, `ordering`, `regex_validation`, `mandatory`, `readonly`, `default_value`, `automation`, `css`, `width`, `height`, `options`, `data_query`, `action_query`, `search_query`, `search_count_query`, `grid_delete_query`, `grid_insert_query`, `grid_update_query`, `depends_on_field`, `depends_on_operator`, `depends_on_value`, `language_code`, `custom_script`, `also_save_seo_value`, `depends_on_action`, `save_on_change`, `extended_explanation`, `label_style`, `label_width`) VALUES (0, 'stap', 0, 0, 100, 'Vrije inhoud velden', '', 'textbox', 'Vrije inhoud 1', 'free_content1', 'Zet hier vrije inhoud in die gebruikt kan worden in de substep template als {step_free_content1}', 4, '', 0, 0, NULL, '', NULL, 0, 0, NULL, NULL, NULL, NULL, NULL, NULL, NULL, NULL, '\r\n', NULL, NULL, '', NULL, 0, NULL, 0, 0, 'normal', '0');
INSERT INTO `wiser_entityproperty`(`module_id`, `entity_name`, `link_type`, `visible_in_overview`, `overview_width`, `tab_name`, `group_name`, `inputtype`, `display_name`, `property_name`, `explanation`, `ordering`, `regex_validation`, `mandatory`, `readonly`, `default_value`, `automation`, `css`, `width`, `height`, `options`, `data_query`, `action_query`, `search_query`, `search_count_query`, `grid_delete_query`, `grid_insert_query`, `grid_update_query`, `depends_on_field`, `depends_on_operator`, `depends_on_value`, `language_code`, `custom_script`, `also_save_seo_value`, `depends_on_action`, `save_on_change`, `extended_explanation`, `label_style`, `label_width`) VALUES (0, 'stap', 0, 0, 100, 'Vrije inhoud velden', '', 'textbox', 'Vrije inhoud 2', 'free_content2', 'Zet hier vrije inhoud in die gebruikt kan worden in de substep template als {step_free_content2}', 5, '', 0, 0, NULL, '', NULL, 0, 0, NULL, NULL, NULL, NULL, NULL, NULL, NULL, NULL, '\r\n', NULL, NULL, '', NULL, 0, NULL, 0, 0, 'normal', '0');
INSERT INTO `wiser_entityproperty`(`module_id`, `entity_name`, `link_type`, `visible_in_overview`, `overview_width`, `tab_name`, `group_name`, `inputtype`, `display_name`, `property_name`, `explanation`, `ordering`, `regex_validation`, `mandatory`, `readonly`, `default_value`, `automation`, `css`, `width`, `height`, `options`, `data_query`, `action_query`, `search_query`, `search_count_query`, `grid_delete_query`, `grid_insert_query`, `grid_update_query`, `depends_on_field`, `depends_on_operator`, `depends_on_value`, `language_code`, `custom_script`, `also_save_seo_value`, `depends_on_action`, `save_on_change`, `extended_explanation`, `label_style`, `label_width`) VALUES (0, 'stap', 0, 0, 100, 'Vrije inhoud velden', '', 'textbox', 'Vrije inhoud 3', 'free_content3', 'Zet hier vrije inhoud in die gebruikt kan worden in de substep template als {step_free_content3}', 6, '', 0, 0, NULL, '', NULL, 0, 0, NULL, NULL, NULL, NULL, NULL, NULL, NULL, NULL, '\r\n', NULL, NULL, '', NULL, 0, NULL, 0, 0, 'normal', '0');
INSERT INTO `wiser_entityproperty`(`module_id`, `entity_name`, `link_type`, `visible_in_overview`, `overview_width`, `tab_name`, `group_name`, `inputtype`, `display_name`, `property_name`, `explanation`, `ordering`, `regex_validation`, `mandatory`, `readonly`, `default_value`, `automation`, `css`, `width`, `height`, `options`, `data_query`, `action_query`, `search_query`, `search_count_query`, `grid_delete_query`, `grid_insert_query`, `grid_update_query`, `depends_on_field`, `depends_on_operator`, `depends_on_value`, `language_code`, `custom_script`, `also_save_seo_value`, `depends_on_action`, `save_on_change`, `extended_explanation`, `label_style`, `label_width`) VALUES (0, 'stap', 0, 0, 100, 'Vrije inhoud velden', '', 'textbox', 'Vrije inhoud 4', 'free_content4', 'Zet hier vrije inhoud in die gebruikt kan worden in de substep template als {step_free_content4}', 7, '', 0, 0, NULL, '', NULL, 0, 0, NULL, NULL, NULL, NULL, NULL, NULL, NULL, NULL, '\r\n', NULL, NULL, '', NULL, 0, NULL, 0, 0, 'normal', '0');
INSERT INTO `wiser_entityproperty`(`module_id`, `entity_name`, `link_type`, `visible_in_overview`, `overview_width`, `tab_name`, `group_name`, `inputtype`, `display_name`, `property_name`, `explanation`, `ordering`, `regex_validation`, `mandatory`, `readonly`, `default_value`, `automation`, `css`, `width`, `height`, `options`, `data_query`, `action_query`, `search_query`, `search_count_query`, `grid_delete_query`, `grid_insert_query`, `grid_update_query`, `depends_on_field`, `depends_on_operator`, `depends_on_value`, `language_code`, `custom_script`, `also_save_seo_value`, `depends_on_action`, `save_on_change`, `extended_explanation`, `label_style`, `label_width`) VALUES (0, 'stap', 0, 0, 100, 'Vrije inhoud velden', '', 'textbox', 'Vrije inhoud 5', 'free_content5', 'Zet hier vrije inhoud in die gebruikt kan worden in de substep template als {step_free_content5}', 8, '', 0, 0, NULL, '', NULL, 0, 0, NULL, NULL, NULL, NULL, NULL, NULL, NULL, NULL, '\r\n', NULL, NULL, '', NULL, 0, NULL, 0, 0, 'normal', '0');
INSERT INTO `wiser_entityproperty`(`module_id`, `entity_name`, `link_type`, `visible_in_overview`, `overview_width`, `tab_name`, `group_name`, `inputtype`, `display_name`, `property_name`, `explanation`, `ordering`, `regex_validation`, `mandatory`, `readonly`, `default_value`, `automation`, `css`, `width`, `height`, `options`, `data_query`, `action_query`, `search_query`, `search_count_query`, `grid_delete_query`, `grid_insert_query`, `grid_update_query`, `depends_on_field`, `depends_on_operator`, `depends_on_value`, `language_code`, `custom_script`, `also_save_seo_value`, `depends_on_action`, `save_on_change`, `extended_explanation`, `label_style`, `label_width`) VALUES (0, 'stap', 0, 0, 100, '', '', 'input', 'Variabelenaam', 'variable_name', 'Geef de naam op van de variabele waarin de gekozen waarde moet worden opgeslagen. Als er geen naam wordt opgegeven wordt standaard de SEO naam gebruikt van het item in de treeview hier links.', 9, '', 0, 0, NULL, '', NULL, 0, 0, NULL, NULL, NULL, NULL, NULL, NULL, NULL, NULL, '\r\n', NULL, NULL, '', NULL, 0, NULL, 0, 0, 'normal', '0');
INSERT INTO `wiser_entityproperty`(`module_id`, `entity_name`, `link_type`, `visible_in_overview`, `overview_width`, `tab_name`, `group_name`, `inputtype`, `display_name`, `property_name`, `explanation`, `ordering`, `regex_validation`, `mandatory`, `readonly`, `default_value`, `automation`, `css`, `width`, `height`, `options`, `data_query`, `action_query`, `search_query`, `search_count_query`, `grid_delete_query`, `grid_insert_query`, `grid_update_query`, `depends_on_field`, `depends_on_operator`, `depends_on_value`, `language_code`, `custom_script`, `also_save_seo_value`, `depends_on_action`, `save_on_change`, `extended_explanation`, `label_style`, `label_width`) VALUES (0, 'stap', 0, 0, 100, '', '', 'combobox', 'Bron data', 'datasource', 'Waar moeten de items uit deze stap vandaan komen?', 10, '', 0, 0, NULL, '', NULL, 0, 0, '{\r\n    \"dataSource\": [\r\n				{ \"name\": \"SQL query\", \"id\": \"customquery\" }\r\n    ]\r\n}', NULL, NULL, NULL, NULL, NULL, NULL, NULL, '\r\n\r\n', NULL, NULL, '', NULL, 0, NULL, 0, 0, 'normal', '0');
INSERT INTO `wiser_entityproperty`(`module_id`, `entity_name`, `link_type`, `visible_in_overview`, `overview_width`, `tab_name`, `group_name`, `inputtype`, `display_name`, `property_name`, `explanation`, `ordering`, `regex_validation`, `mandatory`, `readonly`, `default_value`, `automation`, `css`, `width`, `height`, `options`, `data_query`, `action_query`, `search_query`, `search_count_query`, `grid_delete_query`, `grid_insert_query`, `grid_update_query`, `depends_on_field`, `depends_on_operator`, `depends_on_value`, `language_code`, `custom_script`, `also_save_seo_value`, `depends_on_action`, `save_on_change`, `extended_explanation`, `label_style`, `label_width`) VALUES (0, 'stap', 0, 0, 100, 'Queries', '', 'textbox', 'SQL query', 'custom_query', 'De query voor het ophalen van alle beschikbare items in deze substap. Je kunt {connectedid} gebruiken voor het verwerken van een afhankelijkheid.', 11, '', 0, 0, NULL, '', NULL, 100, 0, '{\"type\": \"mysql\"}', NULL, NULL, NULL, NULL, NULL, NULL, NULL, 'datasource', 'eq', 'customquery', '', NULL, 0, NULL, 0, 0, 'normal', '0');
INSERT INTO `wiser_entityproperty`(`module_id`, `entity_name`, `link_type`, `visible_in_overview`, `overview_width`, `tab_name`, `group_name`, `inputtype`, `display_name`, `property_name`, `explanation`, `ordering`, `regex_validation`, `mandatory`, `readonly`, `default_value`, `automation`, `css`, `width`, `height`, `options`, `data_query`, `action_query`, `search_query`, `search_count_query`, `grid_delete_query`, `grid_insert_query`, `grid_update_query`, `depends_on_field`, `depends_on_operator`, `depends_on_value`, `language_code`, `custom_script`, `also_save_seo_value`, `depends_on_action`, `save_on_change`, `extended_explanation`, `label_style`, `label_width`) VALUES (0, 'stap', 0, 0, 100, '', '', 'textbox', 'Beschikbare artikelen', 'own_data_values', 'Vul hier een entergescheiden lijst in van EAN-nummers, of een query die de EAN-nummers ophaalt.', 12, '', 0, 0, NULL, '', NULL, 0, 0, NULL, NULL, NULL, NULL, NULL, NULL, NULL, NULL, 'datasource', 'eq', 'ownarticles', '', NULL, 0, NULL, 0, 0, 'normal', '0');
INSERT INTO `wiser_entityproperty`(`module_id`, `entity_name`, `link_type`, `visible_in_overview`, `overview_width`, `tab_name`, `group_name`, `inputtype`, `display_name`, `property_name`, `explanation`, `ordering`, `regex_validation`, `mandatory`, `readonly`, `default_value`, `automation`, `css`, `width`, `height`, `options`, `data_query`, `action_query`, `search_query`, `search_count_query`, `grid_delete_query`, `grid_insert_query`, `grid_update_query`, `depends_on_field`, `depends_on_operator`, `depends_on_value`, `language_code`, `custom_script`, `also_save_seo_value`, `depends_on_action`, `save_on_change`, `extended_explanation`, `label_style`, `label_width`) VALUES (0, 'stap', 0, 0, 100, '', '', 'textbox', 'Beschikbare keuzes', 'fixed_valuelist', 'Geef entergescheiden de keuzes in die beschikbaar zijn. Dit mag ook een puntkomma-separated lijst zijn. Waarbij vervolgens in de template verwezen kan worden naar {valuelist_1} voor de eerste kolom, etc.', 13, '', 0, 0, NULL, '', NULL, 0, 0, NULL, NULL, NULL, NULL, NULL, NULL, NULL, NULL, 'datasource', 'eq', 'fixedvalues', '', NULL, 0, NULL, 0, 0, 'normal', '0');
INSERT INTO `wiser_entityproperty`(`module_id`, `entity_name`, `link_type`, `visible_in_overview`, `overview_width`, `tab_name`, `group_name`, `inputtype`, `display_name`, `property_name`, `explanation`, `ordering`, `regex_validation`, `mandatory`, `readonly`, `default_value`, `automation`, `css`, `width`, `height`, `options`, `data_query`, `action_query`, `search_query`, `search_count_query`, `grid_delete_query`, `grid_insert_query`, `grid_update_query`, `depends_on_field`, `depends_on_operator`, `depends_on_value`, `language_code`, `custom_script`, `also_save_seo_value`, `depends_on_action`, `save_on_change`, `extended_explanation`, `label_style`, `label_width`) VALUES (0, 'stap', 0, 0, 100, '', '', 'input', 'Koppeltype', 'datasource_connectedtype', 'Het koppeltype bij gekoppelde producten (alleen die van het juiste koppeltype worden opgehaald). Als deze leeg is worden alle gekoppelde producten opgehaald.', 14, '', 0, 0, NULL, '', NULL, 0, 0, NULL, NULL, NULL, NULL, NULL, NULL, NULL, NULL, 'datasource', 'eq', 'connectedproductsoncategory,connectedproductsonproduct', '', NULL, 0, NULL, 0, 0, 'normal', '0');
INSERT INTO `wiser_entityproperty`(`module_id`, `entity_name`, `link_type`, `visible_in_overview`, `overview_width`, `tab_name`, `group_name`, `inputtype`, `display_name`, `property_name`, `explanation`, `ordering`, `regex_validation`, `mandatory`, `readonly`, `default_value`, `automation`, `css`, `width`, `height`, `options`, `data_query`, `action_query`, `search_query`, `search_count_query`, `grid_delete_query`, `grid_insert_query`, `grid_update_query`, `depends_on_field`, `depends_on_operator`, `depends_on_value`, `language_code`, `custom_script`, `also_save_seo_value`, `depends_on_action`, `save_on_change`, `extended_explanation`, `label_style`, `label_width`) VALUES (0, 'stap', 0, 0, 100, '', '', 'input', 'Gekoppeld aan', 'datasource_connectedid', 'Voer n of meerdere (gescheiden door puntkomma) variabelen in waaraan de (hoofd/sub)stap gekoppeld is.', 15, '', 0, 0, NULL, '', NULL, 0, 0, NULL, '#verkrijg (seoname of variabelename) van stappen\r\n#SELECT \'\' AS id,\'niet dupliceren\' AS name\r\n#	\r\n#UNION \r\n#\r\n#SELECT IFNULL(IFNULL(variable_name.`value`,name_seo.`value`),\'onbekend\') AS id,CONCAT(ipp.title,\' - \',ip.title,\' - \',i.title) AS name\r\n#FROM wiser_item i\r\n#JOIN wiser_itemlink ilp ON il.item_id=i.id AND ilp.type=1\r\n#JOIN wiser_item ip ON ip.id=ilp.destination_item_id\r\n#JOIN wiser_itemlink ilpp ON ilp.item_id=ip.id AND ilpp.type=1\r\n#JOIN wiser_item ipp ON ipp.id=ilpp.destination_item_id\r\n#LEFT JOIN wiser_itemdetail variable_name ON variable_name.item_id=i.id AND variable_name.`key`=\'variable_name\'\r\n#LEFT JOIN wiser_itemdetail name_seo ON name_seo.item_id=i.id AND name_seo.`key`=\'name_seo\'\r\n#WHERE i.entity_type=\'stap\' AND i.id<>{itemId}\r\n#HAVING id<>\'onbekend\'\r\n#ORDER BY ipp.title,ip.title,i.title;', NULL, NULL, NULL, NULL, NULL, NULL, NULL, NULL, NULL, '', NULL, 0, NULL, 0, 0, 'normal', '0');
INSERT INTO `wiser_entityproperty`(`module_id`, `entity_name`, `link_type`, `visible_in_overview`, `overview_width`, `tab_name`, `group_name`, `inputtype`, `display_name`, `property_name`, `explanation`, `ordering`, `regex_validation`, `mandatory`, `readonly`, `default_value`, `automation`, `css`, `width`, `height`, `options`, `data_query`, `action_query`, `search_query`, `search_count_query`, `grid_delete_query`, `grid_insert_query`, `grid_update_query`, `depends_on_field`, `depends_on_operator`, `depends_on_value`, `language_code`, `custom_script`, `also_save_seo_value`, `depends_on_action`, `save_on_change`, `extended_explanation`, `label_style`, `label_width`) VALUES (0, 'stap', 0, 0, 100, '', '', 'input', 'Gekozen waarde', 'check_connectedid', 'Geef de waarde op die van toepassing moet zijn om deze vaste lijst te tonen', 16, '', 0, 0, NULL, '', NULL, 0, 0, NULL, NULL, NULL, NULL, NULL, NULL, NULL, NULL, 'datasource', 'eq', 'fixedvalues', '', NULL, 0, NULL, 0, 0, 'normal', '0');
INSERT INTO `wiser_entityproperty`(`module_id`, `entity_name`, `link_type`, `visible_in_overview`, `overview_width`, `tab_name`, `group_name`, `inputtype`, `display_name`, `property_name`, `explanation`, `ordering`, `regex_validation`, `mandatory`, `readonly`, `default_value`, `automation`, `css`, `width`, `height`, `options`, `data_query`, `action_query`, `search_query`, `search_count_query`, `grid_delete_query`, `grid_insert_query`, `grid_update_query`, `depends_on_field`, `depends_on_operator`, `depends_on_value`, `language_code`, `custom_script`, `also_save_seo_value`, `depends_on_action`, `save_on_change`, `extended_explanation`, `label_style`, `label_width`) VALUES (0, 'stap', 0, 0, 100, '', '', 'input', 'Minimale waarde', 'min_value', 'Geef een eventuele minimale waarde op', 17, '', 0, 0, NULL, '', NULL, 0, 0, NULL, NULL, NULL, NULL, NULL, NULL, NULL, NULL, NULL, NULL, NULL, '', NULL, 0, NULL, 0, 0, 'normal', '0');
INSERT INTO `wiser_entityproperty`(`module_id`, `entity_name`, `link_type`, `visible_in_overview`, `overview_width`, `tab_name`, `group_name`, `inputtype`, `display_name`, `property_name`, `explanation`, `ordering`, `regex_validation`, `mandatory`, `readonly`, `default_value`, `automation`, `css`, `width`, `height`, `options`, `data_query`, `action_query`, `search_query`, `search_count_query`, `grid_delete_query`, `grid_insert_query`, `grid_update_query`, `depends_on_field`, `depends_on_operator`, `depends_on_value`, `language_code`, `custom_script`, `also_save_seo_value`, `depends_on_action`, `save_on_change`, `extended_explanation`, `label_style`, `label_width`) VALUES (0, 'stap', 0, 0, 100, '', '', 'input', 'Maximale waarde', 'max_value', 'Geef een eventuele maximale waarde op', 18, '', 0, 0, NULL, '', NULL, 0, 0, NULL, NULL, NULL, NULL, NULL, NULL, NULL, NULL, NULL, NULL, NULL, '', NULL, 0, NULL, 0, 0, 'normal', '0');
INSERT INTO `wiser_entityproperty`(`module_id`, `entity_name`, `link_type`, `visible_in_overview`, `overview_width`, `tab_name`, `group_name`, `inputtype`, `display_name`, `property_name`, `explanation`, `ordering`, `regex_validation`, `mandatory`, `readonly`, `default_value`, `automation`, `css`, `width`, `height`, `options`, `data_query`, `action_query`, `search_query`, `search_count_query`, `grid_delete_query`, `grid_insert_query`, `grid_update_query`, `depends_on_field`, `depends_on_operator`, `depends_on_value`, `language_code`, `custom_script`, `also_save_seo_value`, `depends_on_action`, `save_on_change`, `extended_explanation`, `label_style`, `label_width`) VALUES (0, 'stap', 0, 0, 100, '', '', 'combobox', 'Verplichte of optioneel', 'isrequired', '', 19, '', 0, 0, 'true', '', NULL, 0, 0, '{\r\n    \"dataSource\": [\r\n        { \"name\": \"keuze is verplicht\", \"id\": \"true\" },\r\n				{ \"name\": \"keuze is optioneel\", \"id\": \"false\" }\r\n    ]\r\n}\r\n', NULL, NULL, NULL, NULL, NULL, NULL, NULL, '\r\n\r\n', NULL, NULL, '', NULL, 0, NULL, 0, 0, 'normal', '0');
INSERT INTO `wiser_entityproperty`(`module_id`, `entity_name`, `link_type`, `visible_in_overview`, `overview_width`, `tab_name`, `group_name`, `inputtype`, `display_name`, `property_name`, `explanation`, `ordering`, `regex_validation`, `mandatory`, `readonly`, `default_value`, `automation`, `css`, `width`, `height`, `options`, `data_query`, `action_query`, `search_query`, `search_count_query`, `grid_delete_query`, `grid_insert_query`, `grid_update_query`, `depends_on_field`, `depends_on_operator`, `depends_on_value`, `language_code`, `custom_script`, `also_save_seo_value`, `depends_on_action`, `save_on_change`, `extended_explanation`, `label_style`, `label_width`) VALUES (0, 'stap', 0, 0, 100, '', '', 'input', 'URL regex', 'urlregex', 'De URL van de configurator moet voldoen aan deze regex check om deze stap te tonen. Deze regex kan eenvoudig zijn, bijvoorbeeld \'\\.nl\' controleert al op de exacte string \'.nl\'.\r\n\r\nLet op: er kan maar 1 regex van toepassing zijn! Als deze op een hoger niveau (bijvoorbeeld hoofdstap) dan kan deze niet meer op een lager niveau (stap) worden gebruikt.', 20, '', 0, 0, NULL, '', NULL, 0, 0, NULL, NULL, NULL, NULL, NULL, NULL, NULL, NULL, NULL, NULL, NULL, '', NULL, 0, NULL, 0, 0, 'normal', '0');
INSERT INTO `wiser_entityproperty`(`module_id`, `entity_name`, `link_type`, `visible_in_overview`, `overview_width`, `tab_name`, `group_name`, `inputtype`, `display_name`, `property_name`, `explanation`, `ordering`, `regex_validation`, `mandatory`, `readonly`, `default_value`, `automation`, `css`, `width`, `height`, `options`, `data_query`, `action_query`, `search_query`, `search_count_query`, `grid_delete_query`, `grid_insert_query`, `grid_update_query`, `depends_on_field`, `depends_on_operator`, `depends_on_value`, `language_code`, `custom_script`, `also_save_seo_value`, `depends_on_action`, `save_on_change`, `extended_explanation`, `label_style`, `label_width`) VALUES (0, 'substap', 0, 0, 100, '', '', 'combobox', 'Kopieer lay-out templates', 'duplicatelayoutfrom', 'Kopieer templates van een andere stap (eventueel uit een andere configurator)', 1, '', 0, 0, NULL, '', NULL, 0, 0, NULL, '#verkrijg overige substappen\r\nSELECT i.id,CONCAT(ippp.title,\' - \',ipp.title,\' - \',ip.title,\' - \',i.title) AS name\r\nFROM wiser_item i\r\nJOIN wiser_itemlink ilp ON ilp.item_id=i.id AND ilp.type=1\r\nJOIN wiser_item ip ON ip.id=ilp.destination_item_id AND ip.published_environment>=4 AND ip.entity_type=\'stap\'\r\nJOIN wiser_itemlink ilpp ON ilpp.item_id=ip.id AND ilpp.type=1\r\nJOIN wiser_item ipp ON ipp.id=ilpp.destination_item_id AND ipp.published_environment>=4 AND ipp.entity_type=\'hoofdstap\'\r\nJOIN wiser_itemlink ilppp ON ilppp.item_id=ipp.id AND ilppp.type=1\r\nJOIN wiser_item ippp ON ippp.id=ilppp.destination_item_id AND ippp.published_environment>=4 \r\nWHERE i.entity_type=\'substap\' AND i.published_environment>=4 AND i.id<>{itemId};', NULL, NULL, NULL, NULL, NULL, NULL, NULL, NULL, NULL, '', NULL, 0, NULL, 0, 0, 'normal', '0');
INSERT INTO `wiser_entityproperty`(`module_id`, `entity_name`, `link_type`, `visible_in_overview`, `overview_width`, `tab_name`, `group_name`, `inputtype`, `display_name`, `property_name`, `explanation`, `ordering`, `regex_validation`, `mandatory`, `readonly`, `default_value`, `automation`, `css`, `width`, `height`, `options`, `data_query`, `action_query`, `search_query`, `search_count_query`, `grid_delete_query`, `grid_insert_query`, `grid_update_query`, `depends_on_field`, `depends_on_operator`, `depends_on_value`, `language_code`, `custom_script`, `also_save_seo_value`, `depends_on_action`, `save_on_change`, `extended_explanation`, `label_style`, `label_width`) VALUES (0, 'substap', 0, 0, 100, 'Templates', 'Substap', 'HTMLeditor', 'Specifieke substap template', 'step_template', 'Bepaald de template van deze substap. Beschikbare variabalen: {datasource_values}, {datasource_count} {substepname}', 2, '', 0, 0, NULL, '', NULL, 100, 0, NULL, NULL, NULL, NULL, NULL, NULL, NULL, NULL, 'duplicatelayoutfrom', 'isempty', NULL, '', NULL, 0, 'toggle-visibility', 0, 0, 'normal', '0');
INSERT INTO `wiser_entityproperty`(`module_id`, `entity_name`, `link_type`, `visible_in_overview`, `overview_width`, `tab_name`, `group_name`, `inputtype`, `display_name`, `property_name`, `explanation`, `ordering`, `regex_validation`, `mandatory`, `readonly`, `default_value`, `automation`, `css`, `width`, `height`, `options`, `data_query`, `action_query`, `search_query`, `search_count_query`, `grid_delete_query`, `grid_insert_query`, `grid_update_query`, `depends_on_field`, `depends_on_operator`, `depends_on_value`, `language_code`, `custom_script`, `also_save_seo_value`, `depends_on_action`, `save_on_change`, `extended_explanation`, `label_style`, `label_width`) VALUES (0, 'substap', 0, 0, 100, 'Templates', 'Substap', 'HTMLeditor', 'Template per keuze', 'values_template', 'Bepaalt de HTML template van 1 keuze in deze stap. Te gebruiken variabelen zijn alle velden uit de databron, bijvoorbeeld: {kolomnaam}.', 3, '', 0, 0, NULL, '', NULL, 100, 0, NULL, NULL, NULL, NULL, NULL, NULL, NULL, NULL, 'duplicatelayoutfrom', 'isempty', NULL, '', NULL, 0, 'toggle-visibility', 0, 0, 'normal', '0');
INSERT INTO `wiser_entityproperty`(`module_id`, `entity_name`, `link_type`, `visible_in_overview`, `overview_width`, `tab_name`, `group_name`, `inputtype`, `display_name`, `property_name`, `explanation`, `ordering`, `regex_validation`, `mandatory`, `readonly`, `default_value`, `automation`, `css`, `width`, `height`, `options`, `data_query`, `action_query`, `search_query`, `search_count_query`, `grid_delete_query`, `grid_insert_query`, `grid_update_query`, `depends_on_field`, `depends_on_operator`, `depends_on_value`, `language_code`, `custom_script`, `also_save_seo_value`, `depends_on_action`, `save_on_change`, `extended_explanation`, `label_style`, `label_width`) VALUES (0, 'substap', 0, 0, 100, '', '', 'input', 'Variabelenaam', 'variable_name', 'Geef de naam op van de variabele waarin de gekozen waarde moet worden opgeslagen. Als er geen naam wordt opgegeven wordt standaard de SEO naam gebruikt van het item in de treeview hier links.', 4, '', 0, 0, NULL, '', NULL, 0, 0, NULL, NULL, NULL, NULL, NULL, NULL, NULL, NULL, NULL, NULL, NULL, '', NULL, 0, NULL, 0, 0, 'normal', '0');
INSERT INTO `wiser_entityproperty`(`module_id`, `entity_name`, `link_type`, `visible_in_overview`, `overview_width`, `tab_name`, `group_name`, `inputtype`, `display_name`, `property_name`, `explanation`, `ordering`, `regex_validation`, `mandatory`, `readonly`, `default_value`, `automation`, `css`, `width`, `height`, `options`, `data_query`, `action_query`, `search_query`, `search_count_query`, `grid_delete_query`, `grid_insert_query`, `grid_update_query`, `depends_on_field`, `depends_on_operator`, `depends_on_value`, `language_code`, `custom_script`, `also_save_seo_value`, `depends_on_action`, `save_on_change`, `extended_explanation`, `label_style`, `label_width`) VALUES (0, 'substap', 0, 0, 100, '', '', 'combobox', 'Bron data', 'datasource', 'Waar moeten de items uit deze stap vandaan komen?', 5, '', 0, 0, NULL, '', NULL, 0, 0, '{\r\n    \"dataSource\": [\r\n				{ \"name\": \"SQL query\", \"id\": \"customquery\" }\r\n    ]\r\n}', NULL, NULL, NULL, NULL, NULL, NULL, NULL, NULL, NULL, NULL, '', NULL, 0, NULL, 0, 0, 'normal', '0');
INSERT INTO `wiser_entityproperty`(`module_id`, `entity_name`, `link_type`, `visible_in_overview`, `overview_width`, `tab_name`, `group_name`, `inputtype`, `display_name`, `property_name`, `explanation`, `ordering`, `regex_validation`, `mandatory`, `readonly`, `default_value`, `automation`, `css`, `width`, `height`, `options`, `data_query`, `action_query`, `search_query`, `search_count_query`, `grid_delete_query`, `grid_insert_query`, `grid_update_query`, `depends_on_field`, `depends_on_operator`, `depends_on_value`, `language_code`, `custom_script`, `also_save_seo_value`, `depends_on_action`, `save_on_change`, `extended_explanation`, `label_style`, `label_width`) VALUES (0, 'substap', 0, 0, 100, '', '', 'input', 'Gekoppeld aan', 'datasource_connectedid', 'Voer n of meerdere (gescheiden door puntkomma) variabelen in waaraan de (hoofd/sub)stap gekoppeld is.', 6, '', 0, 0, NULL, '', NULL, 0, 0, NULL, '#verkrijg (seoname of variabelename) van stappen\r\n#SELECT \'\' AS id,\'niet dupliceren\' AS name\r\n#	\r\n#UNION \r\n#\r\n#SELECT IFNULL(IFNULL(variable_name.`value`,name_seo.`value`),\'onbekend\') AS id,CONCAT(ipp.title,\' - \',ip.title,\' - \',i.title) AS name\r\n#FROM wiser_item i\r\n#JOIN wiser_itemlink ilp ON il.item_id=i.id AND ilp.type=1\r\n#JOIN wiser_item ip ON ip.id=ilp.destination_item_id\r\n#JOIN wiser_itemlink ilpp ON ilp.item_id=ip.id AND ilpp.type=1\r\n#JOIN wiser_item ipp ON ipp.id=ilpp.destination_item_id\r\n#LEFT JOIN wiser_itemdetail variable_name ON variable_name.item_id=i.id AND variable_name.`key`=\'variable_name\'\r\n#LEFT JOIN wiser_itemdetail name_seo ON name_seo.item_id=i.id AND name_seo.`key`=\'name_seo\'\r\n#WHERE i.entity_type=\'stap\'  AND i.id<>{itemId}\r\n#HAVING id<>\'onbekend\'\r\n#ORDER BY ipp.title,ip.title,i.title;', NULL, NULL, NULL, NULL, NULL, NULL, NULL, NULL, NULL, '', NULL, 0, NULL, 0, 0, 'normal', '0');
INSERT INTO `wiser_entityproperty`(`module_id`, `entity_name`, `link_type`, `visible_in_overview`, `overview_width`, `tab_name`, `group_name`, `inputtype`, `display_name`, `property_name`, `explanation`, `ordering`, `regex_validation`, `mandatory`, `readonly`, `default_value`, `automation`, `css`, `width`, `height`, `options`, `data_query`, `action_query`, `search_query`, `search_count_query`, `grid_delete_query`, `grid_insert_query`, `grid_update_query`, `depends_on_field`, `depends_on_operator`, `depends_on_value`, `language_code`, `custom_script`, `also_save_seo_value`, `depends_on_action`, `save_on_change`, `extended_explanation`, `label_style`, `label_width`) VALUES (0, 'substap', 0, 0, 100, 'Queries', '', 'textbox', 'SQL query', 'custom_query', 'De query voor het ophalen van alle beschikbare items in deze substap', 7, '', 0, 0, NULL, '', NULL, 100, 0, '{\"type\": \"mysql\"}', NULL, NULL, NULL, NULL, NULL, NULL, NULL, 'datasource', 'eq', 'customquery', '', NULL, 0, NULL, 0, 0, 'normal', '0');
INSERT INTO `wiser_entityproperty`(`module_id`, `entity_name`, `link_type`, `visible_in_overview`, `overview_width`, `tab_name`, `group_name`, `inputtype`, `display_name`, `property_name`, `explanation`, `ordering`, `regex_validation`, `mandatory`, `readonly`, `default_value`, `automation`, `css`, `width`, `height`, `options`, `data_query`, `action_query`, `search_query`, `search_count_query`, `grid_delete_query`, `grid_insert_query`, `grid_update_query`, `depends_on_field`, `depends_on_operator`, `depends_on_value`, `language_code`, `custom_script`, `also_save_seo_value`, `depends_on_action`, `save_on_change`, `extended_explanation`, `label_style`, `label_width`) VALUES (0, 'substap', 0, 0, 100, '', '', 'textbox', 'Beschikbare artikelen', 'own_data_values', 'Vul hier een entergescheiden lijst in van EAN-nummers, of een query die de EAN-nummers ophaalt.', 8, '', 0, 0, NULL, '', NULL, 0, 0, NULL, NULL, NULL, NULL, NULL, NULL, NULL, NULL, 'datasource', 'eq', 'ownarticles', '', NULL, 0, NULL, 0, 0, 'normal', '0');
INSERT INTO `wiser_entityproperty`(`module_id`, `entity_name`, `link_type`, `visible_in_overview`, `overview_width`, `tab_name`, `group_name`, `inputtype`, `display_name`, `property_name`, `explanation`, `ordering`, `regex_validation`, `mandatory`, `readonly`, `default_value`, `automation`, `css`, `width`, `height`, `options`, `data_query`, `action_query`, `search_query`, `search_count_query`, `grid_delete_query`, `grid_insert_query`, `grid_update_query`, `depends_on_field`, `depends_on_operator`, `depends_on_value`, `language_code`, `custom_script`, `also_save_seo_value`, `depends_on_action`, `save_on_change`, `extended_explanation`, `label_style`, `label_width`) VALUES (0, 'substap', 0, 0, 100, '', '', 'textbox', 'Beschikbare keuzes', 'fixed_valuelist', 'Geef entergescheiden de keuzes in die beschikbaar zijn. Dit mag ook een puntkomma-separated lijst zijn. Waarbij vervolgens in de template verwezen kan worden naar {valuelist_1} voor de eerste kolom, etc.', 9, '', 0, 0, NULL, '', NULL, 0, 0, NULL, NULL, NULL, NULL, NULL, NULL, NULL, NULL, 'datasource', 'eq', 'fixedvalues', '', NULL, 0, NULL, 0, 0, 'normal', '0');
INSERT INTO `wiser_entityproperty`(`module_id`, `entity_name`, `link_type`, `visible_in_overview`, `overview_width`, `tab_name`, `group_name`, `inputtype`, `display_name`, `property_name`, `explanation`, `ordering`, `regex_validation`, `mandatory`, `readonly`, `default_value`, `automation`, `css`, `width`, `height`, `options`, `data_query`, `action_query`, `search_query`, `search_count_query`, `grid_delete_query`, `grid_insert_query`, `grid_update_query`, `depends_on_field`, `depends_on_operator`, `depends_on_value`, `language_code`, `custom_script`, `also_save_seo_value`, `depends_on_action`, `save_on_change`, `extended_explanation`, `label_style`, `label_width`) VALUES (0, 'substap', 0, 0, 100, '', '', 'input', 'Koppeltype', 'datasource_connectedtype', 'Het koppeltype bij gekoppelde producten (alleen die van het juiste koppeltype worden opgehaald). Als deze leeg is worden alle gekoppelde producten opgehaald.', 10, '', 0, 0, NULL, '', NULL, 0, 0, NULL, NULL, NULL, NULL, NULL, NULL, NULL, NULL, 'datasource', 'eq', 'connectedproductsoncategory,connectedproductsonproduct', '', NULL, 0, NULL, 0, 0, 'normal', '0');
INSERT INTO `wiser_entityproperty`(`module_id`, `entity_name`, `link_type`, `visible_in_overview`, `overview_width`, `tab_name`, `group_name`, `inputtype`, `display_name`, `property_name`, `explanation`, `ordering`, `regex_validation`, `mandatory`, `readonly`, `default_value`, `automation`, `css`, `width`, `height`, `options`, `data_query`, `action_query`, `search_query`, `search_count_query`, `grid_delete_query`, `grid_insert_query`, `grid_update_query`, `depends_on_field`, `depends_on_operator`, `depends_on_value`, `language_code`, `custom_script`, `also_save_seo_value`, `depends_on_action`, `save_on_change`, `extended_explanation`, `label_style`, `label_width`) VALUES (0, 'substap', 0, 0, 100, '', '', 'input', 'Gekozen waarde', 'check_connectedid', 'Geef de waarde op die van toepassing moet zijn om deze vaste lijst te tonen', 11, '', 0, 0, NULL, '', NULL, 0, 0, NULL, NULL, NULL, NULL, NULL, NULL, NULL, NULL, 'datasource', 'eq', 'fixedvalues', '', NULL, 0, NULL, 0, 0, 'normal', '0');
INSERT INTO `wiser_entityproperty`(`module_id`, `entity_name`, `link_type`, `visible_in_overview`, `overview_width`, `tab_name`, `group_name`, `inputtype`, `display_name`, `property_name`, `explanation`, `ordering`, `regex_validation`, `mandatory`, `readonly`, `default_value`, `automation`, `css`, `width`, `height`, `options`, `data_query`, `action_query`, `search_query`, `search_count_query`, `grid_delete_query`, `grid_insert_query`, `grid_update_query`, `depends_on_field`, `depends_on_operator`, `depends_on_value`, `language_code`, `custom_script`, `also_save_seo_value`, `depends_on_action`, `save_on_change`, `extended_explanation`, `label_style`, `label_width`) VALUES (0, 'substap', 0, 0, 100, '', '', 'combobox', 'Verplichte of optioneel', 'isrequired', '', 12, '', 0, 0, 'true', '', NULL, 0, 0, '{\r\n    \"dataSource\": [\r\n        { \"name\": \"keuze is verplicht\", \"id\": \"true\" },\r\n				{ \"name\": \"keuze is optioneel\", \"id\": \"false\" }\r\n    ]\r\n}\r\n', NULL, NULL, NULL, NULL, NULL, NULL, NULL, NULL, NULL, NULL, '', NULL, 0, NULL, 0, 0, 'normal', '0');
INSERT INTO `wiser_entityproperty`(`module_id`, `entity_name`, `link_type`, `visible_in_overview`, `overview_width`, `tab_name`, `group_name`, `inputtype`, `display_name`, `property_name`, `explanation`, `ordering`, `regex_validation`, `mandatory`, `readonly`, `default_value`, `automation`, `css`, `width`, `height`, `options`, `data_query`, `action_query`, `search_query`, `search_count_query`, `grid_delete_query`, `grid_insert_query`, `grid_update_query`, `depends_on_field`, `depends_on_operator`, `depends_on_value`, `language_code`, `custom_script`, `also_save_seo_value`, `depends_on_action`, `save_on_change`, `extended_explanation`, `label_style`, `label_width`) VALUES (0, 'substap', 0, 0, 100, '', '', 'input', 'URL regex', 'urlregex', 'De URL van de configurator moet voldoen aan deze regex check om deze stap te tonen. Deze regex kan eenvoudig zijn, bijvoorbeeld \'\\.nl\' controleert al op de exacte string \'.nl\'.\r\n\r\nLet op: er kan maar 1 regex van toepassing zijn! Als deze op een hoger niveau (bijvoorbeeld hoofdstap) dan kan deze niet meer op een lager niveau (stap) worden gebruikt.', 13, '', 0, 0, NULL, '', NULL, 0, 0, NULL, NULL, NULL, NULL, NULL, NULL, NULL, NULL, NULL, NULL, NULL, '', NULL, 0, NULL, 0, 0, 'normal', '0');
INSERT INTO `wiser_entityproperty`(`module_id`, `entity_name`, `link_type`, `visible_in_overview`, `overview_width`, `tab_name`, `group_name`, `inputtype`, `display_name`, `property_name`, `explanation`, `ordering`, `regex_validation`, `mandatory`, `readonly`, `default_value`, `automation`, `css`, `width`, `height`, `options`, `data_query`, `action_query`, `search_query`, `search_count_query`, `grid_delete_query`, `grid_insert_query`, `grid_update_query`, `depends_on_field`, `depends_on_operator`, `depends_on_value`, `language_code`, `custom_script`, `also_save_seo_value`, `depends_on_action`, `save_on_change`, `extended_explanation`, `label_style`, `label_width`) VALUES (0, 'substap', 0, 0, 100, 'Vrije inhoud velden', '', 'textbox', 'Vrije inhoud 1', 'free_content1', 'Zet hier vrije inhoud in die gebruikt kan worden in de substep template als {substep_free_content1}', 14, '', 0, 0, NULL, '', NULL, 0, 0, NULL, NULL, NULL, NULL, NULL, NULL, NULL, NULL, NULL, NULL, NULL, '', NULL, 0, NULL, 0, 0, 'normal', '0');
INSERT INTO `wiser_entityproperty`(`module_id`, `entity_name`, `link_type`, `visible_in_overview`, `overview_width`, `tab_name`, `group_name`, `inputtype`, `display_name`, `property_name`, `explanation`, `ordering`, `regex_validation`, `mandatory`, `readonly`, `default_value`, `automation`, `css`, `width`, `height`, `options`, `data_query`, `action_query`, `search_query`, `search_count_query`, `grid_delete_query`, `grid_insert_query`, `grid_update_query`, `depends_on_field`, `depends_on_operator`, `depends_on_value`, `language_code`, `custom_script`, `also_save_seo_value`, `depends_on_action`, `save_on_change`, `extended_explanation`, `label_style`, `label_width`) VALUES (0, 'substap', 0, 0, 100, 'Vrije inhoud velden', '', 'textbox', 'Vrije inhoud 2', 'free_content2', 'Zet hier vrije inhoud in die gebruikt kan worden in de substep template als {substep_free_content2}', 15, '', 0, 0, NULL, '', NULL, 0, 0, NULL, NULL, NULL, NULL, NULL, NULL, NULL, NULL, NULL, NULL, NULL, '', NULL, 0, NULL, 0, 0, 'normal', '0');
INSERT INTO `wiser_entityproperty`(`module_id`, `entity_name`, `link_type`, `visible_in_overview`, `overview_width`, `tab_name`, `group_name`, `inputtype`, `display_name`, `property_name`, `explanation`, `ordering`, `regex_validation`, `mandatory`, `readonly`, `default_value`, `automation`, `css`, `width`, `height`, `options`, `data_query`, `action_query`, `search_query`, `search_count_query`, `grid_delete_query`, `grid_insert_query`, `grid_update_query`, `depends_on_field`, `depends_on_operator`, `depends_on_value`, `language_code`, `custom_script`, `also_save_seo_value`, `depends_on_action`, `save_on_change`, `extended_explanation`, `label_style`, `label_width`) VALUES (0, 'substap', 0, 0, 100, 'Vrije inhoud velden', '', 'textbox', 'Vrije inhoud 3', 'free_content3', 'Zet hier vrije inhoud in die gebruikt kan worden in de substep template als {substep_free_content3}', 16, '', 0, 0, NULL, '', NULL, 0, 0, NULL, NULL, NULL, NULL, NULL, NULL, NULL, NULL, NULL, NULL, NULL, '', NULL, 0, NULL, 0, 0, 'normal', '0');
INSERT INTO `wiser_entityproperty`(`module_id`, `entity_name`, `link_type`, `visible_in_overview`, `overview_width`, `tab_name`, `group_name`, `inputtype`, `display_name`, `property_name`, `explanation`, `ordering`, `regex_validation`, `mandatory`, `readonly`, `default_value`, `automation`, `css`, `width`, `height`, `options`, `data_query`, `action_query`, `search_query`, `search_count_query`, `grid_delete_query`, `grid_insert_query`, `grid_update_query`, `depends_on_field`, `depends_on_operator`, `depends_on_value`, `language_code`, `custom_script`, `also_save_seo_value`, `depends_on_action`, `save_on_change`, `extended_explanation`, `label_style`, `label_width`) VALUES (0, 'substap', 0, 0, 100, 'Vrije inhoud velden', '', 'textbox', 'Vrije inhoud 4', 'free_content4', 'Zet hier vrije inhoud in die gebruikt kan worden in de substep template als {substep_free_content4}', 17, '', 0, 0, NULL, '', NULL, 0, 0, NULL, NULL, NULL, NULL, NULL, NULL, NULL, NULL, NULL, NULL, NULL, '', NULL, 0, NULL, 0, 0, 'normal', '0');
INSERT INTO `wiser_entityproperty`(`module_id`, `entity_name`, `link_type`, `visible_in_overview`, `overview_width`, `tab_name`, `group_name`, `inputtype`, `display_name`, `property_name`, `explanation`, `ordering`, `regex_validation`, `mandatory`, `readonly`, `default_value`, `automation`, `css`, `width`, `height`, `options`, `data_query`, `action_query`, `search_query`, `search_count_query`, `grid_delete_query`, `grid_insert_query`, `grid_update_query`, `depends_on_field`, `depends_on_operator`, `depends_on_value`, `language_code`, `custom_script`, `also_save_seo_value`, `depends_on_action`, `save_on_change`, `extended_explanation`, `label_style`, `label_width`) VALUES (0, 'substap', 0, 0, 100, 'Vrije inhoud velden', '', 'textbox', 'Vrije inhoud 5', 'free_content5', 'Zet hier vrije inhoud in die gebruikt kan worden in de substep template als {substep_free_content5}', 18, '', 0, 0, NULL, '', NULL, 0, 0, NULL, NULL, NULL, NULL, NULL, NULL, NULL, NULL, NULL, NULL, NULL, '', NULL, 0, NULL, 0, 0, 'normal', '0');
INSERT INTO `wiser_entityproperty`(`module_id`, `entity_name`, `link_type`, `visible_in_overview`, `overview_width`, `tab_name`, `group_name`, `inputtype`, `display_name`, `property_name`, `explanation`, `ordering`, `regex_validation`, `mandatory`, `readonly`, `default_value`, `automation`, `css`, `width`, `height`, `options`, `data_query`, `action_query`, `search_query`, `search_count_query`, `grid_delete_query`, `grid_insert_query`, `grid_update_query`, `depends_on_field`, `depends_on_operator`, `depends_on_value`, `language_code`, `custom_script`, `also_save_seo_value`, `depends_on_action`, `save_on_change`, `extended_explanation`, `label_style`, `label_width`) VALUES (0, 'hoofdstap', 0, 0, 100, '', '', 'data-selector', 'Dataselector', 'dataselector', 'Bepaal de dataselector', 20, '', 0, 0, NULL, '', NULL, 0, 0, NULL, NULL, NULL, NULL, NULL, NULL, NULL, NULL, 'datasource', 'eq', 'dataselector', '', NULL, 0, NULL, 0, 0, 'normal', '0');
INSERT INTO `wiser_entityproperty`(`module_id`, `entity_name`, `link_type`, `visible_in_overview`, `overview_width`, `tab_name`, `group_name`, `inputtype`, `display_name`, `property_name`, `explanation`, `ordering`, `regex_validation`, `mandatory`, `readonly`, `default_value`, `automation`, `css`, `width`, `height`, `options`, `data_query`, `action_query`, `search_query`, `search_count_query`, `grid_delete_query`, `grid_insert_query`, `grid_update_query`, `depends_on_field`, `depends_on_operator`, `depends_on_value`, `language_code`, `custom_script`, `also_save_seo_value`, `depends_on_action`, `save_on_change`, `extended_explanation`, `label_style`, `label_width`) VALUES (0, 'stap', 0, 0, 100, '', '', 'data-selector', 'Dataselector', 'dataselector', 'Bepaal de dataselector', 21, '', 0, 0, NULL, '', NULL, 0, 0, NULL, NULL, NULL, NULL, NULL, NULL, NULL, NULL, 'datasource', 'eq', 'dataselector', '', NULL, 0, NULL, 0, 0, 'normal', '0');
INSERT INTO `wiser_entityproperty`(`module_id`, `entity_name`, `link_type`, `visible_in_overview`, `overview_width`, `tab_name`, `group_name`, `inputtype`, `display_name`, `property_name`, `explanation`, `ordering`, `regex_validation`, `mandatory`, `readonly`, `default_value`, `automation`, `css`, `width`, `height`, `options`, `data_query`, `action_query`, `search_query`, `search_count_query`, `grid_delete_query`, `grid_insert_query`, `grid_update_query`, `depends_on_field`, `depends_on_operator`, `depends_on_value`, `language_code`, `custom_script`, `also_save_seo_value`, `depends_on_action`, `save_on_change`, `extended_explanation`, `label_style`, `label_width`) VALUES (0, 'substap', 0, 0, 100, '', '', 'data-selector', 'Dataselector', 'dataselector', 'Bepaal de dataselector', 19, '', 0, 0, NULL, '', NULL, 0, 0, NULL, NULL, NULL, NULL, NULL, NULL, NULL, NULL, 'datasource', 'eq', 'dataselector', '', NULL, 0, NULL, 0, 0, 'normal', '0');
INSERT INTO `wiser_entityproperty`(`module_id`, `entity_name`, `link_type`, `visible_in_overview`, `overview_width`, `tab_name`, `group_name`, `inputtype`, `display_name`, `property_name`, `explanation`, `ordering`, `regex_validation`, `mandatory`, `readonly`, `default_value`, `automation`, `css`, `width`, `height`, `options`, `data_query`, `action_query`, `search_query`, `search_count_query`, `grid_delete_query`, `grid_insert_query`, `grid_update_query`, `depends_on_field`, `depends_on_operator`, `depends_on_value`, `language_code`, `custom_script`, `also_save_seo_value`, `depends_on_action`, `save_on_change`, `extended_explanation`, `label_style`, `label_width`) VALUES (0, 'configurator', 0, 0, 100, 'Custom parameters', '', 'input', 'Parameter naam', 'custom_param_name', 'De naam van de custom parameter', 23, '', 0, 0, NULL, '', NULL, 20, 0, NULL, NULL, NULL, NULL, NULL, NULL, NULL, NULL, '\r\n', NULL, NULL, '', NULL, 0, NULL, 0, 0, 'normal', '0');
INSERT INTO `wiser_entityproperty`(`module_id`, `entity_name`, `link_type`, `visible_in_overview`, `overview_width`, `tab_name`, `group_name`, `inputtype`, `display_name`, `property_name`, `explanation`, `ordering`, `regex_validation`, `mandatory`, `readonly`, `default_value`, `automation`, `css`, `width`, `height`, `options`, `data_query`, `action_query`, `search_query`, `search_count_query`, `grid_delete_query`, `grid_insert_query`, `grid_update_query`, `depends_on_field`, `depends_on_operator`, `depends_on_value`, `language_code`, `custom_script`, `also_save_seo_value`, `depends_on_action`, `save_on_change`, `extended_explanation`, `label_style`, `label_width`) VALUES (0, 'configurator', 0, 0, 100, 'Custom parameters', '', 'input', 'Parameter Dependencies', 'custom_param_dependencies', 'Comma separated dependencies', 24, '', 0, 0, NULL, '', NULL, 70, 0, NULL, NULL, NULL, NULL, NULL, NULL, NULL, NULL, '\r\n', NULL, NULL, '', NULL, 0, NULL, 0, 0, 'normal', '0');
INSERT INTO `wiser_entityproperty`(`module_id`, `entity_name`, `link_type`, `visible_in_overview`, `overview_width`, `tab_name`, `group_name`, `inputtype`, `display_name`, `property_name`, `explanation`, `ordering`, `regex_validation`, `mandatory`, `readonly`, `default_value`, `automation`, `css`, `width`, `height`, `options`, `data_query`, `action_query`, `search_query`, `search_count_query`, `grid_delete_query`, `grid_insert_query`, `grid_update_query`, `depends_on_field`, `depends_on_operator`, `depends_on_value`, `language_code`, `custom_script`, `also_save_seo_value`, `depends_on_action`, `save_on_change`, `extended_explanation`, `label_style`, `label_width`) VALUES (0, 'configurator', 0, 0, 100, 'Custom parameters', '', 'textbox', 'Parameter query', 'custom_param_query', 'De query om de parameter te bepalen', 25, '', 0, 0, NULL, '', NULL, 100, 0, '{\"type\": \"mysql\"}', NULL, NULL, NULL, NULL, NULL, NULL, NULL, '\r\n', NULL, NULL, '', NULL, 0, NULL, 0, 0, 'normal', '0');
INSERT INTO `wiser_entityproperty`(`module_id`, `entity_name`, `link_type`, `visible_in_overview`, `overview_width`, `tab_name`, `group_name`, `inputtype`, `display_name`, `property_name`, `explanation`, `ordering`, `regex_validation`, `mandatory`, `readonly`, `default_value`, `automation`, `css`, `width`, `height`, `options`, `data_query`, `action_query`, `search_query`, `search_count_query`, `grid_delete_query`, `grid_insert_query`, `grid_update_query`, `depends_on_field`, `depends_on_operator`, `depends_on_value`, `language_code`, `custom_script`, `also_save_seo_value`, `depends_on_action`, `save_on_change`, `extended_explanation`, `label_style`, `label_width`) VALUES (0, 'substap', 0, 0, 100, '', '', 'input', 'Minimale waarde', 'min_value', 'Geef een eventuele minimum waarde op', 7, '', 0, 0, NULL, '', NULL, 0, 0, NULL, NULL, NULL, NULL, NULL, NULL, NULL, NULL, NULL, NULL, NULL, '', NULL, 0, NULL, 0, 0, 'normal', '0');
INSERT INTO `wiser_entityproperty`(`module_id`, `entity_name`, `link_type`, `visible_in_overview`, `overview_width`, `tab_name`, `group_name`, `inputtype`, `display_name`, `property_name`, `explanation`, `ordering`, `regex_validation`, `mandatory`, `readonly`, `default_value`, `automation`, `css`, `width`, `height`, `options`, `data_query`, `action_query`, `search_query`, `search_count_query`, `grid_delete_query`, `grid_insert_query`, `grid_update_query`, `depends_on_field`, `depends_on_operator`, `depends_on_value`, `language_code`, `custom_script`, `also_save_seo_value`, `depends_on_action`, `save_on_change`, `extended_explanation`, `label_style`, `label_width`) VALUES (0, 'substap', 0, 0, 100, '', '', 'input', 'Maximale waarde', 'max_value', 'Geef een eventuele maximale waarde op', 8, '', 0, 0, NULL, '', NULL, 0, 0, NULL, NULL, NULL, NULL, NULL, NULL, NULL, NULL, NULL, NULL, NULL, '', NULL, 0, NULL, 0, 0, 'normal', '0');
INSERT INTO `wiser_entityproperty`(`module_id`, `entity_name`, `link_type`, `visible_in_overview`, `overview_width`, `tab_name`, `group_name`, `inputtype`, `display_name`, `property_name`, `explanation`, `ordering`, `regex_validation`, `mandatory`, `readonly`, `default_value`, `automation`, `css`, `width`, `height`, `options`, `data_query`, `action_query`, `search_query`, `search_count_query`, `grid_delete_query`, `grid_insert_query`, `grid_update_query`, `depends_on_field`, `depends_on_operator`, `depends_on_value`, `language_code`, `custom_script`, `also_save_seo_value`, `depends_on_action`, `save_on_change`, `extended_explanation`, `label_style`, `label_width`) VALUES (0, 'substap', 0, 0, 100, '', '', 'input', 'Stap opties', 'step_options', 'Opties om mee te geven aan stap', 9, '', 0, 0, NULL, '', NULL, 0, 0, NULL, NULL, NULL, NULL, NULL, NULL, NULL, NULL, NULL, NULL, NULL, '', NULL, 0, NULL, 0, 0, 'normal', '0');
INSERT INTO `wiser_entityproperty`(`module_id`, `entity_name`, `link_type`, `visible_in_overview`, `overview_width`, `tab_name`, `group_name`, `inputtype`, `display_name`, `property_name`, `explanation`, `ordering`, `regex_validation`, `mandatory`, `readonly`, `default_value`, `automation`, `css`, `width`, `height`, `options`, `data_query`, `action_query`, `search_query`, `search_count_query`, `grid_delete_query`, `grid_insert_query`, `grid_update_query`, `depends_on_field`, `depends_on_operator`, `depends_on_value`, `language_code`, `custom_script`, `also_save_seo_value`, `depends_on_action`, `save_on_change`, `extended_explanation`, `label_style`, `label_width`) VALUES (0, 'configurator', 0, 0, 100, 'Queries', '', 'textbox', 'Query voor levertijd berekening', 'delivery_time_calculation_query', 'De query voor het berekenen van de levertijd', 23, '', 0, 0, NULL, '', NULL, 100, 0, '{\"type\": \"mysql\"}', NULL, NULL, NULL, NULL, NULL, NULL, NULL, '\r\n\r\n', NULL, NULL, '', NULL, 0, NULL, 0, 0, 'normal', '0');
INSERT INTO `wiser_entityproperty`(`module_id`, `entity_name`, `link_type`, `visible_in_overview`, `overview_width`, `tab_name`, `group_name`, `inputtype`, `display_name`, `property_name`, `explanation`, `ordering`, `regex_validation`, `mandatory`, `readonly`, `default_value`, `automation`, `css`, `width`, `height`, `options`, `data_query`, `action_query`, `search_query`, `search_count_query`, `grid_delete_query`, `grid_insert_query`, `grid_update_query`, `depends_on_field`, `depends_on_operator`, `depends_on_value`, `language_code`, `custom_script`, `also_save_seo_value`, `depends_on_action`, `save_on_change`, `extended_explanation`, `label_style`, `label_width`, `enable_aggregation`, `aggregate_options`, `access_key`, `visibility_path_regex`) VALUES (0, 'ConfiguratorApi', 0, 0, 100, 'API', '', 'textbox', 'Query voor request', 'api_query', 'Optioneel een query om informatie uit de database te laden die gebruikt kunnen worden in de \"Endpoint\" en \"Request JSON\".<br/>\n<br/>\nReplacements worden als eerste uitgevoerd door de GCL, vervolgens door de confiruatie items.', 9, '', 0, 0, '', '', '', 100, 0, '{\"type\":\"mysql\"}', '', NULL, NULL, NULL, '', '', '', '', NULL, '', '', '', 0, NULL, 0, 1, NULL, NULL, 0, NULL, '', '');
INSERT INTO `wiser_entityproperty`(`module_id`, `entity_name`, `link_type`, `visible_in_overview`, `overview_width`, `tab_name`, `group_name`, `inputtype`, `display_name`, `property_name`, `explanation`, `ordering`, `regex_validation`, `mandatory`, `readonly`, `default_value`, `automation`, `css`, `width`, `height`, `options`, `data_query`, `action_query`, `search_query`, `search_count_query`, `grid_delete_query`, `grid_insert_query`, `grid_update_query`, `depends_on_field`, `depends_on_operator`, `depends_on_value`, `language_code`, `custom_script`, `also_save_seo_value`, `depends_on_action`, `save_on_change`, `extended_explanation`, `label_style`, `label_width`, `enable_aggregation`, `aggregate_options`, `access_key`, `visibility_path_regex`) VALUES (0, 'ConfiguratorApi', 0, 0, 100, 'Authenticatie', '', 'combobox', 'Type', 'authentication_type', '', 10, '', 0, 0, '', '', '', 100, 0, '{\"useDropDownList\":true,\"dataSource\":[{\"id\":\"1\",\"name\":\"OAuth 2.0\"},{\"id\":\"2\",\"name\":\"Token\"}]}', '', NULL, NULL, NULL, '', '', '', '', NULL, '', '', '', 0, NULL, 0, 0, NULL, NULL, 0, NULL, '', '');
INSERT INTO `wiser_entityproperty`(`module_id`, `entity_name`, `link_type`, `visible_in_overview`, `overview_width`, `tab_name`, `group_name`, `inputtype`, `display_name`, `property_name`, `explanation`, `ordering`, `regex_validation`, `mandatory`, `readonly`, `default_value`, `automation`, `css`, `width`, `height`, `options`, `data_query`, `action_query`, `search_query`, `search_count_query`, `grid_delete_query`, `grid_insert_query`, `grid_update_query`, `depends_on_field`, `depends_on_operator`, `depends_on_value`, `language_code`, `custom_script`, `also_save_seo_value`, `depends_on_action`, `save_on_change`, `extended_explanation`, `label_style`, `label_width`, `enable_aggregation`, `aggregate_options`, `access_key`, `visibility_path_regex`) VALUES (0, 'ConfiguratorApi', 0, 0, 100, 'API', '', 'input', 'Endpoint', 'endpoint', 'De endpoint is de URL waarop aanvraag wordt gedaan en is <b>inclusief</b> de base URL.<br/>\n<br/>\nReplacements worden als eerste uitgevoerd door de GCL met optioneel de \"Query voor request\" resultaten, vervolgens door de configuratie items.', 1, '', 0, 0, '', '', '', 75, 0, '', '', NULL, NULL, NULL, '', '', '', '', NULL, '', '', '', 0, NULL, 0, 1, NULL, NULL, 0, NULL, '', '');
INSERT INTO `wiser_entityproperty`(`module_id`, `entity_name`, `link_type`, `visible_in_overview`, `overview_width`, `tab_name`, `group_name`, `inputtype`, `display_name`, `property_name`, `explanation`, `ordering`, `regex_validation`, `mandatory`, `readonly`, `default_value`, `automation`, `css`, `width`, `height`, `options`, `data_query`, `action_query`, `search_query`, `search_count_query`, `grid_delete_query`, `grid_insert_query`, `grid_update_query`, `depends_on_field`, `depends_on_operator`, `depends_on_value`, `language_code`, `custom_script`, `also_save_seo_value`, `depends_on_action`, `save_on_change`, `extended_explanation`, `label_style`, `label_width`, `enable_aggregation`, `aggregate_options`, `access_key`, `visibility_path_regex`) VALUES (0, 'ConfiguratorApi', 0, 0, 100, 'API', '', 'input', 'Klantprijs key', 'price_calculation_customer_price_key', 'De key naar de \"klant\" prijs waarde binnen de response, gescheiden door een punt.<br/>\n<br/>\nBijvoorbeeld key \"prices.price\" haalt de waarde \"123.45\" uit een JSON:<br/>\n{<br/>\n&emsp;\"product_id\": 1,<br/>\n&emsp;\"prices\": {<br/>\n&emsp;&emsp;\"wholesale_price\": \"35.0\",<br/>\n&emsp;&emsp;\"price\": \"123.45\",<br/>\n&emsp;&emsp;\"old_price\": \"150.00\"<br/>\n&emsp;}<br/>\n}<br/>', 4, '', 0, 0, '', '', '', 33, 0, '', '', NULL, NULL, NULL, '', '', '', 'type', 'eq', '1', '', '', 0, NULL, 0, 1, NULL, NULL, 0, NULL, '', '');
INSERT INTO `wiser_entityproperty`(`module_id`, `entity_name`, `link_type`, `visible_in_overview`, `overview_width`, `tab_name`, `group_name`, `inputtype`, `display_name`, `property_name`, `explanation`, `ordering`, `regex_validation`, `mandatory`, `readonly`, `default_value`, `automation`, `css`, `width`, `height`, `options`, `data_query`, `action_query`, `search_query`, `search_count_query`, `grid_delete_query`, `grid_insert_query`, `grid_update_query`, `depends_on_field`, `depends_on_operator`, `depends_on_value`, `language_code`, `custom_script`, `also_save_seo_value`, `depends_on_action`, `save_on_change`, `extended_explanation`, `label_style`, `label_width`, `enable_aggregation`, `aggregate_options`, `access_key`, `visibility_path_regex`) VALUES (0, 'ConfiguratorApi', 0, 0, 100, 'API', '', 'input', 'Vanafprijs key', 'price_calculation_from_price_key', 'De key naar de \"van\" prijs waarde binnen de response, gescheiden door een punt.<br/>\n<br/>\nBijvoorbeeld key \"prices.old_price\" haalt de waarde \"150.00\" uit een JSON:<br/>\n{<br/>\n&emsp;\"product_id\": 1,<br/>\n&emsp;\"prices\": {<br/>\n&emsp;&emsp;\"wholesale_price\": \"35.0\",<br/>\n&emsp;&emsp;\"price\": \"123.45\",<br/>\n&emsp;&emsp;\"old_price\": \"150.00\"<br/>\n&emsp;}<br/>\n}<br/>', 5, '', 0, 0, '', '', '', 33, 0, '', '', NULL, NULL, NULL, '', '', '', 'type', 'eq', '1', '', '', 0, NULL, 0, 1, NULL, NULL, 0, NULL, '', '');
INSERT INTO `wiser_entityproperty`(`module_id`, `entity_name`, `link_type`, `visible_in_overview`, `overview_width`, `tab_name`, `group_name`, `inputtype`, `display_name`, `property_name`, `explanation`, `ordering`, `regex_validation`, `mandatory`, `readonly`, `default_value`, `automation`, `css`, `width`, `height`, `options`, `data_query`, `action_query`, `search_query`, `search_count_query`, `grid_delete_query`, `grid_insert_query`, `grid_update_query`, `depends_on_field`, `depends_on_operator`, `depends_on_value`, `language_code`, `custom_script`, `also_save_seo_value`, `depends_on_action`, `save_on_change`, `extended_explanation`, `label_style`, `label_width`, `enable_aggregation`, `aggregate_options`, `access_key`, `visibility_path_regex`) VALUES (0, 'ConfiguratorApi', 0, 0, 100, 'API', '', 'input', 'Inkoopprijs key', 'price_calculation_purchase_price_key', 'De key naar de \"inkoop\" prijs waarde binnen de response, gescheiden door een punt.<br/>\n<br/>\nBijvoorbeeld key \"prices.wholesale_price\" haalt de waarde \"35.0\" uit een JSON:<br/>\n{<br/>\n&emsp;\"product_id\": 1,<br/>\n&emsp;\"prices\": {<br/>\n&emsp;&emsp;\"wholesale_price\": \"35.0\",<br/>\n&emsp;&emsp;\"price\": \"123.45\",<br/>\n&emsp;&emsp;\"old_price\": \"150.00\"<br/>\n&emsp;}<br/>\n}<br/>', 6, '', 0, 0, '', '', '', 33, 0, '', '', NULL, NULL, NULL, '', '', '', 'type', 'eq', '1', '', '', 0, NULL, 0, 1, NULL, NULL, 0, NULL, '', '');
INSERT INTO `wiser_entityproperty`(`module_id`, `entity_name`, `link_type`, `visible_in_overview`, `overview_width`, `tab_name`, `group_name`, `inputtype`, `display_name`, `property_name`, `explanation`, `ordering`, `regex_validation`, `mandatory`, `readonly`, `default_value`, `automation`, `css`, `width`, `height`, `options`, `data_query`, `action_query`, `search_query`, `search_count_query`, `grid_delete_query`, `grid_insert_query`, `grid_update_query`, `depends_on_field`, `depends_on_operator`, `depends_on_value`, `language_code`, `custom_script`, `also_save_seo_value`, `depends_on_action`, `save_on_change`, `extended_explanation`, `label_style`, `label_width`, `enable_aggregation`, `aggregate_options`, `access_key`, `visibility_path_regex`) VALUES (0, 'ConfiguratorApi', 0, 0, 100, 'API', '', 'input', 'Leverancier key', 'supplier_id_key', 'De key naar het ID van de leverancier voor deze configuratie, gescheiden door een punt.<br/><br/>Bijvoorbeeld key "order.id" haalt de waarde "123456789" uit een JSON:<br/>{<br/>&emsp;"order": {<br/>&emsp;&emsp;"id": "123456789",<br/>&emsp;&emsp;"date": "2022-01-01"<br/>&emsp;},<br/>&emsp;"products": [<br/>&emsp;&emsp;{},<br/>&emsp;&emsp;{}<br/>&emsp;]<br/>}', 7, '', 0, 0, '', '', '', 33, 0, '', '', NULL, NULL, NULL, '', '', '', 'type', 'eq', '2', '', '', 0, NULL, 0, 1, NULL, NULL, 0, NULL, '', '');
INSERT INTO `wiser_entityproperty`(`module_id`, `entity_name`, `link_type`, `visible_in_overview`, `overview_width`, `tab_name`, `group_name`, `inputtype`, `display_name`, `property_name`, `explanation`, `ordering`, `regex_validation`, `mandatory`, `readonly`, `default_value`, `automation`, `css`, `width`, `height`, `options`, `data_query`, `action_query`, `search_query`, `search_count_query`, `grid_delete_query`, `grid_insert_query`, `grid_update_query`, `depends_on_field`, `depends_on_operator`, `depends_on_value`, `language_code`, `custom_script`, `also_save_seo_value`, `depends_on_action`, `save_on_change`, `extended_explanation`, `label_style`, `label_width`, `enable_aggregation`, `aggregate_options`, `access_key`, `visibility_path_regex`) VALUES (0, 'ConfiguratorApi', 0, 0, 100, 'API', '', 'textbox', 'Request JSON', 'request_json', 'De JSON voor de request naar de API.<br/>\n<br/>\nReplacements worden als eerste uitgevoerd door de GCL met optioneel de \"Query voor request\" resultaten, vervolgens door de confiruatie items.', 8, '', 0, 0, '', '', '', 100, 0, '{\"type\":\"json\"}', '', NULL, NULL, NULL, '', '', '', '', NULL, '', '', '', 0, NULL, 0, 1, NULL, NULL, 0, NULL, '', '');
INSERT INTO `wiser_entityproperty`(`module_id`, `entity_name`, `link_type`, `visible_in_overview`, `overview_width`, `tab_name`, `group_name`, `inputtype`, `display_name`, `property_name`, `explanation`, `ordering`, `regex_validation`, `mandatory`, `readonly`, `default_value`, `automation`, `css`, `width`, `height`, `options`, `data_query`, `action_query`, `search_query`, `search_count_query`, `grid_delete_query`, `grid_insert_query`, `grid_update_query`, `depends_on_field`, `depends_on_operator`, `depends_on_value`, `language_code`, `custom_script`, `also_save_seo_value`, `depends_on_action`, `save_on_change`, `extended_explanation`, `label_style`, `label_width`, `enable_aggregation`, `aggregate_options`, `access_key`, `visibility_path_regex`) VALUES (0, 'ConfiguratorApi', 0, 0, 100, 'API', '', 'combobox', 'Request type', 'request_type', '', 2, '', 0, 0, '', '', '', 25, 0, '{\"useDropDownList\":true,\"dataSource\":[{\"id\":\"0\",\"name\":\"Get\"},{\"id\":\"1\",\"name\":\"Post\"},{\"id\":\"2\",\"name\":\"Put\"},{\"id\":\"3\",\"name\":\"Delete\"}]}', '', NULL, NULL, NULL, '', '', '', '', NULL, '', '', '', 0, NULL, 0, 0, NULL, NULL, 0, NULL, '', '');
INSERT INTO `wiser_entityproperty`(`module_id`, `entity_name`, `link_type`, `visible_in_overview`, `overview_width`, `tab_name`, `group_name`, `inputtype`, `display_name`, `property_name`, `explanation`, `ordering`, `regex_validation`, `mandatory`, `readonly`, `default_value`, `automation`, `css`, `width`, `height`, `options`, `data_query`, `action_query`, `search_query`, `search_count_query`, `grid_delete_query`, `grid_insert_query`, `grid_update_query`, `depends_on_field`, `depends_on_operator`, `depends_on_value`, `language_code`, `custom_script`, `also_save_seo_value`, `depends_on_action`, `save_on_change`, `extended_explanation`, `label_style`, `label_width`, `enable_aggregation`, `aggregate_options`, `access_key`, `visibility_path_regex`) VALUES (0, 'ConfiguratorApi', 0, 0, 100, 'Authenticatie', '', 'input', 'Token', 'token', '', 11, '', 0, 0, '', '', '', 100, 0, '{\"type\":\"text\",\"securityMethod\":\"AES\",\"securityKey\":\"\"}', '', NULL, NULL, NULL, '', '', '', 'authentication_type', 'eq', '2', '', '', 0, NULL, 0, 0, NULL, NULL, 0, NULL, '', '');
INSERT INTO `wiser_entityproperty`(`module_id`, `entity_name`, `link_type`, `visible_in_overview`, `overview_width`, `tab_name`, `group_name`, `inputtype`, `display_name`, `property_name`, `explanation`, `ordering`, `regex_validation`, `mandatory`, `readonly`, `default_value`, `automation`, `css`, `width`, `height`, `options`, `data_query`, `action_query`, `search_query`, `search_count_query`, `grid_delete_query`, `grid_insert_query`, `grid_update_query`, `depends_on_field`, `depends_on_operator`, `depends_on_value`, `language_code`, `custom_script`, `also_save_seo_value`, `depends_on_action`, `save_on_change`, `extended_explanation`, `label_style`, `label_width`, `enable_aggregation`, `aggregate_options`, `access_key`, `visibility_path_regex`) VALUES (0, 'ConfiguratorApi', 0, 0, 100, 'API', '', 'combobox', 'Type', 'type', '', 3, '', 0, 0, '', '', '', 100, 0, '{\"useDropDownList\":true,\"dataSource\":[{\"id\":\"1\",\"name\":\"Prijsberekening\"}]}', '', NULL, NULL, NULL, '', '', '', '', NULL, '', '', '', 0, NULL, 0, 0, NULL, NULL, 0, NULL, '', '');
INSERT INTO `wiser_entityproperty`(`module_id`, `entity_name`, `link_type`, `visible_in_overview`, `overview_width`, `tab_name`, `group_name`, `inputtype`, `display_name`, `property_name`, `explanation`, `ordering`, `regex_validation`, `mandatory`, `readonly`, `default_value`, `automation`, `css`, `width`, `height`, `options`, `data_query`, `action_query`, `search_query`, `search_count_query`, `grid_delete_query`, `grid_insert_query`, `grid_update_query`, `depends_on_field`, `depends_on_operator`, `depends_on_value`, `language_code`, `custom_script`, `also_save_seo_value`, `depends_on_action`, `save_on_change`, `extended_explanation`, `label_style`, `label_width`, `enable_aggregation`, `aggregate_options`, `access_key`, `visibility_path_regex`) VALUES (0, 'configurator', 0, 0, 100, 'API', '', 'sub-entities-grid', 'Prijsberekening', 'Prijsberekening', 'Selecteer welke APIs aangeroepen moeten worden voor de berekening van de prijs.', 41, '', 0, 0, '', '', '', 100, 0, '{\"linkTypeNumber\":\"41\",\"hideCommandColumn\":true,\"disableInlineEditing\":true,\"disableOpeningOfItems\":false,\"deletionOfItems\":\"off\",\"toolbar\":{\"hideExportButton\":true,\"hideCheckAllButton\":true,\"hideUncheckAllButton\":true,\"hideCreateButton\":true,\"customActions\":[],\"hideLinkButton\":false,\"hideCount\":false,\"hideClearFiltersButton\":false},\"entityType\":\"ConfiguratorApi\",\"selectable\":false,\"refreshGridAfterInlineEdit\":false,\"showDeleteConformations\":false,\"checkboxes\":false,\"showChangedByColumn\":false,\"showChangedOnColumn\":false,\"showAddedByColumn\":false,\"showAddedOnColumn\":false,\"customQuery\":false,\"hasCustomDeleteQuery\":false,\"hasCustomUpdateQuery\":false,\"hasCustomInsertQuery\":false,\"hideTitleColumn\":false,\"hideEnvironmentColumn\":true,\"hideTypeColumn\":false,\"hideLinkIdColumn\":true,\"hideIdColumn\":false,\"hideTitleFieldInWindow\":false}', '', NULL, NULL, NULL, '', '', '', '', NULL, '', '', '', 0, NULL, 0, 0, NULL, NULL, 0, NULL, '', '');
INSERT INTO `wiser_entityproperty`(`module_id`, `entity_name`, `link_type`, `visible_in_overview`, `overview_width`, `tab_name`, `group_name`, `inputtype`, `display_name`, `property_name`, `explanation`, `ordering`, `regex_validation`, `mandatory`, `readonly`, `default_value`, `automation`, `css`, `width`, `height`, `options`, `data_query`, `action_query`, `search_query`, `search_count_query`, `grid_delete_query`, `grid_insert_query`, `grid_update_query`, `depends_on_field`, `depends_on_operator`, `depends_on_value`, `language_code`, `custom_script`, `also_save_seo_value`, `depends_on_action`, `save_on_change`, `extended_explanation`, `label_style`, `label_width`, `enable_aggregation`, `aggregate_options`, `access_key`, `visibility_path_regex`) VALUES (0, 'configurator', 0, 0, 100, 'API', '', 'sub-entities-grid', 'Opslaan', 'Opslaan', 'Selecteer welke APIs aangeroepen moeten worden wanneer de configuratie wordt opgeslagen.', 42, '', 0, 0, '', '', '', 100, 0, '{"linkTypeNumber":"42","hideCommandColumn":true,"disableInlineEditing":true,"disableOpeningOfItems":false,"deletionOfItems":"off","toolbar":{"hideExportButton":true,"hideCheckAllButton":true,"hideUncheckAllButton":true,"hideCreateButton":true,"customActions":[],"hideLinkButton":false,"hideCount":false,"hideClearFiltersButton":false},"entityType":"ConfiguratorApi","selectable":false,"refreshGridAfterInlineEdit":false,"showDeleteConformations":false,"checkboxes":false,"showChangedByColumn":false,"showChangedOnColumn":false,"showAddedByColumn":false,"showAddedOnColumn":false,"customQuery":false,"hasCustomDeleteQuery":false,"hasCustomUpdateQuery":false,"hasCustomInsertQuery":false,"hideTitleColumn":false,"hideEnvironmentColumn":true,"hideTypeColumn":false,"hideLinkIdColumn":true,"hideIdColumn":false,"hideTitleFieldInWindow":false,"keepFiltersState":true}', '', NULL, NULL, NULL, '', '', '', '', NULL, '', '', '', 0, NULL, 0, 0, NULL, NULL, 0, NULL, '', '');
INSERT INTO `wiser_entityproperty` (`module_id`, `entity_name`, `link_type`, `visible_in_overview`, `overview_width`, `tab_name`, `group_name`, `inputtype`, `display_name`, `property_name`, `explanation`, `ordering`, `regex_validation`, `mandatory`, `readonly`, `default_value`, `css`, `width`, `height`, `options`, `data_query`, `action_query`, `search_query`, `search_count_query`, `grid_delete_query`, `grid_insert_query`, `grid_update_query`, `depends_on_field`, `depends_on_operator`, `depends_on_value`, `language_code`, `custom_script`, `also_save_seo_value`, `depends_on_action`, `save_on_change`, `extended_explanation`, `label_style`, `label_width`, `aggregate_options`, `enable_aggregation`, `access_key`, `visibility_path_regex`) VALUES (0, 'configuration', 0, 0, 100, '', '', 'input', 'Barcode', 'barcode', NULL, 1, '', 0, 1, NULL, NULL, 50, 0, NULL, NULL, NULL, NULL, NULL, NULL, NULL, NULL, NULL, NULL, NULL, '', NULL, 0, NULL, 0, 0, NULL, NULL, NULL, 0, '', '');
INSERT INTO `wiser_entityproperty` (`module_id`, `entity_name`, `link_type`, `visible_in_overview`, `overview_width`, `tab_name`, `group_name`, `inputtype`, `display_name`, `property_name`, `explanation`, `ordering`, `regex_validation`, `mandatory`, `readonly`, `default_value`, `css`, `width`, `height`, `options`, `data_query`, `action_query`, `search_query`, `search_count_query`, `grid_delete_query`, `grid_insert_query`, `grid_update_query`, `depends_on_field`, `depends_on_operator`, `depends_on_value`, `language_code`, `custom_script`, `also_save_seo_value`, `depends_on_action`, `save_on_change`, `extended_explanation`, `label_style`, `label_width`, `aggregate_options`, `enable_aggregation`, `access_key`, `visibility_path_regex`) VALUES (0, 'configuration', 0, 0, 100, '', '', 'sub-entities-grid', 'Configuratieregels', 'configuration_lines', NULL, 20, '', 0, 0, NULL, NULL, 100, 0, '{\r\n	\"customQuery\": true,\r\n	\"hideIdColumn\": true,\r\n	\"hideLinkIdColumn\": true,\r\n	\"hideTypeColumn\": true,\r\n	\"hideEnvironmentColumn\": true,\r\n	\"deletionOfItems\": \"off\",\r\n\r\n	\"toolbar\": {\r\n		\"hideCreateButton\": true,\r\n		\"hideLinkButton\": true\r\n	},\r\n	\"selectable\": false,\r\n	\"disableInlineEditing\": true,\r\n	\"disableOpeningOfItems\": false\r\n}', 'SELECT \r\n	line.title AS Naam,\r\n	line.id AS `Wiser ID`, \r\n	IFNULL(ean.`value`,\'Onbekend\') AS EAN, \r\n	IFNULL(purchase_price.`value`,\'\') AS Inkoopprijs, \r\n	IFNULL(sales_price.`value`,\'\') AS Verkoopprijs, \r\n	quantity.`value` AS Aantal\r\nFROM configurations_wiser_item AS config\r\nJOIN configurations_wiser_item AS line ON config.id = line.parent_item_id\r\nLEFT JOIN configurations_wiser_itemdetail AS ean ON ean.item_id = config.id AND ean.`key`=\'barcode\'\r\nLEFT JOIN configurations_wiser_itemdetail AS purchase_price ON purchase_price.item_id = line.id AND purchase_price.`key`=\'purchase_price\'\r\nLEFT JOIN configurations_wiser_itemdetail AS sales_price ON sales_price.item_id = line.id AND sales_price.`key`=\'sales_price\'\r\nJOIN configurations_wiser_itemdetail AS quantity ON quantity.item_id = config.id AND quantity.`key`=\'quantity\'\r\nWHERE config.id={itemId}\r\nORDER BY line.id;', NULL, NULL, NULL, NULL, NULL, NULL, NULL, NULL, NULL, '', NULL, 0, NULL, 0, 0, NULL, NULL, NULL, 0, '', '');
INSERT INTO `wiser_entityproperty` (`module_id`, `entity_name`, `link_type`, `visible_in_overview`, `overview_width`, `tab_name`, `group_name`, `inputtype`, `display_name`, `property_name`, `explanation`, `ordering`, `regex_validation`, `mandatory`, `readonly`, `default_value`, `css`, `width`, `height`, `options`, `data_query`, `action_query`, `search_query`, `search_count_query`, `grid_delete_query`, `grid_insert_query`, `grid_update_query`, `depends_on_field`, `depends_on_operator`, `depends_on_value`, `language_code`, `custom_script`, `also_save_seo_value`, `depends_on_action`, `save_on_change`, `extended_explanation`, `label_style`, `label_width`, `aggregate_options`, `enable_aggregation`, `access_key`, `visibility_path_regex`) VALUES (0, 'configuration', 0, 0, 100, '', '', 'numeric-input', 'Vanafprijs', 'from_price', NULL, 4, '', 0, 1, NULL, NULL, 33, 0, NULL, NULL, NULL, NULL, NULL, NULL, NULL, NULL, NULL, NULL, NULL, '', NULL, 0, NULL, 0, 0, NULL, NULL, NULL, 0, '', '');
INSERT INTO `wiser_entityproperty` (`module_id`, `entity_name`, `link_type`, `visible_in_overview`, `overview_width`, `tab_name`, `group_name`, `inputtype`, `display_name`, `property_name`, `explanation`, `ordering`, `regex_validation`, `mandatory`, `readonly`, `default_value`, `css`, `width`, `height`, `options`, `data_query`, `action_query`, `search_query`, `search_count_query`, `grid_delete_query`, `grid_insert_query`, `grid_update_query`, `depends_on_field`, `depends_on_operator`, `depends_on_value`, `language_code`, `custom_script`, `also_save_seo_value`, `depends_on_action`, `save_on_change`, `extended_explanation`, `label_style`, `label_width`, `aggregate_options`, `enable_aggregation`, `access_key`, `visibility_path_regex`) VALUES (0, 'configuration', 0, 0, 100, '', '', 'input', 'Afbeelding-URL', 'image_url', NULL, 2, '', 0, 1, NULL, NULL, 50, 0, NULL, NULL, NULL, NULL, NULL, NULL, NULL, NULL, NULL, NULL, NULL, '', NULL, 0, NULL, 0, 0, NULL, NULL, NULL, 0, '', '');
INSERT INTO `wiser_entityproperty` (`module_id`, `entity_name`, `link_type`, `visible_in_overview`, `overview_width`, `tab_name`, `group_name`, `inputtype`, `display_name`, `property_name`, `explanation`, `ordering`, `regex_validation`, `mandatory`, `readonly`, `default_value`, `css`, `width`, `height`, `options`, `data_query`, `action_query`, `search_query`, `search_count_query`, `grid_delete_query`, `grid_insert_query`, `grid_update_query`, `depends_on_field`, `depends_on_operator`, `depends_on_value`, `language_code`, `custom_script`, `also_save_seo_value`, `depends_on_action`, `save_on_change`, `extended_explanation`, `label_style`, `label_width`, `aggregate_options`, `enable_aggregation`, `access_key`, `visibility_path_regex`) VALUES (0, 'configuration', 0, 0, 100, '', '', 'numeric-input', 'Inkooprijs', 'purchase_price', NULL, 3, '', 0, 1, NULL, NULL, 33, 0, NULL, NULL, NULL, NULL, NULL, NULL, NULL, NULL, NULL, NULL, NULL, '', NULL, 0, NULL, 0, 0, NULL, NULL, NULL, 0, '', '');
INSERT INTO `wiser_entityproperty` (`module_id`, `entity_name`, `link_type`, `visible_in_overview`, `overview_width`, `tab_name`, `group_name`, `inputtype`, `display_name`, `property_name`, `explanation`, `ordering`, `regex_validation`, `mandatory`, `readonly`, `default_value`, `css`, `width`, `height`, `options`, `data_query`, `action_query`, `search_query`, `search_count_query`, `grid_delete_query`, `grid_insert_query`, `grid_update_query`, `depends_on_field`, `depends_on_operator`, `depends_on_value`, `language_code`, `custom_script`, `also_save_seo_value`, `depends_on_action`, `save_on_change`, `extended_explanation`, `label_style`, `label_width`, `aggregate_options`, `enable_aggregation`, `access_key`, `visibility_path_regex`) VALUES (0, 'configuration', 0, 0, 100, '', '', 'numeric-input', 'Verkoopprijs', 'sales_price', NULL, 5, '', 0, 1, NULL, NULL, 33, 0, NULL, NULL, NULL, NULL, NULL, NULL, NULL, NULL, NULL, NULL, NULL, '', NULL, 0, NULL, 0, 0, NULL, NULL, NULL, 0, '', '');
INSERT INTO `wiser_entityproperty` (`module_id`, `entity_name`, `link_type`, `visible_in_overview`, `overview_width`, `tab_name`, `group_name`, `inputtype`, `display_name`, `property_name`, `explanation`, `ordering`, `regex_validation`, `mandatory`, `readonly`, `default_value`, `css`, `width`, `height`, `options`, `data_query`, `action_query`, `search_query`, `search_count_query`, `grid_delete_query`, `grid_insert_query`, `grid_update_query`, `depends_on_field`, `depends_on_operator`, `depends_on_value`, `language_code`, `custom_script`, `also_save_seo_value`, `depends_on_action`, `save_on_change`, `extended_explanation`, `label_style`, `label_width`, `aggregate_options`, `enable_aggregation`, `access_key`, `visibility_path_regex`) VALUES (0, 'configurationline', 0, 0, 100, '', '', 'input', 'Hoofdstap', 'main_step', NULL, 1, '', 33, 1, NULL, NULL, 0, 0, NULL, NULL, NULL, NULL, NULL, NULL, NULL, NULL, NULL, NULL, NULL, '', NULL, 0, NULL, 0, 0, NULL, NULL, NULL, 0, '', '');
INSERT INTO `wiser_entityproperty` (`module_id`, `entity_name`, `link_type`, `visible_in_overview`, `overview_width`, `tab_name`, `group_name`, `inputtype`, `display_name`, `property_name`, `explanation`, `ordering`, `regex_validation`, `mandatory`, `readonly`, `default_value`, `css`, `width`, `height`, `options`, `data_query`, `action_query`, `search_query`, `search_count_query`, `grid_delete_query`, `grid_insert_query`, `grid_update_query`, `depends_on_field`, `depends_on_operator`, `depends_on_value`, `language_code`, `custom_script`, `also_save_seo_value`, `depends_on_action`, `save_on_change`, `extended_explanation`, `label_style`, `label_width`, `aggregate_options`, `enable_aggregation`, `access_key`, `visibility_path_regex`) VALUES (0, 'configurationline', 0, 0, 100, '', '', 'input', 'Naam', 'name', NULL, 5, '', 33, 1, NULL, NULL, 0, 0, NULL, NULL, NULL, NULL, NULL, NULL, NULL, NULL, NULL, NULL, NULL, '', NULL, 0, NULL, 0, 0, NULL, NULL, NULL, 0, '', '');
INSERT INTO `wiser_entityproperty` (`module_id`, `entity_name`, `link_type`, `visible_in_overview`, `overview_width`, `tab_name`, `group_name`, `inputtype`, `display_name`, `property_name`, `explanation`, `ordering`, `regex_validation`, `mandatory`, `readonly`, `default_value`, `css`, `width`, `height`, `options`, `data_query`, `action_query`, `search_query`, `search_count_query`, `grid_delete_query`, `grid_insert_query`, `grid_update_query`, `depends_on_field`, `depends_on_operator`, `depends_on_value`, `language_code`, `custom_script`, `also_save_seo_value`, `depends_on_action`, `save_on_change`, `extended_explanation`, `label_style`, `label_width`, `aggregate_options`, `enable_aggregation`, `access_key`, `visibility_path_regex`) VALUES (0, 'configurationline', 0, 0, 100, '', '', 'input', 'Stap', 'step', NULL, 2, '', 33, 1, NULL, NULL, 0, 0, NULL, NULL, NULL, NULL, NULL, NULL, NULL, NULL, NULL, NULL, NULL, '', NULL, 0, NULL, 0, 0, NULL, NULL, NULL, 0, '', '');
INSERT INTO `wiser_entityproperty` (`module_id`, `entity_name`, `link_type`, `visible_in_overview`, `overview_width`, `tab_name`, `group_name`, `inputtype`, `display_name`, `property_name`, `explanation`, `ordering`, `regex_validation`, `mandatory`, `readonly`, `default_value`, `css`, `width`, `height`, `options`, `data_query`, `action_query`, `search_query`, `search_count_query`, `grid_delete_query`, `grid_insert_query`, `grid_update_query`, `depends_on_field`, `depends_on_operator`, `depends_on_value`, `language_code`, `custom_script`, `also_save_seo_value`, `depends_on_action`, `save_on_change`, `extended_explanation`, `label_style`, `label_width`, `aggregate_options`, `enable_aggregation`, `access_key`, `visibility_path_regex`) VALUES (0, 'configurationline', 0, 0, 100, '', '', 'input', 'Substap', 'sub_step', NULL, 3, '', 33, 1, NULL, NULL, 0, 0, NULL, NULL, NULL, NULL, NULL, NULL, NULL, NULL, NULL, NULL, NULL, '', NULL, 0, NULL, 0, 0, NULL, NULL, NULL, 0, '', '');
INSERT INTO `wiser_entityproperty` (`module_id`, `entity_name`, `link_type`, `visible_in_overview`, `overview_width`, `tab_name`, `group_name`, `inputtype`, `display_name`, `property_name`, `explanation`, `ordering`, `regex_validation`, `mandatory`, `readonly`, `default_value`, `css`, `width`, `height`, `options`, `data_query`, `action_query`, `search_query`, `search_count_query`, `grid_delete_query`, `grid_insert_query`, `grid_update_query`, `depends_on_field`, `depends_on_operator`, `depends_on_value`, `language_code`, `custom_script`, `also_save_seo_value`, `depends_on_action`, `save_on_change`, `extended_explanation`, `label_style`, `label_width`, `aggregate_options`, `enable_aggregation`, `access_key`, `visibility_path_regex`) VALUES (0, 'configurationline', 0, 0, 100, '', '', 'input', 'Waarde', 'value', NULL, 6, '', 33, 1, NULL, NULL, 0, 0, NULL, NULL, NULL, NULL, NULL, NULL, NULL, NULL, NULL, NULL, NULL, '', NULL, 0, NULL, 0, 0, NULL, NULL, NULL, 0, '', '');
INSERT INTO `wiser_entityproperty` (`module_id`, `entity_name`, `link_type`, `visible_in_overview`, `overview_width`, `tab_name`, `group_name`, `inputtype`, `display_name`, `property_name`, `explanation`, `ordering`, `regex_validation`, `mandatory`, `readonly`, `default_value`, `css`, `width`, `height`, `options`, `data_query`, `action_query`, `search_query`, `search_count_query`, `grid_delete_query`, `grid_insert_query`, `grid_update_query`, `depends_on_field`, `depends_on_operator`, `depends_on_value`, `language_code`, `custom_script`, `also_save_seo_value`, `depends_on_action`, `save_on_change`, `extended_explanation`, `label_style`, `label_width`, `aggregate_options`, `enable_aggregation`, `access_key`, `visibility_path_regex`) VALUES (0, 'configurationline', 0, 0, 100, '', '', 'input', 'Waarde naam', 'value_name', NULL, 4, '', 33, 1, NULL, NULL, 0, 0, NULL, NULL, NULL, NULL, NULL, NULL, NULL, NULL, NULL, NULL, NULL, '', NULL, 0, NULL, 0, 0, NULL, NULL, NULL, 0, '', '');

-- ----------------------------
-- Example configurator
-- ----------------------------
-- Configurator
INSERT INTO `wiser_item` (`entity_type`, `moduleid`, `published_environment`, `title`) VALUES ('configurator', 800, 15, 'ExampleConfigurator');
SET @configuratorId = (SELECT LAST_INSERT_ID());
INSERT INTO `wiser_itemdetail` (`item_id`, `key`, `value`) VALUES (@configuratorId, 'template',
'<div class="container">
    <h2>Example configurator</h2>{mainsteps}
    <button type="button" class="jjl_previousstep" data-jconfigurator-processingtext="Loading" data-jconfigurator-originaltext="<span>Previous step</span> "><span>Previous step</span></button>
    <button type="button" class="jjl_nextstep" data-jconfigurator-processingtext="Loading" data-jconfigurator-originaltext="<span>Next step</span> "><span>Next step</span></button>
</div>');

-- Main step 1
INSERT INTO `wiser_item` (`entity_type`, `moduleid`, `published_environment`, `title`) VALUES ('hoofdstap', 800, 15, 'MainStep1');
SET @mainStepOneId = (SELECT LAST_INSERT_ID());
INSERT INTO `wiser_itemlink` (`item_id`, `destination_item_id`, `type`, `ordering`) VALUES (@mainStepOneId, @configuratorId, 1, 1);
INSERT INTO `wiser_itemdetail` (`item_id`, `key`, `value`) VALUES (@mainStepOneId, 'variable_name', 'mainStepOne');
INSERT INTO `wiser_itemdetail` (`item_id`, `key`, `value`) VALUES (@mainStepOneId, 'datasource', 'customquery');
INSERT INTO `wiser_itemdetail` (`item_id`, `key`, `value`) VALUES (@mainStepOneId, 'step_template', '<h3>Mainstep 1</h3>{steps}');

-- Main step 1 - Step 1
INSERT INTO `wiser_item` (`entity_type`, `moduleid`, `published_environment`, `title`) VALUES ('stap', 800, 15, 'Step1');
SET @stepOneOneId = (SELECT LAST_INSERT_ID());
INSERT INTO `wiser_itemlink` (`item_id`, `destination_item_id`, `type`, `ordering`) VALUES (@stepOneOneId, @mainStepOneId, 1, 1);
INSERT INTO `wiser_itemdetail` (`item_id`, `key`, `value`) VALUES (@stepOneOneId, 'variable_name', 'stepOne');
INSERT INTO `wiser_itemdetail` (`item_id`, `key`, `value`) VALUES (@stepOneOneId, 'datasource', 'customquery');
INSERT INTO `wiser_itemdetail` (`item_id`, `key`, `value`) VALUES (@stepOneOneId, 'step_template', '<h3>Question 1</h3>{datasource_values}');
INSERT INTO `wiser_itemdetail` (`item_id`, `key`, `value`) VALUES (@stepOneOneId, 'values_template', '<input id="firstQuestion-{id}" type="radio" name="firstQuestion" class="toggle configurator-value-item" value="{id}" data-jconfigurator-name="Choice 1" data-jconfigurator-value="{id}" data-jconfigurator-valuename="{name}"/><label for="firstQuestion-{id}">{name}</label><br/>');
INSERT INTO `wiser_itemdetail` (`item_id`, `key`, `value`) VALUES (@stepOneOneId, 'custom_query', 'SELECT 1 AS `id`, ''Answer 1'' AS `name` UNION SELECT 2 AS `id`, ''Answer 2'' AS `name`');

-- Main step 1 - Step 2
INSERT INTO `wiser_item` (`entity_type`, `moduleid`, `published_environment`, `title`) VALUES ('stap', 800, 15, 'Step2');
SET @stepOneTwoId = (SELECT LAST_INSERT_ID());
INSERT INTO `wiser_itemlink` (`item_id`, `destination_item_id`, `type`, `ordering`) VALUES (@stepOneTwoId, @mainStepOneId, 1, 2);
INSERT INTO `wiser_itemdetail` (`item_id`, `key`, `value`) VALUES (@stepOneTwoId, 'variable_name', 'stepTwo');
INSERT INTO `wiser_itemdetail` (`item_id`, `key`, `value`) VALUES (@stepOneTwoId, 'datasource_connectedid', 'stepOne');
INSERT INTO `wiser_itemdetail` (`item_id`, `key`, `value`) VALUES (@stepOneTwoId, 'datasource', 'customquery');
INSERT INTO `wiser_itemdetail` (`item_id`, `key`, `value`) VALUES (@stepOneTwoId, 'step_template', '<h3>Question 2</h3>{datasource_values}{substeps}');
INSERT INTO `wiser_itemdetail` (`item_id`, `key`, `value`) VALUES (@stepOneTwoId, 'values_template', '<input id="secondQuestion-{id}" type="radio" name="secondQuestion" class="toggle configurator-value-item" value="{id}" data-jconfigurator-name="Choice 2" data-jconfigurator-value="{id}" data-jconfigurator-valuename="{name}"/><label for="secondQuestion-{id}">{name}</label><br/>');
INSERT INTO `wiser_itemdetail` (`item_id`, `key`, `value`) VALUES (@stepOneTwoId, 'custom_query', 'SELECT 1 AS `id`, ''Answer 1'' AS `name` UNION SELECT 2 AS `id`, ''Answer 2'' AS `name` WHERE ''{firstQuestion}'' = ''1''');

-- Main step 1 - Step 2 - Sub step 1
INSERT INTO `wiser_item` (`entity_type`, `moduleid`, `published_environment`, `title`) VALUES ('substap', 800, 15, 'Substep1');
SET @subStepOneTwoOneId = (SELECT LAST_INSERT_ID());
INSERT INTO `wiser_itemlink` (`item_id`, `destination_item_id`, `type`, `ordering`) VALUES (@subStepOneTwoOneId, @stepOneTwoId, 1, 1);
INSERT INTO `wiser_itemdetail` (`item_id`, `key`, `value`) VALUES (@subStepOneTwoOneId, 'variable_name', 'substepOne');
INSERT INTO `wiser_itemdetail` (`item_id`, `key`, `value`) VALUES (@subStepOneTwoOneId, 'datasource_connectedid', 'stepTwo');
INSERT INTO `wiser_itemdetail` (`item_id`, `key`, `value`) VALUES (@subStepOneTwoOneId, 'datasource', 'customquery');
INSERT INTO `wiser_itemdetail` (`item_id`, `key`, `value`) VALUES (@subStepOneTwoOneId, 'step_template', '<h3>Question 2.1</h3>{datasource_values}');
INSERT INTO `wiser_itemdetail` (`item_id`, `key`, `value`) VALUES (@subStepOneTwoOneId, 'values_template', '<input id="subQuestion-{id}" type="radio" name="subQuestion" class="toggle configurator-value-item" value="{id}" data-jconfigurator-name="Choice 2" data-jconfigurator-value="{id}" data-jconfigurator-valuename="{name}"/><label for="subQuestion-{id}">{name}</label><br/>');
INSERT INTO `wiser_itemdetail` (`item_id`, `key`, `value`) VALUES (@subStepOneTwoOneId, 'custom_query', 'SELECT 1 AS `id`, ''Answer 1'' AS `name` WHERE ''{secondQuestion}'' = ''1'' UNION SELECT 2 AS `id`, ''Answer 2'' AS `name` WHERE ''{secondQuestion}'' = ''1'' UNION SELECT 2 AS `id`, ''Answer 2'' AS `name` WHERE ''{secondQuestion}'' = ''2'' UNION SELECT 3 AS `id`, ''Answer 3'' AS `name` WHERE ''{secondQuestion}'' = ''2''');

-- Main step 2
INSERT INTO `wiser_item` (`entity_type`, `moduleid`, `published_environment`, `title`) VALUES ('hoofdstap', 800, 15, 'MainStep2');
SET @mainStepTwoId = (SELECT LAST_INSERT_ID());
INSERT INTO `wiser_itemlink` (`item_id`, `destination_item_id`, `type`, `ordering`) VALUES (@mainStepTwoId, @configuratorId, 1, 2);
INSERT INTO `wiser_itemdetail` (`item_id`, `key`, `value`) VALUES (@mainStepTwoId, 'variable_name', 'mainStepTwo');
INSERT INTO `wiser_itemdetail` (`item_id`, `key`, `value`) VALUES (@mainStepTwoId, 'datasource', 'customquery');
INSERT INTO `wiser_itemdetail` (`item_id`, `key`, `value`) VALUES (@mainStepTwoId, 'step_template', '<h3>Mainstep 2</h3>{steps}');

-- Main step 2 - Step 1
INSERT INTO `wiser_item` (`entity_type`, `moduleid`, `published_environment`, `title`) VALUES ('stap', 800, 15, 'Step1');
SET @stepTwoOneId = (SELECT LAST_INSERT_ID());
INSERT INTO `wiser_itemlink` (`item_id`, `destination_item_id`, `type`, `ordering`) VALUES (@stepTwoOneId, @mainStepTwoId, 1, 1);
INSERT INTO `wiser_itemdetail` (`item_id`, `key`, `value`) VALUES (@stepTwoOneId, 'variable_name', 'stepThree');
INSERT INTO `wiser_itemdetail` (`item_id`, `key`, `value`) VALUES (@stepTwoOneId, 'datasource', 'customquery');
INSERT INTO `wiser_itemdetail` (`item_id`, `key`, `value`) VALUES (@stepTwoOneId, 'step_template', '<h3>Question 3</h3>{datasource_values}');
INSERT INTO `wiser_itemdetail` (`item_id`, `key`, `value`) VALUES (@stepTwoOneId, 'values_template', '<input id="thirdQuestion-{id}" type="radio" name="thirdQuestion" class="toggle configurator-value-item" value="{id}" data-jconfigurator-name="Choice 1" data-jconfigurator-value="{id}" data-jconfigurator-valuename="{name}"/><label for="thirdQuestion-{id}">{name}</label><br/>');
INSERT INTO `wiser_itemdetail` (`item_id`, `key`, `value`) VALUES (@stepTwoOneId, 'custom_query', 'SELECT 1 AS `id`, ''Answer 1'' AS `name` UNION SELECT 2 AS `id`, ''Answer 2'' AS `name`');

-- Templates
-- Configurator dynamic content
SET @newContentId = (SELECT IFNULL(MAX(`content_id`), 0) + 1 FROM `wiser_dynamic_content`);
INSERT INTO `wiser_dynamic_content` (`content_id`, `settings`, `component`, `component_mode`, `version`, `title`, `changed_on`, `changed_by`, `published_environment`) VALUES (@newContentId, '{"ConfiguratorName":"ExampleConfigurator","ValuesCanContainDashes":false,"ProductsApiBaseUrl":"","ProductsApiGetProductsUrl":"","ProductsApiSalesPriceProperty":"","ProductsApiPurchasePriceProperty":"","ProductsApiFromPriceProperty":"","UserNeedsToBeLoggedIn":false,"HandleRequest":false,"EvaluateIfElseInTemplates":true,"RemoveUnknownVariables":true,"CachingMode":"0","CachingLocation":"0","CacheMinutes":0,"ComponentMode":"1"}', 'Configurator', 'Default', 1, 'ExampleConfigurator', NOW(), 'Wiser', 1);
SET @configuratorDynamicContentId = (SELECT `content_id` FROM `wiser_dynamic_content` WHERE `id` = LAST_INSERT_ID());

-- Configurator scripts folder
SET @scriptsFolderTemplateId = (SELECT `template_id` FROM `wiser_template` WHERE `template_name` = 'JS');
SET @newTemplateId = (SELECT IFNULL(MAX(`template_id`), 0) + 1 FROM `wiser_template`);
INSERT INTO `wiser_template` (`parent_id`, `template_name`, `template_type`, `version`, `template_id`, `changed_on`, `changed_by`, `published_environment`) VALUES (@scriptsFolderTemplateId, 'Configurators', 7, 1, @newTemplateId, NOW(), 'Wiser', 1);
SET @configuratorScriptsFolder = (SELECT `template_id` FROM `wiser_template` WHERE `id` = LAST_INSERT_ID());

-- Configurator script template
SET @newTemplateId = (SELECT IFNULL(MAX(`template_id`), 0) + 1 FROM `wiser_template`);
INSERT INTO `wiser_template` (`parent_id`, `template_name`, `template_data`, `template_type`, `version`, `template_id`, `changed_on`, `changed_by`, `published_environment`) VALUES (@configuratorScriptsFolder, 'ExampleConfigurator',
CONCAT('class ExampleConfigurator {
    constructor() {
        document.addEventListener("DOMContentLoaded", this.onPageReady.bind(this));
    }
    
    async onPageReady() {
        await this.initConfigurator();
    }

    async initConfigurator(){
        jjl = jjl || new Object({});
        jjl.configurator.settings.configuratorName = "ExampleConfigurator";
        jjl.configurator.settings.returnToRootOnBackFromFirstStep = true;
        jjl.configurator.settings.contentId = ', @configuratorDynamicContentId, ';
        jjl.configurator.settings.defaultServerUrl = "component.gcl";
        jjl.configurator.settings.useJclComponent = true;
        jjl.configurator.settings.doNotUseDashOnPrice = true;
        jjl.configurator.settings.enableProfiling = true;
        jjl.configurator.settings.priceOfCentsInSub = true;
        jjl.configurator.settings.priceDecimalSeparator = ".";
        jjl.configurator.settings.quickLoading = true;    
        jjl.configurator.settings.onlyDoFullSteps = true;              
        
        await jjl.configurator.autoInit();
    }
}

window.configurator = new ExampleConfigurator();'),
4, 1, @newTemplateId, NOW(), 'Wiser', 1);
SET @configuratorScriptTemplateId = (SELECT `template_id` FROM `wiser_template` WHERE `id` = LAST_INSERT_ID());

-- Configurator HTML folder
SET @htmlFolderTemplateId = (SELECT `template_id` FROM `wiser_template` WHERE `template_name` = 'HTML');
SET @newTemplateId = (SELECT IFNULL(MAX(`template_id`), 0) + 1 FROM `wiser_template`);
INSERT INTO `wiser_template` (`parent_id`, `template_name`, `template_type`, `version`, `template_id`, `changed_on`, `changed_by`, `published_environment`) VALUES (@htmlFolderTemplateId, 'Configurators', 7, 1, @newTemplateId, NOW(), 'Wiser', 1);
SET @configuratorTemplateFolder = (SELECT `template_id` FROM `wiser_template` WHERE `id` = LAST_INSERT_ID());

-- Configurator HTML template
SET @newTemplateId = (SELECT IFNULL(MAX(`template_id`), 0) + 1 FROM `wiser_template`);
INSERT INTO `wiser_template` (`parent_id`, `template_name`, `template_data`, `template_type`, `version`, `template_id`, `changed_on`, `changed_by`, `published_environment`, `linked_templates`) VALUES (@configuratorTemplateFolder, 'ExampleConfigurator', CONCAT('<div class="dynamic-content" content-id="', @configuratorDynamicContentId, '"><h2>ExampleConfigurator</h2></div>'), 1, 1, @newTemplateId, NOW(), 'Wiser', 1, @configuratorScriptTemplateId);
SET @configuratorHtmlTemplateId = (SELECT `template_id` FROM `wiser_template` WHERE `id` = LAST_INSERT_ID());

-- Connect configurator HTML template and dynamic content
INSERT INTO `wiser_template_dynamic_content` (`content_id`, `destination_template_id`, `added_on`, `added_by`) VALUES (@configuratorDynamicContentId, @configuratorHtmlTemplateId, NOW(), 'Wiser');
