-- ----------------------------
-- Configurator modules
-- ----------------------------
INSERT INTO `wiser_module` (`id`, `custom_query`, `count_query`, `options`, `name`, `icon`, `color`, `type`, `group`) VALUES (800, NULL, NULL, NULL, 'Configurator beheer', 'routes', NULL, 'DynamicItems', 'Instellingen');
INSERT INTO `wiser_module` (`id`, `custom_query`, `count_query`, `options`, `name`, `icon`, `color`, `type`, `group`) VALUES (854, 'SELECT \r\n	configuration.id,\r\n	configuration.id AS `encrypted_id_encrypt_withdate`,\r\n	configuration.title,\r\n	configuration.entity_type,\r\n	barcode.`value` AS barcode,\r\n	configuration.added_on AS datecreated,\r\n	CAST(REPLACE(purchasePrice.`value`, \',\', \'.\') AS DECIMAL(8, 2)) AS purchaseprice,\r\n	CAST(REPLACE(salesPrice.`value`, \',\', \'.\') AS DECIMAL(8, 2)) salesprice\r\nFROM configurations_wiser_item AS configuration\r\n\r\n[if({barcode}=)]LEFT [endif] JOIN configurations_wiser_itemdetail AS barcode ON barcode.item_id = configuration.id AND barcode.`key` = \'barcode\' [if({barcode}!)]AND barcode.`value`=\'{barcode}\'[endif]\r\n\r\n[if({purchaseprice}=)]LEFT [endif] JOIN configurations_wiser_itemdetail AS purchasePrice ON purchasePrice.item_id = configuration.id AND purchasePrice.`key` = \'purchase_price\' [if({purchaseprice}!)]AND CAST(REPLACE(purchasePrice.`value`, \',\', \'.\') AS DECIMAL(8, 2)) {purchaseprice_filter}[endif]\r\n\r\n[if({salesprice}=)]LEFT [endif]JOIN configurations_wiser_itemdetail AS salesPrice ON salesPrice.item_id = configuration.id AND salesPrice.`key` = \'sales_price\' [if({salesprice}!)]CAST(REPLACE(salesPrice.`value`, \',\', \'.\') AS DECIMAL(8, 2)) {salesprice_filter}[endif]\r\n\r\nWHERE configuration.entity_type = \'configuration\'\r\n[if({id}!)]AND configuration.id {id_filter}[endif]\r\n[if({title}!)]AND configuration.title {title_filter}[endif]\r\nORDER BY id DESC\r\n{limit}', '\r\nSELECT COUNT(*)\r\nFROM configurations_wiser_item AS configuration\r\n[if({barcode}=)]LEFT [endif] JOIN configurations_wiser_itemdetail AS barcode ON barcode.item_id = configuration.id AND barcode.`key` = \'barcode\' [if({barcode}!)]AND barcode.`value`=\'{barcode}\'[endif]\r\n[if({purchaseprice}=)]LEFT [endif] JOIN configurations_wiser_itemdetail AS purchasePrice ON purchasePrice.item_id = configuration.id AND purchasePrice.`key` = \'purchase_price\' [if({purchaseprice}!)]AND CAST(REPLACE(purchasePrice.`value`, \',\', \'.\') AS DECIMAL(8, 2)) {purchaseprice_filter}[endif]\r\n\r\n\r\n[if({salesprice}=)]LEFT [endif]JOIN configurations_wiser_itemdetail AS salesPrice ON salesPrice.item_id = configuration.id AND salesPrice.`key` = \'sales_price\' [if({salesprice}!)]CAST(REPLACE(salesPrice.`value`, \',\', \'.\') AS DECIMAL(8, 2)) {salesprice_filter}[endif]\r\n\r\nWHERE configuration.entity_type = \'configuration\'\r\n', '{\r\n	\"gridViewMode\": true,\r\n	\"gridViewSettings\": {\r\n		\"pageSize\": 100,\r\n		\"columns\": [\r\n			{ \"field\": \"id\", \"title\": \"ID\", \"filterable\": { \"extra\": false } },\r\n			{ \"field\": \"title\", \"title\": \"Naam\",  \"filterable\": { \"extra\": false }},\r\n			{ \"field\": \"barcode\", \"title\": \"Barcode\", \"filterable\": { \"extra\": false } },\r\n			{ \"field\": \"datecreated\", \"title\": \"Aangemaakt op\", \"filterable\": { \"extra\": false }, \"format\": \"{0:dd-MM-yyyy HH:mm:ss}\" },\r\n			{ \"field\": \"purchaseprice\", \"title\": \"Inkoopprijs\", \"filterable\": { \"extra\": false }, \"format\": \"{0:c}\" },\r\n			{ \"field\": \"salesprice\", \"title\": \"Verkoopprijs\", \"filterable\": { \"extra\": false }, \"format\": \"{0:c}\" }\r\n		],\r\n		\"filterable\": true\r\n	}\r\n}', 'Configuraties', 'routes', NULL, 'DynamicItems', 'Bestelproces');

-- ----------------------------
-- Records of wiser_permission
-- ----------------------------
INSERT INTO `wiser_permission` (`role_id`, `entity_name`, `item_id`, `entity_property_id`, `permissions`, `module_id`) VALUES (1, '', 0, 0, 15, 800);
INSERT INTO `wiser_permission` (`role_id`, `entity_name`, `item_id`, `entity_property_id`, `permissions`, `module_id`) VALUES (1, '', 0, 0, 15, 854);

-- ----------------------------
-- Records of wiser_entity
-- ----------------------------
INSERT INTO `wiser_entity` (`name`, `module_id`, `accepted_childtypes`, `icon`, `icon_add`, `icon_expanded`, `show_in_tree_view`, `query_after_insert`, `query_after_update`, `query_before_update`, `query_before_delete`, `color`, `show_in_search`, `show_overview_tab`, `save_title_as_seo`, `api_after_insert`, `api_after_update`, `api_before_update`, `api_before_delete`, `show_title_field`, `friendly_name`, `default_ordering`, `save_history`, `enable_multiple_environments`, `dedicated_table_prefix`) VALUES ('', 800, 'configurator', '', '', '', 1, NULL, NULL, NULL, NULL, 'blue', 1, 1, 0, NULL, NULL, NULL, NULL, 1, NULL, 'link_ordering', 1, 0, '');
INSERT INTO `wiser_entity` (`name`, `module_id`, `accepted_childtypes`, `icon`, `icon_add`, `icon_expanded`, `show_in_tree_view`, `query_after_insert`, `query_after_update`, `query_before_update`, `query_before_delete`, `color`, `show_in_search`, `show_overview_tab`, `save_title_as_seo`, `api_after_insert`, `api_after_update`, `api_before_update`, `api_before_delete`, `show_title_field`, `friendly_name`, `default_ordering`, `save_history`, `enable_multiple_environments`, `dedicated_table_prefix`) VALUES ('configurator', 800, 'stap', 'icon-combination', '', 'icon-combination', 1, NULL, NULL, NULL, NULL, 'blue', 1, 1, 0, NULL, NULL, NULL, NULL, 1, NULL, 'link_ordering', 1, 0, '');
INSERT INTO `wiser_entity` (`name`, `module_id`, `accepted_childtypes`, `icon`, `icon_add`, `icon_expanded`, `show_in_tree_view`, `query_after_insert`, `query_after_update`, `query_before_update`, `query_before_delete`, `color`, `show_in_search`, `show_overview_tab`, `save_title_as_seo`, `api_after_insert`, `api_after_update`, `api_before_update`, `api_before_delete`, `show_title_field`, `friendly_name`, `default_ordering`, `save_history`, `enable_multiple_environments`, `dedicated_table_prefix`) VALUES ('stap', 800, 'stap', 'icon-choices', '', 'icon-choices', 1, NULL, NULL, NULL, NULL, 'blue', 1, 1, 0, NULL, NULL, NULL, NULL, 1, NULL, 'link_ordering', 1, 0, '');
INSERT INTO `wiser_entity` (`name`, `module_id`, `accepted_childtypes`, `icon`, `icon_add`, `icon_expanded`, `show_in_tree_view`, `query_after_insert`, `query_after_update`, `query_before_update`, `query_before_delete`, `color`, `show_in_search`, `show_overview_tab`, `save_title_as_seo`, `api_after_insert`, `api_after_update`, `api_before_update`, `api_before_delete`, `show_title_field`, `friendly_name`, `default_ordering`, `save_history`, `enable_multiple_environments`, `dedicated_table_prefix`) VALUES ('configuration', 854, 'configurationline', 'icon-combination', '', 'icon-combination', 1, NULL, NULL, NULL, NULL, 'blue', 1, 1, 0, NULL, NULL, NULL, NULL, 1, NULL, 'link_ordering', 1, 0, 'configurations');
INSERT INTO `wiser_entity` (`name`, `module_id`, `accepted_childtypes`, `icon`, `icon_add`, `icon_expanded`, `show_in_tree_view`, `query_after_insert`, `query_after_update`, `query_before_update`, `query_before_delete`, `color`, `show_in_search`, `show_overview_tab`, `save_title_as_seo`, `api_after_insert`, `api_after_update`, `api_before_update`, `api_before_delete`, `show_title_field`, `friendly_name`, `default_ordering`, `save_history`, `enable_multiple_environments`, `dedicated_table_prefix`) VALUES ('configurationline', 854, '', 'icon-combination', '', 'icon-combination', 1, NULL, NULL, NULL, NULL, 'blue', 1, 1, 0, NULL, NULL, NULL, NULL, 1, NULL, 'link_ordering', 1, 0, 'configurations');
INSERT INTO `wiser_entity` (`name`, `module_id`, `accepted_childtypes`, `icon`, `icon_add`, `icon_expanded`, `show_in_tree_view`, `query_after_insert`, `query_after_update`, `query_before_update`, `query_before_delete`, `color`, `show_in_search`, `show_overview_tab`, `save_title_as_seo`, `api_after_insert`, `api_after_update`, `api_before_update`, `api_before_delete`, `show_title_field`, `friendly_name`, `default_ordering`, `save_history`, `enable_multiple_environments`, `dedicated_table_prefix`, `template_query`, `template_html`, `delete_action`) VALUES ('ConfiguratorApi', 700, '', 'icon-config', '', 'icon-config', 1, '', '', '', '', 'blue', 1, 1, 0, NULL, NULL, NULL, NULL, 1, '', 'link_ordering', 1, 0, '', NULL, NULL, 'archive');

-- ----------------------------
-- Records of wiser_link
-- ----------------------------
INSERT INTO `wiser_link` (`type`, `destination_entity_type`, `connected_entity_type`, `name`, `show_in_tree_view`, `show_in_data_selector`, `relationship`, `duplication`, `use_item_parent_id`, `use_dedicated_table`, `cascade_delete`) VALUES (41, 'configurator', 'ConfiguratorApi', 'PriceConfiguratorApiToConfigurator', 1, 1, 'one-to-many', 'none', 0, 0, 0);
INSERT INTO `wiser_link` (`type`, `destination_entity_type`, `connected_entity_type`, `name`, `show_in_tree_view`, `show_in_data_selector`, `relationship`, `duplication`, `use_item_parent_id`, `use_dedicated_table`, `cascade_delete`) VALUES (42, 'configurator', 'ConfiguratorApi', 'SaveConfiguratorApiToConfigurator', 1, 1, 'one-to-many', 'none', 0, 0, 0);
INSERT INTO `wiser_link` (`type`, `destination_entity_type`, `connected_entity_type`, `name`, `show_in_tree_view`, `show_in_data_selector`, `relationship`, `duplication`, `use_item_parent_id`, `use_dedicated_table`, `cascade_delete`) VALUES (1, 'configuration', 'configurationline', 'ConfigurationLineUnderConfiguration', 1, 1, 'one-to-many', 'none', 1, 0, 1);
INSERT INTO `wiser_link` (`type`, `destination_entity_type`, `connected_entity_type`, `name`, `show_in_tree_view`, `show_in_data_selector`, `relationship`, `duplication`, `use_item_parent_id`, `use_dedicated_table`, `cascade_delete`) VALUES (1, 'configuration', 'configuration', 'SubConfigurationUnderConfiguration', 1, 1, 'one-to-many', 'none', 1, 0, 0);
INSERT INTO `wiser_link` (`type`, `destination_entity_type`, `connected_entity_type`, `name`, `show_in_tree_view`, `show_in_data_selector`, `relationship`, `duplication`, `use_item_parent_id`, `use_dedicated_table`, `cascade_delete`) VALUES (1, 'configurator', 'stap', 'StepToConfigurator', 1, 1, 'one-to-many', 'none', 0, 0, 0);
INSERT INTO `wiser_link` (`type`, `destination_entity_type`, `connected_entity_type`, `name`, `show_in_tree_view`, `show_in_data_selector`, `relationship`, `duplication`, `use_item_parent_id`, `use_dedicated_table`, `cascade_delete`) VALUES (1, 'stap', 'stap', 'StepToStep', 1, 1, 'one-to-many', 'none', 0, 0, 0);

-- ----------------------------
-- Records of wiser_entityproperty
-- ----------------------------
-- Entity type: Configurator
INSERT INTO `wiser_entityproperty` (`module_id`, `entity_name`, `link_type`, `visible_in_overview`, `overview_width`, `tab_name`, `group_name`, `inputtype`, `display_name`, `property_name`, `explanation`, `ordering`, `regex_validation`, `mandatory`, `readonly`, `default_value`, `automation`, `css`, `width`, `height`, `options`, `data_query`, `action_query`, `search_query`, `search_count_query`, `grid_delete_query`, `grid_insert_query`, `grid_update_query`, `depends_on_field`, `depends_on_operator`, `depends_on_value`, `language_code`, `custom_script`, `also_save_seo_value`, `depends_on_action`, `save_on_change`, `extended_explanation`, `label_style`, `label_width`, `enable_aggregation`, `aggregate_options`, `access_key`, `visibility_path_regex`) VALUES (0, 'configurator', 0, 0, 100, '', 'Voortgangsbalk', 'checkbox', 'Toon voortgang stap voor samenvatting', 'show_summary_progress_bar_step', NULL, 1, '', 0, 0, '1', '', NULL, 25, 0, NULL, NULL, NULL, NULL, NULL, NULL, NULL, NULL, NULL, NULL, NULL, '', NULL, 0, NULL, 0, 0, 'normal', '0', 0, NULL, '', '');
INSERT INTO `wiser_entityproperty` (`module_id`, `entity_name`, `link_type`, `visible_in_overview`, `overview_width`, `tab_name`, `group_name`, `inputtype`, `display_name`, `property_name`, `explanation`, `ordering`, `regex_validation`, `mandatory`, `readonly`, `default_value`, `automation`, `css`, `width`, `height`, `options`, `data_query`, `action_query`, `search_query`, `search_count_query`, `grid_delete_query`, `grid_insert_query`, `grid_update_query`, `depends_on_field`, `depends_on_operator`, `depends_on_value`, `language_code`, `custom_script`, `also_save_seo_value`, `depends_on_action`, `save_on_change`, `extended_explanation`, `label_style`, `label_width`, `enable_aggregation`, `aggregate_options`, `access_key`, `visibility_path_regex`) VALUES (0, 'configurator', 0, 0, 100, '', 'Samenvatting', 'input', 'Samenvatting stap naam Nederlands', 'summary_step_name', NULL, 2, '', 0, 0, NULL, '', NULL, 25, 0, NULL, NULL, NULL, NULL, NULL, NULL, NULL, NULL, NULL, NULL, NULL, 'nl', NULL, 0, NULL, 0, 0, 'normal', '0', 0, NULL, '', '');
INSERT INTO `wiser_entityproperty` (`module_id`, `entity_name`, `link_type`, `visible_in_overview`, `overview_width`, `tab_name`, `group_name`, `inputtype`, `display_name`, `property_name`, `explanation`, `ordering`, `regex_validation`, `mandatory`, `readonly`, `default_value`, `automation`, `css`, `width`, `height`, `options`, `data_query`, `action_query`, `search_query`, `search_count_query`, `grid_delete_query`, `grid_insert_query`, `grid_update_query`, `depends_on_field`, `depends_on_operator`, `depends_on_value`, `language_code`, `custom_script`, `also_save_seo_value`, `depends_on_action`, `save_on_change`, `extended_explanation`, `label_style`, `label_width`, `enable_aggregation`, `aggregate_options`, `access_key`, `visibility_path_regex`) VALUES (0, 'configurator', 0, 0, 100, 'Templates', 'Basis', 'textbox', 'Progress-bar template', 'progress_bar_template', 'De basis template voor de progressbar. De stappen worden geplaatst op de plek waar de variable <code>{steps}</code> staat.', 3, '', 0, 0, '{steps}', '', NULL, 100, 0, '{ \"type\": \"html\" }', NULL, NULL, NULL, NULL, NULL, NULL, NULL, NULL, NULL, NULL, '', NULL, 0, NULL, 0, 1, 'normal', '0', 0, NULL, '', '');
INSERT INTO `wiser_entityproperty` (`module_id`, `entity_name`, `link_type`, `visible_in_overview`, `overview_width`, `tab_name`, `group_name`, `inputtype`, `display_name`, `property_name`, `explanation`, `ordering`, `regex_validation`, `mandatory`, `readonly`, `default_value`, `automation`, `css`, `width`, `height`, `options`, `data_query`, `action_query`, `search_query`, `search_count_query`, `grid_delete_query`, `grid_insert_query`, `grid_update_query`, `depends_on_field`, `depends_on_operator`, `depends_on_value`, `language_code`, `custom_script`, `also_save_seo_value`, `depends_on_action`, `save_on_change`, `extended_explanation`, `label_style`, `label_width`, `enable_aggregation`, `aggregate_options`, `access_key`, `visibility_path_regex`) VALUES (0, 'configurator', 0, 0, 100, 'Templates', 'Basis', 'textbox', 'Progress-bar stap template', 'progress_bar_step_template', 'De template van een stap in de progress bar. De variabele <code>{{ index }}</code> kan gebruikt worden de positie van de stap. Let op dat de index vanaf 0 begint. Om deze vanaf 1 te laten beginnen kan dit gebruikt worden:<br /><code>{{ index + 1 }}</code>', 4, '', 0, 0, '{{ stepNumber }}. {{ stepDisplayName }}', '', NULL, 100, 0, '{ \"type\": \"html\" }', NULL, NULL, NULL, NULL, NULL, NULL, NULL, NULL, NULL, NULL, '', NULL, 0, NULL, 0, 1, 'normal', '0', 0, NULL, '', '');
INSERT INTO `wiser_entityproperty` (`module_id`, `entity_name`, `link_type`, `visible_in_overview`, `overview_width`, `tab_name`, `group_name`, `inputtype`, `display_name`, `property_name`, `explanation`, `ordering`, `regex_validation`, `mandatory`, `readonly`, `default_value`, `automation`, `css`, `width`, `height`, `options`, `data_query`, `action_query`, `search_query`, `search_count_query`, `grid_delete_query`, `grid_insert_query`, `grid_update_query`, `depends_on_field`, `depends_on_operator`, `depends_on_value`, `language_code`, `custom_script`, `also_save_seo_value`, `depends_on_action`, `save_on_change`, `extended_explanation`, `label_style`, `label_width`, `enable_aggregation`, `aggregate_options`, `access_key`, `visibility_path_regex`) VALUES (0, 'configurator', 0, 0, 100, 'Templates', 'Basis', 'textbox', 'Template configurator', 'template', 'De basis template van de configurator. Kan deze variabelen bevatten:\n{progress}, {steps}', 5, '', 0, 0, '{steps}<br\\>\n{progress}', '', NULL, 100, 0, '{ \"type\": \"html\" }', NULL, NULL, NULL, NULL, NULL, NULL, NULL, NULL, NULL, NULL, '', NULL, 0, NULL, 0, 0, 'normal', '0', 0, NULL, '', '');
INSERT INTO `wiser_entityproperty` (`module_id`, `entity_name`, `link_type`, `visible_in_overview`, `overview_width`, `tab_name`, `group_name`, `inputtype`, `display_name`, `property_name`, `explanation`, `ordering`, `regex_validation`, `mandatory`, `readonly`, `default_value`, `automation`, `css`, `width`, `height`, `options`, `data_query`, `action_query`, `search_query`, `search_count_query`, `grid_delete_query`, `grid_insert_query`, `grid_update_query`, `depends_on_field`, `depends_on_operator`, `depends_on_value`, `language_code`, `custom_script`, `also_save_seo_value`, `depends_on_action`, `save_on_change`, `extended_explanation`, `label_style`, `label_width`, `enable_aggregation`, `aggregate_options`, `access_key`, `visibility_path_regex`) VALUES (0, 'configurator', 0, 0, 100, 'Templates', 'Basis', 'textbox', 'Template voortgang', 'progress_template', 'De HTML template voor de voortgang. Deze wordt volledig via Vue beheerd en kent dus geen standaard variabelen.', 6, '', 0, 0, '{steps}', '', NULL, 100, 0, '{ \"type\": \"html\" }', NULL, NULL, NULL, NULL, NULL, NULL, NULL, NULL, NULL, NULL, '', NULL, 0, NULL, 0, 0, 'normal', '0', 0, NULL, '', '');
INSERT INTO `wiser_entityproperty` (`module_id`, `entity_name`, `link_type`, `visible_in_overview`, `overview_width`, `tab_name`, `group_name`, `inputtype`, `display_name`, `property_name`, `explanation`, `ordering`, `regex_validation`, `mandatory`, `readonly`, `default_value`, `automation`, `css`, `width`, `height`, `options`, `data_query`, `action_query`, `search_query`, `search_count_query`, `grid_delete_query`, `grid_insert_query`, `grid_update_query`, `depends_on_field`, `depends_on_operator`, `depends_on_value`, `language_code`, `custom_script`, `also_save_seo_value`, `depends_on_action`, `save_on_change`, `extended_explanation`, `label_style`, `label_width`, `enable_aggregation`, `aggregate_options`, `access_key`, `visibility_path_regex`) VALUES (0, 'configurator', 0, 0, 100, 'Custom parameters', '', 'input', 'Parameter naam', 'custom_param_name', 'De naam van de custom parameter', 7, '', 0, 0, '', '', NULL, 20, 0, '', '', '', '', '', '', '', '', '', NULL, '', '', '', 0, NULL, 0, 0, 'normal', '0', 0, '', '', '');
INSERT INTO `wiser_entityproperty` (`module_id`, `entity_name`, `link_type`, `visible_in_overview`, `overview_width`, `tab_name`, `group_name`, `inputtype`, `display_name`, `property_name`, `explanation`, `ordering`, `regex_validation`, `mandatory`, `readonly`, `default_value`, `automation`, `css`, `width`, `height`, `options`, `data_query`, `action_query`, `search_query`, `search_count_query`, `grid_delete_query`, `grid_insert_query`, `grid_update_query`, `depends_on_field`, `depends_on_operator`, `depends_on_value`, `language_code`, `custom_script`, `also_save_seo_value`, `depends_on_action`, `save_on_change`, `extended_explanation`, `label_style`, `label_width`, `enable_aggregation`, `aggregate_options`, `access_key`, `visibility_path_regex`) VALUES (0, 'configurator', 0, 0, 100, 'Custom parameters', '', 'input', 'Parameter Dependencies', 'custom_param_dependencies', 'Komma gescheiden de variabele namen waarvan de custom parameter afhankelijk is. Wanneer deze gevuld is wordt alleen een resultaat gegeven als alle variabelen voorkomen in het configuratie object.', 8, '', 0, 0, '', '', NULL, 70, 0, '', '', '', '', '', '', '', '', '', NULL, '', '', '', 0, NULL, 0, 0, 'normal', '0', 0, '', '', '');
INSERT INTO `wiser_entityproperty` (`module_id`, `entity_name`, `link_type`, `visible_in_overview`, `overview_width`, `tab_name`, `group_name`, `inputtype`, `display_name`, `property_name`, `explanation`, `ordering`, `regex_validation`, `mandatory`, `readonly`, `default_value`, `automation`, `css`, `width`, `height`, `options`, `data_query`, `action_query`, `search_query`, `search_count_query`, `grid_delete_query`, `grid_insert_query`, `grid_update_query`, `depends_on_field`, `depends_on_operator`, `depends_on_value`, `language_code`, `custom_script`, `also_save_seo_value`, `depends_on_action`, `save_on_change`, `extended_explanation`, `label_style`, `label_width`, `enable_aggregation`, `aggregate_options`, `access_key`, `visibility_path_regex`) VALUES (0, 'configurator', 0, 0, 100, 'Custom parameters', '', 'textbox', 'Parameter query', 'custom_param_query', 'De query om de parameter te bepalen', 9, '', 0, 0, '', '', NULL, 100, 0, '{\"type\":\"mysql\"}', '', '', '', '', '', '', '', '', NULL, '', '', '', 0, NULL, 0, 0, 'normal', '0', 0, '', '', '');
INSERT INTO `wiser_entityproperty` (`module_id`, `entity_name`, `link_type`, `visible_in_overview`, `overview_width`, `tab_name`, `group_name`, `inputtype`, `display_name`, `property_name`, `explanation`, `ordering`, `regex_validation`, `mandatory`, `readonly`, `default_value`, `automation`, `css`, `width`, `height`, `options`, `data_query`, `action_query`, `search_query`, `search_count_query`, `grid_delete_query`, `grid_insert_query`, `grid_update_query`, `depends_on_field`, `depends_on_operator`, `depends_on_value`, `language_code`, `custom_script`, `also_save_seo_value`, `depends_on_action`, `save_on_change`, `extended_explanation`, `label_style`, `label_width`, `enable_aggregation`, `aggregate_options`, `access_key`, `visibility_path_regex`) VALUES (0, 'configurator', 0, 0, 100, 'Queries', '', 'textbox', 'Basis query', 'base_data_query', 'De query voor basisdata voor de configurator, zoals productinformatie.', 10, '', 0, 0, NULL, '', NULL, 100, 0, '{ \"type\": \"mysql\" }', NULL, NULL, NULL, NULL, NULL, NULL, NULL, NULL, NULL, NULL, '', NULL, 0, NULL, 0, 0, 'normal', '0', 0, NULL, '', '');
INSERT INTO `wiser_entityproperty` (`module_id`, `entity_name`, `link_type`, `visible_in_overview`, `overview_width`, `tab_name`, `group_name`, `inputtype`, `display_name`, `property_name`, `explanation`, `ordering`, `regex_validation`, `mandatory`, `readonly`, `default_value`, `automation`, `css`, `width`, `height`, `options`, `data_query`, `action_query`, `search_query`, `search_count_query`, `grid_delete_query`, `grid_insert_query`, `grid_update_query`, `depends_on_field`, `depends_on_operator`, `depends_on_value`, `language_code`, `custom_script`, `also_save_seo_value`, `depends_on_action`, `save_on_change`, `extended_explanation`, `label_style`, `label_width`, `enable_aggregation`, `aggregate_options`, `access_key`, `visibility_path_regex`) VALUES (0, 'configurator', 0, 0, 100, 'Queries', '', 'textbox', 'Query voor levertijd berekening', 'delivery_time_calculation_query', 'De query voor het berekenen van de levertijd. Alle variabelen worden hieraan meegegeven.', 11, '', 0, 0, NULL, '', NULL, 100, 0, '{ \"type\": \"mysql\" }', NULL, NULL, NULL, NULL, NULL, NULL, NULL, '\r\n\r\n', NULL, NULL, '', NULL, 0, NULL, 0, 0, 'normal', '0', 0, NULL, '', '');
INSERT INTO `wiser_entityproperty` (`module_id`, `entity_name`, `link_type`, `visible_in_overview`, `overview_width`, `tab_name`, `group_name`, `inputtype`, `display_name`, `property_name`, `explanation`, `ordering`, `regex_validation`, `mandatory`, `readonly`, `default_value`, `automation`, `css`, `width`, `height`, `options`, `data_query`, `action_query`, `search_query`, `search_count_query`, `grid_delete_query`, `grid_insert_query`, `grid_update_query`, `depends_on_field`, `depends_on_operator`, `depends_on_value`, `language_code`, `custom_script`, `also_save_seo_value`, `depends_on_action`, `save_on_change`, `extended_explanation`, `label_style`, `label_width`, `enable_aggregation`, `aggregate_options`, `access_key`, `visibility_path_regex`) VALUES (0, 'configurator', 0, 0, 100, 'Queries', '', 'textbox', 'Query voor prijsberekening', 'price_calculation_query', 'De query voor het berekenen van de prijs. Alle variabelen worden hieraan meegegeven.', 12, '', 0, 0, NULL, '', NULL, 100, 0, '{ \"type\": \"mysql\" }', NULL, NULL, NULL, NULL, NULL, NULL, NULL, '\r\n\r\n', NULL, NULL, '', NULL, 0, NULL, 0, 0, 'normal', '0', 0, NULL, '', '');
INSERT INTO `wiser_entityproperty` (`module_id`, `entity_name`, `link_type`, `visible_in_overview`, `overview_width`, `tab_name`, `group_name`, `inputtype`, `display_name`, `property_name`, `explanation`, `ordering`, `regex_validation`, `mandatory`, `readonly`, `default_value`, `automation`, `css`, `width`, `height`, `options`, `data_query`, `action_query`, `search_query`, `search_count_query`, `grid_delete_query`, `grid_insert_query`, `grid_update_query`, `depends_on_field`, `depends_on_operator`, `depends_on_value`, `language_code`, `custom_script`, `also_save_seo_value`, `depends_on_action`, `save_on_change`, `extended_explanation`, `label_style`, `label_width`, `enable_aggregation`, `aggregate_options`, `access_key`, `visibility_path_regex`) VALUES (0, 'configurator', 0, 0, 100, 'Queries', '', 'textbox', 'Kortings query', 'discount_query', '<p>Optioneel een query om een korting te berekenen over de prijs die vanuit de API terug komt.</p><p>Wanneer de query wordt ingesteld moet de eerste waarde de korting zijn, de tweede is een boolean of het een percentage is.</p><p>Replacements worden eerst uitgevoerd voor configurator keuzes en daarna de normale replacements.</p>', 13, '', 0, 0, '', '', NULL, 100, 0, '{\"type\":\"mysql\"}', '', '', '', '', '', '', '', '', NULL, '', '', '', 0, NULL, 0, 1, 'normal', '0', 0, '', '', '');
INSERT INTO `wiser_entityproperty` (`module_id`, `entity_name`, `link_type`, `visible_in_overview`, `overview_width`, `tab_name`, `group_name`, `inputtype`, `display_name`, `property_name`, `explanation`, `ordering`, `regex_validation`, `mandatory`, `readonly`, `default_value`, `automation`, `css`, `width`, `height`, `options`, `data_query`, `action_query`, `search_query`, `search_count_query`, `grid_delete_query`, `grid_insert_query`, `grid_update_query`, `depends_on_field`, `depends_on_operator`, `depends_on_value`, `language_code`, `custom_script`, `also_save_seo_value`, `depends_on_action`, `save_on_change`, `extended_explanation`, `label_style`, `label_width`, `enable_aggregation`, `aggregate_options`, `access_key`, `visibility_path_regex`) VALUES (0, 'configurator', 0, 0, 100, 'Queries', '', 'textbox', 'Configuratie opslaan query', 'save_configuration_query', '<p>Wanneer de query is gevuld vervangt deze de query in de system objecten voor \"CONFIGURATOR_SaveConfigurationQuery\".</p><p>Via de query kunnen extra details worden toegevoegd aan het configuratie object. Hierbij wordt de kolom \"itemdetail_name\" gebruikt als \"key\" en \"itemdetail_value\" als \"value\".</p><p>De querystring key-value pairs kunnen gebruikt worden als replacements binnen de query.</p>', 14, '', 0, 0, '', '', NULL, 100, 0, '{\"type\":\"mysql\"}', '', '', '', '', '', '', '', '', NULL, '', '', '', 0, NULL, 0, 1, 'normal', '0', 0, '', '', '');
INSERT INTO `wiser_entityproperty` (`module_id`, `entity_name`, `link_type`, `visible_in_overview`, `overview_width`, `tab_name`, `group_name`, `inputtype`, `display_name`, `property_name`, `explanation`, `ordering`, `regex_validation`, `mandatory`, `readonly`, `default_value`, `automation`, `css`, `width`, `height`, `options`, `data_query`, `action_query`, `search_query`, `search_count_query`, `grid_delete_query`, `grid_insert_query`, `grid_update_query`, `depends_on_field`, `depends_on_operator`, `depends_on_value`, `language_code`, `custom_script`, `also_save_seo_value`, `depends_on_action`, `save_on_change`, `extended_explanation`, `label_style`, `label_width`, `enable_aggregation`, `aggregate_options`, `access_key`, `visibility_path_regex`) VALUES (0, 'configurator', 0, 0, 100, 'Queries', '', 'textbox', 'Configuratieregel opslaan query', 'save_configuration_line_query', '<p>Wanneer de query is gevuld vervangt deze de query in de system objecten voor \"CONFIGURATOR_SaveConfigurationLineQuery\".</p><p>Via de query kunnen extra details worden toegevoegd aan het configuratieregel object. Hierbij wordt de kolom \"itemdetail_name\" gebruikt als \"key\" en \"itemdetail_value\" als \"value\".</p><p>Voor replacements kan per configuratieregel de variabele naam via \"id\" en de gekozen waarde via \"value\" gebruikt worden.</p>', 15, '', 0, 0, '', '', NULL, 100, 0, '{\"type\":\"mysql\"}', '', '', '', '', '', '', '', '', NULL, '', '', '', 0, NULL, 0, 1, 'normal', '0', 0, '', '', '');
INSERT INTO `wiser_entityproperty` (`module_id`, `entity_name`, `link_type`, `visible_in_overview`, `overview_width`, `tab_name`, `group_name`, `inputtype`, `display_name`, `property_name`, `explanation`, `ordering`, `regex_validation`, `mandatory`, `readonly`, `default_value`, `automation`, `css`, `width`, `height`, `options`, `data_query`, `action_query`, `search_query`, `search_count_query`, `grid_delete_query`, `grid_insert_query`, `grid_update_query`, `depends_on_field`, `depends_on_operator`, `depends_on_value`, `language_code`, `custom_script`, `also_save_seo_value`, `depends_on_action`, `save_on_change`, `extended_explanation`, `label_style`, `label_width`, `enable_aggregation`, `aggregate_options`, `access_key`, `visibility_path_regex`) VALUES (0, 'configurator', 0, 0, 100, 'API', '', 'sub-entities-grid', 'Prijsberekening', 'Prijsberekening', 'Selecteer welke APIs aangeroepen moeten worden voor de berekening van de prijs.', 16, '', 0, 0, '', '', '', 100, 0, '{\"linkTypeNumber\":\"41\",\"hideCommandColumn\":false,\"disableInlineEditing\":true,\"disableOpeningOfItems\":false,\"deletionOfItems\":\"off\",\"toolbar\":{\"hideExportButton\":true,\"hideCheckAllButton\":true,\"hideUncheckAllButton\":true,\"hideCreateButton\":true,\"customActions\":[],\"hideLinkButton\":false,\"hideCount\":false,\"hideClearFiltersButton\":false},\"entityType\":\"ConfiguratorApi\",\"selectable\":false,\"refreshGridAfterInlineEdit\":false,\"showDeleteConformations\":false,\"checkboxes\":false,\"showChangedByColumn\":false,\"showChangedOnColumn\":false,\"showAddedByColumn\":false,\"showAddedOnColumn\":false,\"customQuery\":false,\"hasCustomDeleteQuery\":false,\"hasCustomUpdateQuery\":false,\"hasCustomInsertQuery\":false,\"hideTitleColumn\":false,\"hideEnvironmentColumn\":true,\"hideTypeColumn\":false,\"hideLinkIdColumn\":true,\"hideIdColumn\":false,\"hideTitleFieldInWindow\":false}', '', NULL, NULL, NULL, '', '', '', '', NULL, '', '', '', 0, NULL, 0, 0, 'normal', '0', 0, NULL, '', '');
INSERT INTO `wiser_entityproperty` (`module_id`, `entity_name`, `link_type`, `visible_in_overview`, `overview_width`, `tab_name`, `group_name`, `inputtype`, `display_name`, `property_name`, `explanation`, `ordering`, `regex_validation`, `mandatory`, `readonly`, `default_value`, `automation`, `css`, `width`, `height`, `options`, `data_query`, `action_query`, `search_query`, `search_count_query`, `grid_delete_query`, `grid_insert_query`, `grid_update_query`, `depends_on_field`, `depends_on_operator`, `depends_on_value`, `language_code`, `custom_script`, `also_save_seo_value`, `depends_on_action`, `save_on_change`, `extended_explanation`, `label_style`, `label_width`, `enable_aggregation`, `aggregate_options`, `access_key`, `visibility_path_regex`) VALUES (0, 'configurator', 0, 0, 100, 'API', '', 'sub-entities-grid', 'Opslaan', 'Opslaan', 'Selecteer welke APIs aangeroepen moeten worden wanneer de configuratie wordt opgeslagen.', 17, '', 0, 0, '', '', '', 100, 0, '{\"linkTypeNumber\":\"42\",\"hideCommandColumn\":false,\"disableInlineEditing\":true,\"disableOpeningOfItems\":false,\"deletionOfItems\":\"off\",\"toolbar\":{\"hideExportButton\":true,\"hideCheckAllButton\":true,\"hideUncheckAllButton\":true,\"hideCreateButton\":true,\"customActions\":[],\"hideLinkButton\":false,\"hideCount\":false,\"hideClearFiltersButton\":false},\"entityType\":\"ConfiguratorApi\",\"selectable\":false,\"refreshGridAfterInlineEdit\":false,\"showDeleteConformations\":false,\"checkboxes\":false,\"showChangedByColumn\":false,\"showChangedOnColumn\":false,\"showAddedByColumn\":false,\"showAddedOnColumn\":false,\"customQuery\":false,\"hasCustomDeleteQuery\":false,\"hasCustomUpdateQuery\":false,\"hasCustomInsertQuery\":false,\"hideTitleColumn\":false,\"hideEnvironmentColumn\":true,\"hideTypeColumn\":false,\"hideLinkIdColumn\":true,\"hideIdColumn\":false,\"hideTitleFieldInWindow\":false,\"keepFiltersState\":true}', '', '', 'SELECT\n	api.id AS id,\n    api.id AS encrypted_id_encrypt_withdate,\n    api.title AS name\nFROM wiser_item AS api\nJOIN wiser_itemdetail AS type ON type.item_id = api.id AND type.`key` = \'type\' AND type.`value` = \'2\'\nWHERE api.entity_type = \'ConfiguratorApi\'', 'SELECT COUNT(*)\nFROM wiser_item AS api\nJOIN wiser_itemdetail AS type ON type.item_id = api.id AND type.`key` = \'type\' AND type.`value` = \'2\'\nWHERE api.entity_type = \'ConfiguratorApi\'', '', '', '', '', NULL, '', '', '', 0, NULL, 0, 0, 'normal', '0', 0, '', '', '');
INSERT INTO `wiser_entityproperty` (`module_id`, `entity_name`, `link_type`, `visible_in_overview`, `overview_width`, `tab_name`, `group_name`, `inputtype`, `display_name`, `property_name`, `explanation`, `ordering`, `regex_validation`, `mandatory`, `readonly`, `default_value`, `automation`, `css`, `width`, `height`, `options`, `data_query`, `action_query`, `search_query`, `search_count_query`, `grid_delete_query`, `grid_insert_query`, `grid_update_query`, `depends_on_field`, `depends_on_operator`, `depends_on_value`, `language_code`, `custom_script`, `also_save_seo_value`, `depends_on_action`, `save_on_change`, `extended_explanation`, `label_style`, `label_width`, `enable_aggregation`, `aggregate_options`, `access_key`, `visibility_path_regex`) VALUES (0, 'configurator', 0, 0, 100, 'API', '', 'combobox', 'Start', 'api_start', 'Selecteer welke API aangeroepen moet worden wanneer de configurator wordt gestart om de configuratie extern te kunnen starten.', 18, '', 0, 0, NULL, '', NULL, 25, 0, '{\"useDropDownList\":false,\"mode\":\"\",\"mainImageUrl\":\"\",\"imagePropertyName\":\"\"}', 'SELECT\n	api.id AS id,\n    api.title AS name\nFROM wiser_item AS api\nJOIN wiser_itemdetail AS type ON type.item_id = api.id AND type.`key` = \'type\' AND type.`value` = \'3\'\nWHERE api.entity_type = \'ConfiguratorApi\'', NULL, NULL, NULL, NULL, NULL, NULL, NULL, NULL, NULL, '', NULL, 0, NULL, 0, 0, 'normal', '0', 0, NULL, '', '');
INSERT INTO `wiser_entityproperty` (`module_id`, `entity_name`, `link_type`, `visible_in_overview`, `overview_width`, `tab_name`, `group_name`, `inputtype`, `display_name`, `property_name`, `explanation`, `ordering`, `regex_validation`, `mandatory`, `readonly`, `default_value`, `automation`, `css`, `width`, `height`, `options`, `data_query`, `action_query`, `search_query`, `search_count_query`, `grid_delete_query`, `grid_insert_query`, `grid_update_query`, `depends_on_field`, `depends_on_operator`, `depends_on_value`, `language_code`, `custom_script`, `also_save_seo_value`, `depends_on_action`, `save_on_change`, `extended_explanation`, `label_style`, `label_width`, `enable_aggregation`, `aggregate_options`, `access_key`, `visibility_path_regex`) VALUES (0, 'configurator', 0, 0, 100, 'API', '', 'sub-entities-grid', 'Externe informatie opslaan', 'external_information_saving', '<p>Informatie die in de Vue configuration object staat onder externalConfiguration markeren om op te slaan bij de configuratie. De key is de property om op te slaan en de value is de naam voor de detail bij de configuratie.</p><p>&nbsp;</p><p>Bijvoorbeeld:</p><p>key: id, value: gcl_supplier_id</p>', 19, '', 0, 0, '', '', NULL, 100, 0, '{\"fieldGroupName\":\"external_information_saving\",\"keepFiltersState\":true,\"hideCommandColumn\":false,\"disableInlineEditing\":false,\"disableOpeningOfItems\":false,\"deletionOfItems\":\"off\",\"toolbar\":{\"hideExportButton\":false,\"hideCheckAllButton\":false,\"hideUncheckAllButton\":false,\"hideCreateButton\":false,\"customActions\":[],\"hideLinkButton\":false,\"hideCount\":false,\"hideClearFiltersButton\":false},\"refreshGridAfterInlineEdit\":false,\"showDeleteConformations\":false,\"checkboxes\":false,\"showChangedByColumn\":false,\"showChangedOnColumn\":false,\"showAddedByColumn\":false,\"showAddedOnColumn\":false,\"customQuery\":false,\"hasCustomDeleteQuery\":false,\"hasCustomUpdateQuery\":false,\"hasCustomInsertQuery\":false,\"hideTitleColumn\":false,\"hideEnvironmentColumn\":false,\"hideTypeColumn\":false,\"hideLinkIdColumn\":false,\"hideIdColumn\":false,\"hideTitleFieldInWindow\":false}', '', '', '', '', '', '', '', '', NULL, '', '', '', 0, NULL, 0, 1, 'normal', '0', 0, '', '', '');

-- Entity type: Step
INSERT INTO `wiser_entityproperty` (`module_id`, `entity_name`, `link_type`, `visible_in_overview`, `overview_width`, `tab_name`, `group_name`, `inputtype`, `display_name`, `property_name`, `explanation`, `ordering`, `regex_validation`, `mandatory`, `readonly`, `default_value`, `automation`, `css`, `width`, `height`, `options`, `data_query`, `action_query`, `search_query`, `search_count_query`, `grid_delete_query`, `grid_insert_query`, `grid_update_query`, `depends_on_field`, `depends_on_operator`, `depends_on_value`, `language_code`, `custom_script`, `also_save_seo_value`, `depends_on_action`, `save_on_change`, `extended_explanation`, `label_style`, `label_width`, `enable_aggregation`, `aggregate_options`, `access_key`, `visibility_path_regex`) VALUES (0, 'stap', 0, 0, 100, '', '', 'combobox', 'Kopieer lay-out templates', 'duplicatelayoutfrom', 'Kopieer templates van een andere stap (eventueel uit een andere configurator)', 1, '', 0, 0, NULL, '', NULL, 50, 0, NULL, '#verkrijg overige stappen\r\nSELECT i.id,CONCAT(ipp.title,\' - \',ip.title,\' - \',i.title) AS name\r\nFROM wiser_item i\r\nJOIN wiser_itemlink ilp ON ilp.item_id=i.id AND ilp.type=1\r\nJOIN wiser_item ip ON ip.id=ilp.destination_item_id AND ip.published_environment>=4 AND ip.entity_type=\'stap\'\r\nJOIN wiser_itemlink ilpp ON ilpp.item_id=ip.id AND ilpp.type=1\r\nJOIN wiser_item ipp ON ipp.id=ilpp.destination_item_id AND ipp.published_environment>=4 AND ipp.entity_type=\'configurator\'\r\nWHERE i.entity_type=\'stap\' AND i.published_environment>=4 AND i.id<>{itemId}\r\nORDER BY ipp.title,ip.title,i.title;', NULL, NULL, NULL, NULL, NULL, NULL, NULL, NULL, NULL, '', NULL, 0, NULL, 0, 0, 'normal', '0', 0, NULL, '', '');
INSERT INTO `wiser_entityproperty` (`module_id`, `entity_name`, `link_type`, `visible_in_overview`, `overview_width`, `tab_name`, `group_name`, `inputtype`, `display_name`, `property_name`, `explanation`, `ordering`, `regex_validation`, `mandatory`, `readonly`, `default_value`, `automation`, `css`, `width`, `height`, `options`, `data_query`, `action_query`, `search_query`, `search_count_query`, `grid_delete_query`, `grid_insert_query`, `grid_update_query`, `depends_on_field`, `depends_on_operator`, `depends_on_value`, `language_code`, `custom_script`, `also_save_seo_value`, `depends_on_action`, `save_on_change`, `extended_explanation`, `label_style`, `label_width`, `enable_aggregation`, `aggregate_options`, `access_key`, `visibility_path_regex`) VALUES (0, 'stap', 0, 0, 100, '', '', 'input', 'Variabelenaam', 'variable_name', 'Geef de naam op van de variabele waarin de gekozen waarde moet worden opgeslagen. Als er geen naam wordt opgegeven wordt standaard de SEO naam gebruikt van het item in de treeview hier links.', 2, '', 0, 0, NULL, '', NULL, 50, 0, NULL, NULL, NULL, NULL, NULL, NULL, NULL, NULL, '\r\n', NULL, NULL, '', NULL, 0, NULL, 0, 0, 'normal', '0', 0, NULL, '', '');
INSERT INTO `wiser_entityproperty` (`module_id`, `entity_name`, `link_type`, `visible_in_overview`, `overview_width`, `tab_name`, `group_name`, `inputtype`, `display_name`, `property_name`, `explanation`, `ordering`, `regex_validation`, `mandatory`, `readonly`, `default_value`, `automation`, `css`, `width`, `height`, `options`, `data_query`, `action_query`, `search_query`, `search_count_query`, `grid_delete_query`, `grid_insert_query`, `grid_update_query`, `depends_on_field`, `depends_on_operator`, `depends_on_value`, `language_code`, `custom_script`, `also_save_seo_value`, `depends_on_action`, `save_on_change`, `extended_explanation`, `label_style`, `label_width`, `enable_aggregation`, `aggregate_options`, `access_key`, `visibility_path_regex`) VALUES (0, 'stap', 0, 0, 100, '', '', 'combobox', 'Bron data', 'datasource', 'Waar moeten de items uit deze stap vandaan komen?', 3, '', 0, 0, NULL, '', NULL, 50, 0, '{ \"dataSource\": [{ \"id\": \"customquery\", \"name\": \"SQL query\" }, { \"id\": \"api\", \"name\": \"API\" }], \"useDropDownList\": false, \"mode\": \"\", \"mainImageUrl\": \"\", \"imagePropertyName\": \"\" }', NULL, NULL, NULL, NULL, NULL, NULL, NULL, '', NULL, NULL, '', NULL, 0, NULL, 0, 0, 'normal', '0', 0, NULL, '', '');
INSERT INTO `wiser_entityproperty` (`module_id`, `entity_name`, `link_type`, `visible_in_overview`, `overview_width`, `tab_name`, `group_name`, `inputtype`, `display_name`, `property_name`, `explanation`, `ordering`, `regex_validation`, `mandatory`, `readonly`, `default_value`, `automation`, `css`, `width`, `height`, `options`, `data_query`, `action_query`, `search_query`, `search_count_query`, `grid_delete_query`, `grid_insert_query`, `grid_update_query`, `depends_on_field`, `depends_on_operator`, `depends_on_value`, `language_code`, `custom_script`, `also_save_seo_value`, `depends_on_action`, `save_on_change`, `extended_explanation`, `label_style`, `label_width`, `enable_aggregation`, `aggregate_options`, `access_key`, `visibility_path_regex`) VALUES (0, 'stap', 0, 0, 100, '', '', 'textbox', 'Gekoppeld aan', 'datasource_connectedid', '<p style=\"margin-block-end: 1em;\">\r\nVoer één of meerdere (gescheiden door puntkomma) variabelen in waaraan de stap gekoppeld is.\r\n</p>\r\n<p style=\"margin-block-start: 1em; margin-block-end: 1em;\">\r\nEr kunnen ook waardes ingesteld worden voor het gekoppelde veld zodat deze stap alleen zichtbaar wordt als voor de gekoppelde stap een bepaalde waarde gekozen is. Stel de geldige waardes komma-gescheiden in tussen haakjes, bijvoorbeeld:\r\n<code>voorgaandeStap1(123);voorgaandeStap2(a,c)</code>\r\n</p>', 4, '', 0, 0, NULL, '', NULL, 50, 0, NULL, '#verkrijg (seoname of variabelename) van stappen\r\n#SELECT \'\' AS id,\'niet dupliceren\' AS name\r\n#	\r\n#UNION \r\n#\r\n#SELECT IFNULL(IFNULL(variable_name.`value`,name_seo.`value`),\'onbekend\') AS id,CONCAT(ipp.title,\' - \',ip.title,\' - \',i.title) AS name\r\n#FROM wiser_item i\r\n#JOIN wiser_itemlink ilp ON il.item_id=i.id AND ilp.type=1\r\n#JOIN wiser_item ip ON ip.id=ilp.destination_item_id\r\n#JOIN wiser_itemlink ilpp ON ilp.item_id=ip.id AND ilpp.type=1\r\n#JOIN wiser_item ipp ON ipp.id=ilpp.destination_item_id\r\n#LEFT JOIN wiser_itemdetail variable_name ON variable_name.item_id=i.id AND variable_name.`key`=\'variable_name\'\r\n#LEFT JOIN wiser_itemdetail name_seo ON name_seo.item_id=i.id AND name_seo.`key`=\'name_seo\'\r\n#WHERE i.entity_type=\'stap\' AND i.id<>{itemId}\r\n#HAVING id<>\'onbekend\'\r\n#ORDER BY ipp.title,ip.title,i.title;', NULL, NULL, NULL, NULL, NULL, NULL, NULL, NULL, NULL, '', NULL, 0, NULL, 0, 1, 'normal', '0', 0, NULL, '', '');
INSERT INTO `wiser_entityproperty` (`module_id`, `entity_name`, `link_type`, `visible_in_overview`, `overview_width`, `tab_name`, `group_name`, `inputtype`, `display_name`, `property_name`, `explanation`, `ordering`, `regex_validation`, `mandatory`, `readonly`, `default_value`, `automation`, `css`, `width`, `height`, `options`, `data_query`, `action_query`, `search_query`, `search_count_query`, `grid_delete_query`, `grid_insert_query`, `grid_update_query`, `depends_on_field`, `depends_on_operator`, `depends_on_value`, `language_code`, `custom_script`, `also_save_seo_value`, `depends_on_action`, `save_on_change`, `extended_explanation`, `label_style`, `label_width`, `enable_aggregation`, `aggregate_options`, `access_key`, `visibility_path_regex`) VALUES (0, 'stap', 0, 0, 100, '', '', 'combobox', 'Verplicht of optioneel', 'isrequired', '', 5, '', 0, 0, 'true', '', NULL, 50, 0, '{\r\n	\"dataSource\": [\r\n		{ \"name\": \"keuze is verplicht\", \"id\": \"true\" },\r\n		{ \"name\": \"keuze is optioneel\", \"id\": \"false\" }\r\n	]\r\n}', NULL, NULL, NULL, NULL, NULL, NULL, NULL, '\r\n\r\n', NULL, NULL, '', NULL, 0, NULL, 0, 0, 'normal', '0', 0, NULL, '', '');
INSERT INTO `wiser_entityproperty` (`module_id`, `entity_name`, `link_type`, `visible_in_overview`, `overview_width`, `tab_name`, `group_name`, `inputtype`, `display_name`, `property_name`, `explanation`, `ordering`, `regex_validation`, `mandatory`, `readonly`, `default_value`, `automation`, `css`, `width`, `height`, `options`, `data_query`, `action_query`, `search_query`, `search_count_query`, `grid_delete_query`, `grid_insert_query`, `grid_update_query`, `depends_on_field`, `depends_on_operator`, `depends_on_value`, `language_code`, `custom_script`, `also_save_seo_value`, `depends_on_action`, `save_on_change`, `extended_explanation`, `label_style`, `label_width`, `enable_aggregation`, `aggregate_options`, `access_key`, `visibility_path_regex`) VALUES (0, 'stap', 0, 0, 100, '', '', 'checkbox', 'Alleen verplicht indien er opties zijn', 'is_required_only_with_options', '', 6, '', 0, 0, NULL, '', NULL, 50, 0, NULL, NULL, NULL, NULL, NULL, NULL, NULL, NULL, '', NULL, NULL, '', NULL, 0, NULL, 0, 0, 'normal', '0', 0, NULL, '', '');
INSERT INTO `wiser_entityproperty` (`module_id`, `entity_name`, `link_type`, `visible_in_overview`, `overview_width`, `tab_name`, `group_name`, `inputtype`, `display_name`, `property_name`, `explanation`, `ordering`, `regex_validation`, `mandatory`, `readonly`, `default_value`, `automation`, `css`, `width`, `height`, `options`, `data_query`, `action_query`, `search_query`, `search_count_query`, `grid_delete_query`, `grid_insert_query`, `grid_update_query`, `depends_on_field`, `depends_on_operator`, `depends_on_value`, `language_code`, `custom_script`, `also_save_seo_value`, `depends_on_action`, `save_on_change`, `extended_explanation`, `label_style`, `label_width`, `enable_aggregation`, `aggregate_options`, `access_key`, `visibility_path_regex`) VALUES (0, 'stap', 0, 0, 100, '', '', 'input', 'Verplicht voorwaarden', 'required_conditions', 'De voorwaarden voor deze stap om hem verplicht te maken. Vul de naam van de stap in met één of meerdere geldige waardes tussen haakjes, bijvoorbeeld:\r\n<code>voorgaandeStap1(123);voorgaandeStap2(a,c);voorgaandeStap3(f,j)</code>', 7, '', 0, 0, NULL, '', NULL, 50, 0, NULL, NULL, NULL, NULL, NULL, NULL, NULL, NULL, 'isrequired', 'eq', 'true', '', NULL, 0, 'toggle-visibility', 0, 0, 'normal', '0', 0, NULL, '', '');
INSERT INTO `wiser_entityproperty` (`module_id`, `entity_name`, `link_type`, `visible_in_overview`, `overview_width`, `tab_name`, `group_name`, `inputtype`, `display_name`, `property_name`, `explanation`, `ordering`, `regex_validation`, `mandatory`, `readonly`, `default_value`, `automation`, `css`, `width`, `height`, `options`, `data_query`, `action_query`, `search_query`, `search_count_query`, `grid_delete_query`, `grid_insert_query`, `grid_update_query`, `depends_on_field`, `depends_on_operator`, `depends_on_value`, `language_code`, `custom_script`, `also_save_seo_value`, `depends_on_action`, `save_on_change`, `extended_explanation`, `label_style`, `label_width`, `enable_aggregation`, `aggregate_options`, `access_key`, `visibility_path_regex`) VALUES (0, 'stap', 0, 0, 100, '', '', 'input', 'URL regex', 'urlregex', 'De URL van de configurator moet voldoen aan deze regex check om deze stap te tonen. Deze regex kan eenvoudig zijn, bijvoorbeeld \'\\.nl\' controleert al op de exacte string \'.nl\'. Let op: er kan maar 1 regex van toepassing zijn! Als deze op een hoger niveau gebruikt wordt dan kan deze niet meer op een lager niveau worden gebruikt.', 8, '', 0, 0, NULL, '', NULL, 50, 0, NULL, NULL, NULL, NULL, NULL, NULL, NULL, NULL, NULL, NULL, NULL, '', NULL, 0, NULL, 0, 0, 'normal', '0', 0, NULL, '', '');
INSERT INTO `wiser_entityproperty` (`module_id`, `entity_name`, `link_type`, `visible_in_overview`, `overview_width`, `tab_name`, `group_name`, `inputtype`, `display_name`, `property_name`, `explanation`, `ordering`, `regex_validation`, `mandatory`, `readonly`, `default_value`, `automation`, `css`, `width`, `height`, `options`, `data_query`, `action_query`, `search_query`, `search_count_query`, `grid_delete_query`, `grid_insert_query`, `grid_update_query`, `depends_on_field`, `depends_on_operator`, `depends_on_value`, `language_code`, `custom_script`, `also_save_seo_value`, `depends_on_action`, `save_on_change`, `extended_explanation`, `label_style`, `label_width`, `enable_aggregation`, `aggregate_options`, `access_key`, `visibility_path_regex`) VALUES (0, 'stap', 0, 0, 100, '', '', 'combobox', 'Automatisch scroll gedrag', 'automatic_scroll_behavior', 'Het gedrag van de automatische scroll functie bepalen.\r\n<ul>\r\n	<li><b>Uitgeschakeld:</b> Automatische scroll functie is uitgeschakeld voor deze stap en substappen van deze stap.</li>\r\n	<li><b>Scrollen naar laatste vraag:</b> Automatische scroll functie probeert de laatste vraag van de huidige hoofdstap de focus te geven.</li>\r\n	<li><b>Scrollen naar top:</b> Binnen deze stap zal de scroll functie altijd naar boven proberen te scrollen, tenzij een substap binnen deze stap verandert.</li>\r\n</ul>', 9, '', 0, 0, '1', '', NULL, 50, 0, '{\r\n	\"useDropDownList\": true,\r\n	\"dataSource\": [\r\n		{ \"name\": \"Uitgeschakeld\", \"id\": 0 },\r\n		{ \"name\": \"Scrollen naar laatste vraag\", \"id\": 1 },\r\n		{ \"name\": \"Scrollen naar top\", \"id\": 2 }\r\n	]\r\n}', NULL, NULL, NULL, NULL, NULL, NULL, NULL, NULL, NULL, NULL, '', NULL, 0, NULL, 0, 1, 'normal', '0', 0, NULL, '', '');
INSERT INTO `wiser_entityproperty` (`module_id`, `entity_name`, `link_type`, `visible_in_overview`, `overview_width`, `tab_name`, `group_name`, `inputtype`, `display_name`, `property_name`, `explanation`, `ordering`, `regex_validation`, `mandatory`, `readonly`, `default_value`, `automation`, `css`, `width`, `height`, `options`, `data_query`, `action_query`, `search_query`, `search_count_query`, `grid_delete_query`, `grid_insert_query`, `grid_update_query`, `depends_on_field`, `depends_on_operator`, `depends_on_value`, `language_code`, `custom_script`, `also_save_seo_value`, `depends_on_action`, `save_on_change`, `extended_explanation`, `label_style`, `label_width`, `enable_aggregation`, `aggregate_options`, `access_key`, `visibility_path_regex`) VALUES (0, 'stap', 0, 0, 100, '', '', 'input', 'Opslaan groepen', 'save_groups', 'De komma-gescheiden lijst van namen van de groepen waar dit veld bij hoort bij het opslaan. Dit is bedoeld voor configuratoren die delen in verschillende configuraties opslaat. De hoofdconfiguratie naam is altijd \"main\" (let op: dit is hoofdlettergevoelig). Als het veld leeg is, dan wordt \"main\" gebruikt. Voorbeelden:\r\n<ul>\r\n	<li>sub1</li>\r\n	<li>main,sub2</li>\r\n</ul>\r\nLet op: Deze naam wordt alleen gebruikt in code om de velden te verdelen, en wordt verder nergens opgeslagen of gecommuniceerd.', 10, '', 0, 0, NULL, '', NULL, 50, 0, NULL, NULL, NULL, NULL, NULL, NULL, NULL, NULL, NULL, NULL, NULL, '', NULL, 0, NULL, 0, 1, 'normal', '0', 0, NULL, '', '');
INSERT INTO `wiser_entityproperty` (`module_id`, `entity_name`, `link_type`, `visible_in_overview`, `overview_width`, `tab_name`, `group_name`, `inputtype`, `display_name`, `property_name`, `explanation`, `ordering`, `regex_validation`, `mandatory`, `readonly`, `default_value`, `automation`, `css`, `width`, `height`, `options`, `data_query`, `action_query`, `search_query`, `search_count_query`, `grid_delete_query`, `grid_insert_query`, `grid_update_query`, `depends_on_field`, `depends_on_operator`, `depends_on_value`, `language_code`, `custom_script`, `also_save_seo_value`, `depends_on_action`, `save_on_change`, `extended_explanation`, `label_style`, `label_width`, `enable_aggregation`, `aggregate_options`, `access_key`, `visibility_path_regex`) VALUES (0, 'stap', 0, 0, 100, '', '', 'input', 'Opslaan voorwaarden', 'save_conditions', 'Bepaalt aan welke voorwaarden de stap moet voldoen om opgeslagen te worden. Als de stap niet aan de voorwaarden voldoet, dan wordt deze niet aan de configuratie toegevoegd bij het opslaan.<br />\r\n<br />\r\nVul de naam van de stap in met één of meerdere geldige waardes tussen haakjes, bijvoorbeeld:\r\n<code>stap1(123);stap2(a,c);stap3(f,j)</code><br />\r\n<strong>Let op: Dit werkt alleen voor configuratoren in de \"Vue\" modus</strong>', 11, '', 0, 0, NULL, '', NULL, 50, 0, NULL, NULL, NULL, NULL, NULL, NULL, NULL, NULL, NULL, NULL, NULL, '', NULL, 0, NULL, 0, 1, 'normal', '0', 0, NULL, '', '');
INSERT INTO `wiser_entityproperty` (`module_id`, `entity_name`, `link_type`, `visible_in_overview`, `overview_width`, `tab_name`, `group_name`, `inputtype`, `display_name`, `property_name`, `explanation`, `ordering`, `regex_validation`, `mandatory`, `readonly`, `default_value`, `automation`, `css`, `width`, `height`, `options`, `data_query`, `action_query`, `search_query`, `search_count_query`, `grid_delete_query`, `grid_insert_query`, `grid_update_query`, `depends_on_field`, `depends_on_operator`, `depends_on_value`, `language_code`, `custom_script`, `also_save_seo_value`, `depends_on_action`, `save_on_change`, `extended_explanation`, `label_style`, `label_width`, `enable_aggregation`, `aggregate_options`, `access_key`, `visibility_path_regex`) VALUES (0, 'stap', 0, 0, 100, '', 'Titel', 'input', 'Titel Nederlands', 'title', '', 12, '', 0, 0, NULL, '', NULL, 33, 0, NULL, NULL, NULL, NULL, NULL, NULL, NULL, NULL, NULL, NULL, NULL, 'nl', NULL, 0, NULL, 0, 0, 'normal', '0', 0, NULL, '', '');
INSERT INTO `wiser_entityproperty` (`module_id`, `entity_name`, `link_type`, `visible_in_overview`, `overview_width`, `tab_name`, `group_name`, `inputtype`, `display_name`, `property_name`, `explanation`, `ordering`, `regex_validation`, `mandatory`, `readonly`, `default_value`, `automation`, `css`, `width`, `height`, `options`, `data_query`, `action_query`, `search_query`, `search_count_query`, `grid_delete_query`, `grid_insert_query`, `grid_update_query`, `depends_on_field`, `depends_on_operator`, `depends_on_value`, `language_code`, `custom_script`, `also_save_seo_value`, `depends_on_action`, `save_on_change`, `extended_explanation`, `label_style`, `label_width`, `enable_aggregation`, `aggregate_options`, `access_key`, `visibility_path_regex`) VALUES (0, 'stap', 0, 0, 100, 'Templates', '', 'textbox', 'Specifieke stap template', 'step_template', 'Bepaalt de template van deze stap. Beschikbare variabalen: {options} en {steps}', 13, '', 0, 0, 'Maak uw keuze:<br/>\n{datasource_values}<br/>\nOf vul zelf een waarde in', '', NULL, 100, 0, '{ \"type\": \"html\" }', NULL, NULL, NULL, NULL, NULL, NULL, NULL, 'duplicatelayoutfrom', 'isempty', NULL, '', NULL, 0, 'toggle-visibility', 0, 0, 'normal', '0', 0, NULL, '', '');
INSERT INTO `wiser_entityproperty` (`module_id`, `entity_name`, `link_type`, `visible_in_overview`, `overview_width`, `tab_name`, `group_name`, `inputtype`, `display_name`, `property_name`, `explanation`, `ordering`, `regex_validation`, `mandatory`, `readonly`, `default_value`, `automation`, `css`, `width`, `height`, `options`, `data_query`, `action_query`, `search_query`, `search_count_query`, `grid_delete_query`, `grid_insert_query`, `grid_update_query`, `depends_on_field`, `depends_on_operator`, `depends_on_value`, `language_code`, `custom_script`, `also_save_seo_value`, `depends_on_action`, `save_on_change`, `extended_explanation`, `label_style`, `label_width`, `enable_aggregation`, `aggregate_options`, `access_key`, `visibility_path_regex`) VALUES (0, 'stap', 0, 0, 100, 'Templates', '', 'textbox', 'Template per keuze', 'values_template', 'Bepaalt de HTML template van 1 keuze in deze stap. Te gebruiken variabelen zijn alle velden uit de databron, bijvoorbeeld: {kolomnaam}. Ook kan hier gebruikt worden {variablename} als vervanging voor de naam van de variabele in de HTML form fields.', 14, '', 0, 0, NULL, '', NULL, 100, 0, '{ \"type\": \"html\" }', NULL, NULL, NULL, NULL, NULL, NULL, NULL, 'duplicatelayoutfrom', 'isempty', NULL, '', NULL, 0, 'toggle-visibility', 0, 0, 'normal', '0', 0, NULL, '', '');
INSERT INTO `wiser_entityproperty` (`module_id`, `entity_name`, `link_type`, `visible_in_overview`, `overview_width`, `tab_name`, `group_name`, `inputtype`, `display_name`, `property_name`, `explanation`, `ordering`, `regex_validation`, `mandatory`, `readonly`, `default_value`, `automation`, `css`, `width`, `height`, `options`, `data_query`, `action_query`, `search_query`, `search_count_query`, `grid_delete_query`, `grid_insert_query`, `grid_update_query`, `depends_on_field`, `depends_on_operator`, `depends_on_value`, `language_code`, `custom_script`, `also_save_seo_value`, `depends_on_action`, `save_on_change`, `extended_explanation`, `label_style`, `label_width`, `enable_aggregation`, `aggregate_options`, `access_key`, `visibility_path_regex`) VALUES (0, 'stap', 0, 0, 100, 'API', '', 'combobox', 'Vraag', 'api_question', 'Selecteer welke API aangeroepen moet worden om de informatie van de vraag op te halen.', 15, '', 0, 0, NULL, '', NULL, 100, 0, '{\"useDropDownList\":false,\"mode\":\"\",\"mainImageUrl\":\"\",\"imagePropertyName\":\"\"}', 'SELECT\n	api.id AS id,\n    api.title AS name\nFROM wiser_item AS api\nJOIN wiser_itemdetail AS type ON type.item_id = api.id AND type.`key` = \'type\' AND type.`value` = \'4\'\nWHERE api.entity_type = \'ConfiguratorApi\'', NULL, NULL, NULL, NULL, NULL, NULL, 'datasource', 'eq', 'api', '', NULL, 0, 'toggle-visibility', 0, 0, 'normal', '0', 0, NULL, '', '');
INSERT INTO `wiser_entityproperty` (`module_id`, `entity_name`, `link_type`, `visible_in_overview`, `overview_width`, `tab_name`, `group_name`, `inputtype`, `display_name`, `property_name`, `explanation`, `ordering`, `regex_validation`, `mandatory`, `readonly`, `default_value`, `automation`, `css`, `width`, `height`, `options`, `data_query`, `action_query`, `search_query`, `search_count_query`, `grid_delete_query`, `grid_insert_query`, `grid_update_query`, `depends_on_field`, `depends_on_operator`, `depends_on_value`, `language_code`, `custom_script`, `also_save_seo_value`, `depends_on_action`, `save_on_change`, `extended_explanation`, `label_style`, `label_width`, `enable_aggregation`, `aggregate_options`, `access_key`, `visibility_path_regex`) VALUES (0, 'stap', 0, 0, 100, 'API', '', 'combobox', 'Externe configuratie starten na antwoord', 'api_external_configuration', 'Selecteer welke API aangeroepen moet worden om een externe configuratie te starten na het geven van een antwoord.', 16, '', 0, 0, NULL, '', NULL, 50, 0, '{\"useDropDownList\":false,\"mode\":\"\",\"mainImageUrl\":\"\",\"imagePropertyName\":\"\"}', 'SELECT\n    api.id AS id,\n    api.title AS name\nFROM wiser_item AS api\nJOIN wiser_itemdetail AS type ON type.item_id = api.id AND type.`key` = \'type\' AND type.`value` = \'3\'\nWHERE api.entity_type = \'ConfiguratorApi\'', NULL, NULL, NULL, NULL, NULL, NULL, 'datasource', 'eq', 'api', '', NULL, 0, 'toggle-visibility', 0, 0, 'normal', '0', 0, NULL, '', '');
INSERT INTO `wiser_entityproperty` (`module_id`, `entity_name`, `link_type`, `visible_in_overview`, `overview_width`, `tab_name`, `group_name`, `inputtype`, `display_name`, `property_name`, `explanation`, `ordering`, `regex_validation`, `mandatory`, `readonly`, `default_value`, `automation`, `css`, `width`, `height`, `options`, `data_query`, `action_query`, `search_query`, `search_count_query`, `grid_delete_query`, `grid_insert_query`, `grid_update_query`, `depends_on_field`, `depends_on_operator`, `depends_on_value`, `language_code`, `custom_script`, `also_save_seo_value`, `depends_on_action`, `save_on_change`, `extended_explanation`, `label_style`, `label_width`, `enable_aggregation`, `aggregate_options`, `access_key`, `visibility_path_regex`) VALUES (0, 'stap', 0, 0, 100, 'API', '', 'combobox', 'Antwoord', 'api_answer', 'Selecteer welke API aangeroepen moet worden om de vraag extern te beantwoorden.', 17, '', 0, 0, NULL, '', NULL, 100, 0, '{\"useDropDownList\":false,\"mode\":\"\",\"mainImageUrl\":\"\",\"imagePropertyName\":\"\"}', 'SELECT\n	api.id AS id,\n    api.title AS name\nFROM wiser_item AS api\nJOIN wiser_itemdetail AS type ON type.item_id = api.id AND type.`key` = \'type\' AND type.`value` = \'5\'\nWHERE api.entity_type = \'ConfiguratorApi\'', NULL, NULL, NULL, NULL, NULL, NULL, '', NULL, '', '', NULL, 0, NULL, 0, 0, 'normal', '0', 0, NULL, '', '');
INSERT INTO `wiser_entityproperty` (`module_id`, `entity_name`, `link_type`, `visible_in_overview`, `overview_width`, `tab_name`, `group_name`, `inputtype`, `display_name`, `property_name`, `explanation`, `ordering`, `regex_validation`, `mandatory`, `readonly`, `default_value`, `automation`, `css`, `width`, `height`, `options`, `data_query`, `action_query`, `search_query`, `search_count_query`, `grid_delete_query`, `grid_insert_query`, `grid_update_query`, `depends_on_field`, `depends_on_operator`, `depends_on_value`, `language_code`, `custom_script`, `also_save_seo_value`, `depends_on_action`, `save_on_change`, `extended_explanation`, `label_style`, `label_width`, `enable_aggregation`, `aggregate_options`, `access_key`, `visibility_path_regex`) VALUES (0, 'stap', 0, 0, 100, 'API', '', 'sub-entities-grid', 'Extra data', 'api_extra_data', 'Extra data voor stap specifieke replacements als key-value pair.', 18, '', 0, 0, NULL, '', NULL, 100, 0, '{\"fieldGroupName\":\"api_extra_data\",\"keepFiltersState\":true,\"hideCommandColumn\":false,\"disableInlineEditing\":false,\"disableOpeningOfItems\":false,\"deletionOfItems\":\"off\",\"toolbar\":{\"hideExportButton\":false,\"hideCheckAllButton\":false,\"hideUncheckAllButton\":false,\"hideCreateButton\":false,\"customActions\":[],\"hideLinkButton\":false,\"hideCount\":false,\"hideClearFiltersButton\":false},\"entityType\":\"\",\"selectable\":\"\",\"refreshGridAfterInlineEdit\":false,\"showDeleteConformations\":false,\"checkboxes\":false,\"showChangedByColumn\":false,\"showChangedOnColumn\":false,\"showAddedByColumn\":false,\"showAddedOnColumn\":false,\"customQuery\":false,\"hasCustomDeleteQuery\":false,\"hasCustomUpdateQuery\":false,\"hasCustomInsertQuery\":false,\"hideTitleColumn\":false,\"hideEnvironmentColumn\":false,\"hideTypeColumn\":false,\"hideLinkIdColumn\":false,\"hideIdColumn\":false,\"hideTitleFieldInWindow\":false}', NULL, NULL, NULL, NULL, NULL, NULL, NULL, '', NULL, '', '', NULL, 0, NULL, 0, 0, 'normal', '0', 0, NULL, '', '');
INSERT INTO `wiser_entityproperty` (`module_id`, `entity_name`, `link_type`, `visible_in_overview`, `overview_width`, `tab_name`, `group_name`, `inputtype`, `display_name`, `property_name`, `explanation`, `ordering`, `regex_validation`, `mandatory`, `readonly`, `default_value`, `automation`, `css`, `width`, `height`, `options`, `data_query`, `action_query`, `search_query`, `search_count_query`, `grid_delete_query`, `grid_insert_query`, `grid_update_query`, `depends_on_field`, `depends_on_operator`, `depends_on_value`, `language_code`, `custom_script`, `also_save_seo_value`, `depends_on_action`, `save_on_change`, `extended_explanation`, `label_style`, `label_width`, `enable_aggregation`, `aggregate_options`, `access_key`, `visibility_path_regex`) VALUES (0, 'stap', 0, 0, 100, 'Validatie', '', 'input', 'Minimale waarde', 'min_value', 'Geef een eventuele minimale waarde op', 19, '', 0, 0, NULL, '', NULL, 50, 0, NULL, NULL, NULL, NULL, NULL, NULL, NULL, NULL, NULL, NULL, NULL, '', NULL, 0, NULL, 0, 0, 'normal', '0', 0, NULL, '', '');
INSERT INTO `wiser_entityproperty` (`module_id`, `entity_name`, `link_type`, `visible_in_overview`, `overview_width`, `tab_name`, `group_name`, `inputtype`, `display_name`, `property_name`, `explanation`, `ordering`, `regex_validation`, `mandatory`, `readonly`, `default_value`, `automation`, `css`, `width`, `height`, `options`, `data_query`, `action_query`, `search_query`, `search_count_query`, `grid_delete_query`, `grid_insert_query`, `grid_update_query`, `depends_on_field`, `depends_on_operator`, `depends_on_value`, `language_code`, `custom_script`, `also_save_seo_value`, `depends_on_action`, `save_on_change`, `extended_explanation`, `label_style`, `label_width`, `enable_aggregation`, `aggregate_options`, `access_key`, `visibility_path_regex`) VALUES (0, 'stap', 0, 0, 100, 'Validatie', '', 'input', 'Maximale waarde', 'max_value', 'Geef een eventuele maximale waarde op', 20, '', 0, 0, NULL, '', NULL, 50, 0, NULL, NULL, NULL, NULL, NULL, NULL, NULL, NULL, NULL, NULL, NULL, '', NULL, 0, NULL, 0, 0, 'normal', '0', 0, NULL, '', '');
INSERT INTO `wiser_entityproperty` (`module_id`, `entity_name`, `link_type`, `visible_in_overview`, `overview_width`, `tab_name`, `group_name`, `inputtype`, `display_name`, `property_name`, `explanation`, `ordering`, `regex_validation`, `mandatory`, `readonly`, `default_value`, `automation`, `css`, `width`, `height`, `options`, `data_query`, `action_query`, `search_query`, `search_count_query`, `grid_delete_query`, `grid_insert_query`, `grid_update_query`, `depends_on_field`, `depends_on_operator`, `depends_on_value`, `language_code`, `custom_script`, `also_save_seo_value`, `depends_on_action`, `save_on_change`, `extended_explanation`, `label_style`, `label_width`, `enable_aggregation`, `aggregate_options`, `access_key`, `visibility_path_regex`) VALUES (0, 'stap', 0, 0, 100, 'Validatie', '', 'input', 'Validatie regular expression', 'validation_regex', 'Een regular expression die wordt uitgevoerd op de ingevulde waarde.', 21, '', 0, 0, NULL, '', NULL, 50, 0, NULL, NULL, NULL, NULL, NULL, NULL, NULL, NULL, NULL, NULL, NULL, '', NULL, 0, NULL, 0, 0, 'normal', '0', 0, NULL, '', '');
INSERT INTO `wiser_entityproperty` (`module_id`, `entity_name`, `link_type`, `visible_in_overview`, `overview_width`, `tab_name`, `group_name`, `inputtype`, `display_name`, `property_name`, `explanation`, `ordering`, `regex_validation`, `mandatory`, `readonly`, `default_value`, `automation`, `css`, `width`, `height`, `options`, `data_query`, `action_query`, `search_query`, `search_count_query`, `grid_delete_query`, `grid_insert_query`, `grid_update_query`, `depends_on_field`, `depends_on_operator`, `depends_on_value`, `language_code`, `custom_script`, `also_save_seo_value`, `depends_on_action`, `save_on_change`, `extended_explanation`, `label_style`, `label_width`, `enable_aggregation`, `aggregate_options`, `access_key`, `visibility_path_regex`) VALUES (0, 'stap', 0, 0, 100, 'Validatie', 'Validatie foutmeldingen', 'input', 'Verplicht foutmelding', 'required_error_message', 'De foutmelding die getoond wordt als de stap verplicht is, maar er nog geen keuze gemaakt is.', 22, '', 0, 0, NULL, '', NULL, 50, 0, NULL, NULL, NULL, NULL, NULL, NULL, NULL, NULL, NULL, NULL, NULL, '', NULL, 0, NULL, 0, 0, 'normal', '0', 0, NULL, '', '');
INSERT INTO `wiser_entityproperty` (`module_id`, `entity_name`, `link_type`, `visible_in_overview`, `overview_width`, `tab_name`, `group_name`, `inputtype`, `display_name`, `property_name`, `explanation`, `ordering`, `regex_validation`, `mandatory`, `readonly`, `default_value`, `automation`, `css`, `width`, `height`, `options`, `data_query`, `action_query`, `search_query`, `search_count_query`, `grid_delete_query`, `grid_insert_query`, `grid_update_query`, `depends_on_field`, `depends_on_operator`, `depends_on_value`, `language_code`, `custom_script`, `also_save_seo_value`, `depends_on_action`, `save_on_change`, `extended_explanation`, `label_style`, `label_width`, `enable_aggregation`, `aggregate_options`, `access_key`, `visibility_path_regex`) VALUES (0, 'stap', 0, 0, 100, 'Validatie', 'Validatie foutmeldingen', 'input', 'Minimum waarde foutmelding', 'min_value_error_message', 'De foutmelding die getoond wordt als de ingevulde waarde onder de minimum waarde ligt.', 23, '', 0, 0, NULL, '', NULL, 50, 0, NULL, NULL, NULL, NULL, NULL, NULL, NULL, NULL, NULL, NULL, NULL, '', NULL, 0, NULL, 0, 0, 'normal', '0', 0, NULL, '', '');
INSERT INTO `wiser_entityproperty` (`module_id`, `entity_name`, `link_type`, `visible_in_overview`, `overview_width`, `tab_name`, `group_name`, `inputtype`, `display_name`, `property_name`, `explanation`, `ordering`, `regex_validation`, `mandatory`, `readonly`, `default_value`, `automation`, `css`, `width`, `height`, `options`, `data_query`, `action_query`, `search_query`, `search_count_query`, `grid_delete_query`, `grid_insert_query`, `grid_update_query`, `depends_on_field`, `depends_on_operator`, `depends_on_value`, `language_code`, `custom_script`, `also_save_seo_value`, `depends_on_action`, `save_on_change`, `extended_explanation`, `label_style`, `label_width`, `enable_aggregation`, `aggregate_options`, `access_key`, `visibility_path_regex`) VALUES (0, 'stap', 0, 0, 100, 'Validatie', 'Validatie foutmeldingen', 'input', 'Maximum waarde foutmelding', 'max_value_error_message', 'De foutmelding die getoond wordt als de ingevulde waarde boven de maximum waarde ligt.', 24, '', 0, 0, NULL, '', NULL, 50, 0, NULL, NULL, NULL, NULL, NULL, NULL, NULL, NULL, NULL, NULL, NULL, '', NULL, 0, NULL, 0, 0, 'normal', '0', 0, NULL, '', '');
INSERT INTO `wiser_entityproperty` (`module_id`, `entity_name`, `link_type`, `visible_in_overview`, `overview_width`, `tab_name`, `group_name`, `inputtype`, `display_name`, `property_name`, `explanation`, `ordering`, `regex_validation`, `mandatory`, `readonly`, `default_value`, `automation`, `css`, `width`, `height`, `options`, `data_query`, `action_query`, `search_query`, `search_count_query`, `grid_delete_query`, `grid_insert_query`, `grid_update_query`, `depends_on_field`, `depends_on_operator`, `depends_on_value`, `language_code`, `custom_script`, `also_save_seo_value`, `depends_on_action`, `save_on_change`, `extended_explanation`, `label_style`, `label_width`, `enable_aggregation`, `aggregate_options`, `access_key`, `visibility_path_regex`) VALUES (0, 'stap', 0, 0, 100, 'Validatie', 'Validatie foutmeldingen', 'input', 'Regular expression foutmelding', 'validation_regex_error_message', 'De foutmelding die getoond wordt als de ingevulde waarde niet voldoet aan de ingestelde regular expression.', 25, '', 0, 0, NULL, '', NULL, 50, 0, NULL, NULL, NULL, NULL, NULL, NULL, NULL, NULL, NULL, NULL, NULL, '', NULL, 0, NULL, 0, 0, 'normal', '0', 0, NULL, '', '');
INSERT INTO `wiser_entityproperty` (`module_id`, `entity_name`, `link_type`, `visible_in_overview`, `overview_width`, `tab_name`, `group_name`, `inputtype`, `display_name`, `property_name`, `explanation`, `ordering`, `regex_validation`, `mandatory`, `readonly`, `default_value`, `automation`, `css`, `width`, `height`, `options`, `data_query`, `action_query`, `search_query`, `search_count_query`, `grid_delete_query`, `grid_insert_query`, `grid_update_query`, `depends_on_field`, `depends_on_operator`, `depends_on_value`, `language_code`, `custom_script`, `also_save_seo_value`, `depends_on_action`, `save_on_change`, `extended_explanation`, `label_style`, `label_width`, `enable_aggregation`, `aggregate_options`, `access_key`, `visibility_path_regex`) VALUES (0, 'stap', 0, 0, 100, 'Validatie', 'Validatie foutmeldingen', 'input', 'API foutmelding', 'api_error_message', 'Een generieke foutmelding die getoond wordt als de API een fout teruggeeft bij het doorsturen van een antwoord.', 26, '', 0, 0, NULL, '', NULL, 50, 0, NULL, NULL, NULL, NULL, NULL, NULL, NULL, NULL, 'datasource', 'eq', 'api', '', NULL, 0, 'toggle-visibility', 0, 0, 'normal', '0', 0, NULL, '', '');
INSERT INTO `wiser_entityproperty` (`module_id`, `entity_name`, `link_type`, `visible_in_overview`, `overview_width`, `tab_name`, `group_name`, `inputtype`, `display_name`, `property_name`, `explanation`, `ordering`, `regex_validation`, `mandatory`, `readonly`, `default_value`, `automation`, `css`, `width`, `height`, `options`, `data_query`, `action_query`, `search_query`, `search_count_query`, `grid_delete_query`, `grid_insert_query`, `grid_update_query`, `depends_on_field`, `depends_on_operator`, `depends_on_value`, `language_code`, `custom_script`, `also_save_seo_value`, `depends_on_action`, `save_on_change`, `extended_explanation`, `label_style`, `label_width`, `enable_aggregation`, `aggregate_options`, `access_key`, `visibility_path_regex`) VALUES (0, 'stap', 0, 0, 100, 'Queries', '', 'textbox', 'Stap opties SQL query', 'custom_query', '<p style=\"margin-block-end: 1em;\">\r\nDe query voor het ophalen van alle beschikbare items in deze substap. Je kunt {connectedid} gebruiken voor het verwerken van een afhankelijkheid.\r\n</p>\r\n<p style=\"margin-block-start: 1em; margin-block-end: 1em;\">\r\nEen aantal eigenschappen van de stap kunnen overschreven worden via deze query. Het gaat over deze eigenschappen:\r\n<table style=\"width: 100%;\">\r\n	<thead>\r\n		<tr style=\"text-align: left;\">\r\n			<th>Eigenschap</th>\r\n			<th>Query kolom naam</th>\r\n		</tr>\r\n	</thead>\r\n	<tbody>\r\n		<tr>\r\n			<td>Minimale waarde</td>\r\n			<td>minimumValue</td>\r\n		</tr>\r\n		<tr>\r\n			<td>Maximale waarde</td>\r\n			<td>maximumValue</td>\r\n		</tr>\r\n		<tr>\r\n			<td>Validatie regular expression</td>\r\n			<td>validationRegex</td>\r\n		</tr>\r\n	</tbody>\r\n</table>\r\n</p>', 27, '', 0, 0, NULL, '', NULL, 100, 0, '{ \"type\": \"mysql\" }', NULL, NULL, NULL, NULL, NULL, NULL, NULL, 'datasource', 'eq', 'customquery', '', NULL, 0, NULL, 0, 0, 'normal', '0', 0, NULL, '', '');
INSERT INTO `wiser_entityproperty` (`module_id`, `entity_name`, `link_type`, `visible_in_overview`, `overview_width`, `tab_name`, `group_name`, `inputtype`, `display_name`, `property_name`, `explanation`, `ordering`, `regex_validation`, `mandatory`, `readonly`, `default_value`, `automation`, `css`, `width`, `height`, `options`, `data_query`, `action_query`, `search_query`, `search_count_query`, `grid_delete_query`, `grid_insert_query`, `grid_update_query`, `depends_on_field`, `depends_on_operator`, `depends_on_value`, `language_code`, `custom_script`, `also_save_seo_value`, `depends_on_action`, `save_on_change`, `extended_explanation`, `label_style`, `label_width`, `enable_aggregation`, `aggregate_options`, `access_key`, `visibility_path_regex`) VALUES (0, 'stap', 0, 0, 100, 'Queries', '', 'textbox', 'Extra data SQL query', 'extra_data_query', 'De query voor het ophalen van de extra data van de stap.', 28, '', 0, 0, NULL, '', NULL, 100, 0, '{ \"type\": \"mysql\" }', NULL, NULL, NULL, NULL, NULL, NULL, NULL, NULL, NULL, NULL, '', NULL, 0, NULL, 0, 1, 'normal', '0', 0, NULL, '', '');
INSERT INTO `wiser_entityproperty` (`module_id`, `entity_name`, `link_type`, `visible_in_overview`, `overview_width`, `tab_name`, `group_name`, `inputtype`, `display_name`, `property_name`, `explanation`, `ordering`, `regex_validation`, `mandatory`, `readonly`, `default_value`, `automation`, `css`, `width`, `height`, `options`, `data_query`, `action_query`, `search_query`, `search_count_query`, `grid_delete_query`, `grid_insert_query`, `grid_update_query`, `depends_on_field`, `depends_on_operator`, `depends_on_value`, `language_code`, `custom_script`, `also_save_seo_value`, `depends_on_action`, `save_on_change`, `extended_explanation`, `label_style`, `label_width`, `enable_aggregation`, `aggregate_options`, `access_key`, `visibility_path_regex`) VALUES (0, 'stap', 0, 0, 100, 'Vrije inhoud velden', '', 'sub-entities-grid', 'Extra data', 'extra_data', 'Vul hier extra data. De value mag vervangingen bevatten zoals vertalingen.', 29, '', 0, 0, NULL, '', NULL, 100, 0, '{\r\n	\"fieldGroupName\": \"extra_data\"\r\n}', NULL, NULL, NULL, NULL, NULL, NULL, NULL, NULL, NULL, NULL, '', NULL, 0, NULL, 0, 0, 'normal', '0', 0, NULL, '', '');

-- Entity type: ConfiguratorApi
INSERT INTO `wiser_entityproperty` (`module_id`, `entity_name`, `link_type`, `visible_in_overview`, `overview_width`, `tab_name`, `group_name`, `inputtype`, `display_name`, `property_name`, `explanation`, `ordering`, `regex_validation`, `mandatory`, `readonly`, `default_value`, `automation`, `css`, `width`, `height`, `options`, `data_query`, `action_query`, `search_query`, `search_count_query`, `grid_delete_query`, `grid_insert_query`, `grid_update_query`, `depends_on_field`, `depends_on_operator`, `depends_on_value`, `language_code`, `custom_script`, `also_save_seo_value`, `depends_on_action`, `save_on_change`, `extended_explanation`, `label_style`, `label_width`, `enable_aggregation`, `aggregate_options`, `access_key`, `visibility_path_regex`) VALUES (0, 'ConfiguratorApi', 0, 0, 100, 'API', '', 'input', 'Endpoint', 'endpoint', 'De endpoint is de URL waarop aanvraag wordt gedaan en is <b>inclusief</b> de base URL.<br/>\n<br/>\nReplacements worden als eerste uitgevoerd door de GCL met optioneel de \"Query voor request\" resultaten, vervolgens door de configuratie items.', 1, '', 0, 0, '', '', '', 75, 0, '', '', NULL, NULL, NULL, '', '', '', '', NULL, '', '', '', 0, NULL, 0, 1, NULL, NULL, 0, NULL, '', '');
INSERT INTO `wiser_entityproperty` (`module_id`, `entity_name`, `link_type`, `visible_in_overview`, `overview_width`, `tab_name`, `group_name`, `inputtype`, `display_name`, `property_name`, `explanation`, `ordering`, `regex_validation`, `mandatory`, `readonly`, `default_value`, `automation`, `css`, `width`, `height`, `options`, `data_query`, `action_query`, `search_query`, `search_count_query`, `grid_delete_query`, `grid_insert_query`, `grid_update_query`, `depends_on_field`, `depends_on_operator`, `depends_on_value`, `language_code`, `custom_script`, `also_save_seo_value`, `depends_on_action`, `save_on_change`, `extended_explanation`, `label_style`, `label_width`, `enable_aggregation`, `aggregate_options`, `access_key`, `visibility_path_regex`) VALUES (0, 'ConfiguratorApi', 0, 0, 100, 'API', '', 'combobox', 'Request type', 'request_type', '', 2, '', 0, 0, '', '', '', 25, 0, '{\"useDropDownList\":true,\"dataSource\":[{\"id\":\"0\",\"name\":\"Get\"},{\"id\":\"1\",\"name\":\"Post\"},{\"id\":\"2\",\"name\":\"Put\"},{\"id\":\"3\",\"name\":\"Delete\"},{\"id\":\"6\",\"name\":\"Put\"}]}', '', NULL, NULL, NULL, '', '', '', '', NULL, '', '', '', 0, NULL, 0, 0, NULL, NULL, 0, NULL, '', '');
INSERT INTO `wiser_entityproperty` (`module_id`, `entity_name`, `link_type`, `visible_in_overview`, `overview_width`, `tab_name`, `group_name`, `inputtype`, `display_name`, `property_name`, `explanation`, `ordering`, `regex_validation`, `mandatory`, `readonly`, `default_value`, `automation`, `css`, `width`, `height`, `options`, `data_query`, `action_query`, `search_query`, `search_count_query`, `grid_delete_query`, `grid_insert_query`, `grid_update_query`, `depends_on_field`, `depends_on_operator`, `depends_on_value`, `language_code`, `custom_script`, `also_save_seo_value`, `depends_on_action`, `save_on_change`, `extended_explanation`, `label_style`, `label_width`, `enable_aggregation`, `aggregate_options`, `access_key`, `visibility_path_regex`) VALUES (0, 'ConfiguratorApi', 0, 0, 100, 'API', '', 'combobox', 'Type', 'type', '', 3, '', 0, 0, '', '', '', 100, 0, '{\"useDropDownList\":true,\"dataSource\":[{\"id\":\"1\",\"name\":\"Prijsberekening\"},{\"id\":\"2\",\"name\":\"Opslaan\"},{\"id\":\"3\",\"name\":\"Start\"},{\"id\":\"4\",\"name\":\"Vraag\"},{\"id\":\"5\",\"name\":\"Antwoord\"}]}', '', NULL, NULL, NULL, '', '', '', '', NULL, '', '', '', 0, NULL, 0, 0, NULL, NULL, 0, NULL, '', '');
INSERT INTO `wiser_entityproperty` (`module_id`, `entity_name`, `link_type`, `visible_in_overview`, `overview_width`, `tab_name`, `group_name`, `inputtype`, `display_name`, `property_name`, `explanation`, `ordering`, `regex_validation`, `mandatory`, `readonly`, `default_value`, `automation`, `css`, `width`, `height`, `options`, `data_query`, `action_query`, `search_query`, `search_count_query`, `grid_delete_query`, `grid_insert_query`, `grid_update_query`, `depends_on_field`, `depends_on_operator`, `depends_on_value`, `language_code`, `custom_script`, `also_save_seo_value`, `depends_on_action`, `save_on_change`, `extended_explanation`, `label_style`, `label_width`, `enable_aggregation`, `aggregate_options`, `access_key`, `visibility_path_regex`) VALUES (0, 'ConfiguratorApi', 0, 0, 100, 'API', '', 'checkbox', 'Voer API call met lege body uit', 'execute_empty_api_call', 'Voer API call met lege body uit', 4, '', 0, 0, '', '', NULL, 25, 0, NULL, '', '', '', '', '', '', '', 'type', 'eq', '2', '', '', 0, NULL, 0, 1, 'normal', '0', 0, '', '', '');
INSERT INTO `wiser_entityproperty` (`module_id`, `entity_name`, `link_type`, `visible_in_overview`, `overview_width`, `tab_name`, `group_name`, `inputtype`, `display_name`, `property_name`, `explanation`, `ordering`, `regex_validation`, `mandatory`, `readonly`, `default_value`, `automation`, `css`, `width`, `height`, `options`, `data_query`, `action_query`, `search_query`, `search_count_query`, `grid_delete_query`, `grid_insert_query`, `grid_update_query`, `depends_on_field`, `depends_on_operator`, `depends_on_value`, `language_code`, `custom_script`, `also_save_seo_value`, `depends_on_action`, `save_on_change`, `extended_explanation`, `label_style`, `label_width`, `enable_aggregation`, `aggregate_options`, `access_key`, `visibility_path_regex`) VALUES (0, 'ConfiguratorApi', 0, 0, 100, 'API', '', 'input', 'Klantprijs key', 'price_calculation_customer_price_key', 'De key naar de \"klant\" prijs waarde binnen de response, gescheiden door een punt.<br/>\n<br/>\nBijvoorbeeld key \"prices.price\" haalt de waarde \"123.45\" uit een JSON:<br/>\n{<br/>\n&emsp;\"product_id\": 1,<br/>\n&emsp;\"prices\": {<br/>\n&emsp;&emsp;\"wholesale_price\": \"35.0\",<br/>\n&emsp;&emsp;\"price\": \"123.45\",<br/>\n&emsp;&emsp;\"old_price\": \"150.00\"<br/>\n&emsp;}<br/>\n}<br/>', 5, '', 0, 0, '', '', '', 33, 0, '', '', NULL, NULL, NULL, '', '', '', 'type', 'eq', '1', '', '', 0, NULL, 0, 1, NULL, NULL, 0, NULL, '', '');
INSERT INTO `wiser_entityproperty` (`module_id`, `entity_name`, `link_type`, `visible_in_overview`, `overview_width`, `tab_name`, `group_name`, `inputtype`, `display_name`, `property_name`, `explanation`, `ordering`, `regex_validation`, `mandatory`, `readonly`, `default_value`, `automation`, `css`, `width`, `height`, `options`, `data_query`, `action_query`, `search_query`, `search_count_query`, `grid_delete_query`, `grid_insert_query`, `grid_update_query`, `depends_on_field`, `depends_on_operator`, `depends_on_value`, `language_code`, `custom_script`, `also_save_seo_value`, `depends_on_action`, `save_on_change`, `extended_explanation`, `label_style`, `label_width`, `enable_aggregation`, `aggregate_options`, `access_key`, `visibility_path_regex`) VALUES (0, 'ConfiguratorApi', 0, 0, 100, 'API', '', 'input', 'Vanafprijs key', 'price_calculation_from_price_key', 'De key naar de \"van\" prijs waarde binnen de response, gescheiden door een punt.<br/>\n<br/>\nBijvoorbeeld key \"prices.old_price\" haalt de waarde \"150.00\" uit een JSON:<br/>\n{<br/>\n&emsp;\"product_id\": 1,<br/>\n&emsp;\"prices\": {<br/>\n&emsp;&emsp;\"wholesale_price\": \"35.0\",<br/>\n&emsp;&emsp;\"price\": \"123.45\",<br/>\n&emsp;&emsp;\"old_price\": \"150.00\"<br/>\n&emsp;}<br/>\n}<br/>', 6, '', 0, 0, '', '', '', 33, 0, '', '', NULL, NULL, NULL, '', '', '', 'type', 'eq', '1', '', '', 0, NULL, 0, 1, NULL, NULL, 0, NULL, '', '');
INSERT INTO `wiser_entityproperty` (`module_id`, `entity_name`, `link_type`, `visible_in_overview`, `overview_width`, `tab_name`, `group_name`, `inputtype`, `display_name`, `property_name`, `explanation`, `ordering`, `regex_validation`, `mandatory`, `readonly`, `default_value`, `automation`, `css`, `width`, `height`, `options`, `data_query`, `action_query`, `search_query`, `search_count_query`, `grid_delete_query`, `grid_insert_query`, `grid_update_query`, `depends_on_field`, `depends_on_operator`, `depends_on_value`, `language_code`, `custom_script`, `also_save_seo_value`, `depends_on_action`, `save_on_change`, `extended_explanation`, `label_style`, `label_width`, `enable_aggregation`, `aggregate_options`, `access_key`, `visibility_path_regex`) VALUES (0, 'ConfiguratorApi', 0, 0, 100, 'API', '', 'input', 'Inkoopprijs key', 'price_calculation_purchase_price_key', 'De key naar de \"inkoop\" prijs waarde binnen de response, gescheiden door een punt.<br/>\n<br/>\nBijvoorbeeld key \"prices.wholesale_price\" haalt de waarde \"35.0\" uit een JSON:<br/>\n{<br/>\n&emsp;\"product_id\": 1,<br/>\n&emsp;\"prices\": {<br/>\n&emsp;&emsp;\"wholesale_price\": \"35.0\",<br/>\n&emsp;&emsp;\"price\": \"123.45\",<br/>\n&emsp;&emsp;\"old_price\": \"150.00\"<br/>\n&emsp;}<br/>\n}<br/>', 7, '', 0, 0, '', '', '', 33, 0, '', '', NULL, NULL, NULL, '', '', '', 'type', 'eq', '1', '', '', 0, NULL, 0, 1, NULL, NULL, 0, NULL, '', '');
INSERT INTO `wiser_entityproperty` (`module_id`, `entity_name`, `link_type`, `visible_in_overview`, `overview_width`, `tab_name`, `group_name`, `inputtype`, `display_name`, `property_name`, `explanation`, `ordering`, `regex_validation`, `mandatory`, `readonly`, `default_value`, `automation`, `css`, `width`, `height`, `options`, `data_query`, `action_query`, `search_query`, `search_count_query`, `grid_delete_query`, `grid_insert_query`, `grid_update_query`, `depends_on_field`, `depends_on_operator`, `depends_on_value`, `language_code`, `custom_script`, `also_save_seo_value`, `depends_on_action`, `save_on_change`, `extended_explanation`, `label_style`, `label_width`, `enable_aggregation`, `aggregate_options`, `access_key`, `visibility_path_regex`) VALUES (0, 'ConfiguratorApi', 0, 0, 100, 'API', '', 'input', 'Leverancier key', 'supplier_id_key', 'De key naar het ID van de leverancier voor deze configuratie, gescheiden door een punt.<br/><br/>Bijvoorbeeld key "order.id" haalt de waarde "123456789" uit een JSON:<br/>{<br/>&emsp;"order": {<br/>&emsp;&emsp;"id": "123456789",<br/>&emsp;&emsp;"date": "2022-01-01"<br/>&emsp;},<br/>&emsp;"products": [<br/>&emsp;&emsp;{},<br/>&emsp;&emsp;{}<br/>&emsp;]<br/>}', 8, '', 0, 0, '', '', '', 33, 0, '', '', NULL, NULL, NULL, '', '', '', 'type', 'eq', '2', '', '', 0, NULL, 0, 1, NULL, NULL, 0, NULL, '', '');
INSERT INTO `wiser_entityproperty` (`module_id`, `entity_name`, `link_type`, `visible_in_overview`, `overview_width`, `tab_name`, `group_name`, `inputtype`, `display_name`, `property_name`, `explanation`, `ordering`, `regex_validation`, `mandatory`, `readonly`, `default_value`, `automation`, `css`, `width`, `height`, `options`, `data_query`, `action_query`, `search_query`, `search_count_query`, `grid_delete_query`, `grid_insert_query`, `grid_update_query`, `depends_on_field`, `depends_on_operator`, `depends_on_value`, `language_code`, `custom_script`, `also_save_seo_value`, `depends_on_action`, `save_on_change`, `extended_explanation`, `label_style`, `label_width`, `enable_aggregation`, `aggregate_options`, `access_key`, `visibility_path_regex`) VALUES (0, 'ConfiguratorApi', 0, 0, 100, 'API', '', 'input', 'Save multiple values', 'save_multiple_values', 'Sla meerdere waardes uit de response van de API call op. Geef de JSON key naar de waarde in de response (gebruik punt bij gelaagdheid), gevolgd door een golfje en dan de key waarmee de waarde in de database opgeslagen moet worden. Scheid meerdere waardes door middel van een komma.<br/><br/>Bijvoorbeeld "order.id~barcode,order.date~datum", wat ervoor zorgt dat de order.id als barcode wordt weggeschreven en order.date als datum:<br/>{<br/>&emsp;"order": {<br/>&emsp;&emsp;"id": "123456789",<br/>&emsp;&emsp;"date": "2022-01-01"<br/>&emsp;},<br/>&emsp;"products": [<br/>&emsp;&emsp;{},<br/>&emsp;&emsp;{}<br/>&emsp;]<br/>}', 9, '', 0, 0, '', '', NULL, 66, 0, NULL, '', '', '', '', '', '', '', 'type', 'eq', '2', '', '', 0, NULL, 0, 1, 'normal', '0', 0, '', '', '');
INSERT INTO `wiser_entityproperty` (`module_id`, `entity_name`, `link_type`, `visible_in_overview`, `overview_width`, `tab_name`, `group_name`, `inputtype`, `display_name`, `property_name`, `explanation`, `ordering`, `regex_validation`, `mandatory`, `readonly`, `default_value`, `automation`, `css`, `width`, `height`, `options`, `data_query`, `action_query`, `search_query`, `search_count_query`, `grid_delete_query`, `grid_insert_query`, `grid_update_query`, `depends_on_field`, `depends_on_operator`, `depends_on_value`, `language_code`, `custom_script`, `also_save_seo_value`, `depends_on_action`, `save_on_change`, `extended_explanation`, `label_style`, `label_width`, `enable_aggregation`, `aggregate_options`, `access_key`, `visibility_path_regex`) VALUES (0, 'ConfiguratorApi', 0, 0, 100, 'API', '', 'input', 'Vraag key', 'question_key', '<p>De key naar het vraag object binnen de response, gescheiden door een punt. Binnen vierkante haakjes [] kan een conditie binnen een array worden opgegeven door property=value.<br /><br />Bijvoorbeeld key \"Body[questionId=2]\" haalt vraag twee uit een JSON:</p>[<br />&nbsp;{<br />&nbsp; \"questionId\": 1,<br />&nbsp; \"title\": \"Vraag 1\",<br />&nbsp; \"explanation\": \"Dit is vraag 1.\",<br />&nbsp; \"answers\": [<br />&nbsp; &nbsp; {<br />&nbsp; &nbsp; &nbsp;\"id\": 1,<br />&nbsp; &nbsp; &nbsp;\"value\": \"Antwoord 1\"<br />&nbsp; &nbsp; },<br />&nbsp; &nbsp; {<br />&nbsp; &nbsp; &nbsp;\"id\": 2,<br />&nbsp; &nbsp; &nbsp;\"value\": \"Antwoord 2\"<br />&nbsp; &nbsp; }<br />&nbsp; &nbsp;]<br />&nbsp;},<br />&nbsp;{<br />&nbsp; \"questionId\": 2,<br />&nbsp; \"title\": \"Vraag 2\",<br />&nbsp; \"explanation\": \"Dit is vraag 2.\",<br />&nbsp; \"answers\": [<br />&nbsp; &nbsp; {<br />&nbsp; &nbsp; &nbsp;\"id\": 1,<br />&nbsp; &nbsp; &nbsp;\"value\": \"Antwoord 1\"<br />&nbsp; &nbsp; },<br />&nbsp; &nbsp; {<br />&nbsp; &nbsp; &nbsp;\"id\": 2,<br />&nbsp; &nbsp; &nbsp;\"value\": \"Antwoord 2\"<br />&nbsp; &nbsp; }<br />&nbsp; &nbsp;]<br />&nbsp;}<br />]<p><br /></p>', 10, '', 0, 0, '', '', NULL, 50, 0, '', '', '', '', '', '', '', '', 'type', 'eq', '4', '', '', 0, 'toggle-visibility', 0, 1, 'normal', '0', 0, '', '', '');
INSERT INTO `wiser_entityproperty` (`module_id`, `entity_name`, `link_type`, `visible_in_overview`, `overview_width`, `tab_name`, `group_name`, `inputtype`, `display_name`, `property_name`, `explanation`, `ordering`, `regex_validation`, `mandatory`, `readonly`, `default_value`, `automation`, `css`, `width`, `height`, `options`, `data_query`, `action_query`, `search_query`, `search_count_query`, `grid_delete_query`, `grid_insert_query`, `grid_update_query`, `depends_on_field`, `depends_on_operator`, `depends_on_value`, `language_code`, `custom_script`, `also_save_seo_value`, `depends_on_action`, `save_on_change`, `extended_explanation`, `label_style`, `label_width`, `enable_aggregation`, `aggregate_options`, `access_key`, `visibility_path_regex`) VALUES (0, 'ConfiguratorApi', 0, 0, 100, 'API', '', 'input', 'Antwoorden key', 'answers_key', '<p>De key naar het antwoord object binnen de vraag, gescheiden door een punt.</p><p>Bijvoorbeeld als key \"Body[questionId=2]\" is gebruikt om de vraag op te halen is key \"answers\" nodig om de informatie van de antwoorden op te vragen.</p>[<br />&nbsp;{<br />&nbsp; \"questionId\": 1,<br />&nbsp; \"title\": \"Vraag 1\",<br />&nbsp; \"explanation\": \"Dit is vraag 1.\",<br />&nbsp; \"answers\": [<br />&nbsp; &nbsp; {<br />&nbsp; &nbsp; &nbsp;\"id\": 1,<br />&nbsp; &nbsp; &nbsp;\"value\": \"Antwoord 1\"<br />&nbsp; &nbsp; },<br />&nbsp; &nbsp; {<br />&nbsp; &nbsp; &nbsp;\"id\": 2,<br />&nbsp; &nbsp; &nbsp;\"value\": \"Antwoord 2\"<br />&nbsp; &nbsp; }<br />&nbsp; &nbsp;]<br />&nbsp;},<br />&nbsp;{<br />&nbsp; \"questionId\": 2,<br />&nbsp; \"title\": \"Vraag 2\",<br />&nbsp; \"explanation\": \"Dit is vraag 2.\",<br />&nbsp; \"answers\": [<br />&nbsp; &nbsp; {<br />&nbsp; &nbsp; &nbsp;\"id\": 1,<br />&nbsp; &nbsp; &nbsp;\"value\": \"Antwoord 1\"<br />&nbsp; &nbsp; },<br />&nbsp; &nbsp; {<br />&nbsp; &nbsp; &nbsp;\"id\": 2,<br />&nbsp; &nbsp; &nbsp;\"value\": \"Antwoord 2\"<br />&nbsp; &nbsp; }<br />&nbsp; &nbsp;]<br />&nbsp;}<br />]<p><br /></p>', 11, '', 0, 0, '', '', NULL, 50, 0, '', '', '', '', '', '', '', '', 'type', 'eq', '4', '', '', 0, 'toggle-visibility', 0, 1, 'normal', '0', 0, '', '', '');
INSERT INTO `wiser_entityproperty` (`module_id`, `entity_name`, `link_type`, `visible_in_overview`, `overview_width`, `tab_name`, `group_name`, `inputtype`, `display_name`, `property_name`, `explanation`, `ordering`, `regex_validation`, `mandatory`, `readonly`, `default_value`, `automation`, `css`, `width`, `height`, `options`, `data_query`, `action_query`, `search_query`, `search_count_query`, `grid_delete_query`, `grid_insert_query`, `grid_update_query`, `depends_on_field`, `depends_on_operator`, `depends_on_value`, `language_code`, `custom_script`, `also_save_seo_value`, `depends_on_action`, `save_on_change`, `extended_explanation`, `label_style`, `label_width`, `enable_aggregation`, `aggregate_options`, `access_key`, `visibility_path_regex`) VALUES (0, 'ConfiguratorApi', 0, 0, 100, 'API', '', 'input', 'Foutmelding key', 'error_key', '<p>De key die wijst naar de JSON property waarin de errormelding staat, bijvoorbeeld \"error.message\" om de property \"message\" uit te lezen in een object die \"error\" heet. Voorbeeld response JSON:</p>{<br />&nbsp;&nbsp;&nbsp;&nbsp;\"error\":&nbsp;{<br />&nbsp;&nbsp;&nbsp;&nbsp;&nbsp;&nbsp;&nbsp;&nbsp;\"code\":&nbsp;1,<br />&nbsp;&nbsp;&nbsp;&nbsp;&nbsp;&nbsp;&nbsp;&nbsp;\"message\":&nbsp;\"The&nbsp;value&nbsp;is&nbsp;not&nbsp;valid\"<br />&nbsp;&nbsp;&nbsp;&nbsp;}<br />}', 12, '', 0, 0, NULL, '', NULL, 33, 0, NULL, NULL, NULL, NULL, NULL, NULL, NULL, NULL, 'type', 'eq', '5', '', NULL, 0, NULL, 0, 1, 'normal', '0', 0, NULL, '', '');
INSERT INTO `wiser_entityproperty` (`module_id`, `entity_name`, `link_type`, `visible_in_overview`, `overview_width`, `tab_name`, `group_name`, `inputtype`, `display_name`, `property_name`, `explanation`, `ordering`, `regex_validation`, `mandatory`, `readonly`, `default_value`, `automation`, `css`, `width`, `height`, `options`, `data_query`, `action_query`, `search_query`, `search_count_query`, `grid_delete_query`, `grid_insert_query`, `grid_update_query`, `depends_on_field`, `depends_on_operator`, `depends_on_value`, `language_code`, `custom_script`, `also_save_seo_value`, `depends_on_action`, `save_on_change`, `extended_explanation`, `label_style`, `label_width`, `enable_aggregation`, `aggregate_options`, `access_key`, `visibility_path_regex`) VALUES (0, 'ConfiguratorApi', 0, 0, 100, 'API', '', 'checkbox', 'JSONPath gebruiken', 'use_json_path', 'Gebruik JSONPath voor het verwerken van de prijzen keys, vraag key, antwoorden key en error key', 13, '', 0, 0, NULL, '', NULL, 33, 0, NULL, NULL, NULL, NULL, NULL, NULL, NULL, NULL, 'type', 'eq', '2,4,5', '', NULL, 0, NULL, 0, 0, 'normal', '0', 0, NULL, '', '');
INSERT INTO `wiser_entityproperty` (`module_id`, `entity_name`, `link_type`, `visible_in_overview`, `overview_width`, `tab_name`, `group_name`, `inputtype`, `display_name`, `property_name`, `explanation`, `ordering`, `regex_validation`, `mandatory`, `readonly`, `default_value`, `automation`, `css`, `width`, `height`, `options`, `data_query`, `action_query`, `search_query`, `search_count_query`, `grid_delete_query`, `grid_insert_query`, `grid_update_query`, `depends_on_field`, `depends_on_operator`, `depends_on_value`, `language_code`, `custom_script`, `also_save_seo_value`, `depends_on_action`, `save_on_change`, `extended_explanation`, `label_style`, `label_width`, `enable_aggregation`, `aggregate_options`, `access_key`, `visibility_path_regex`) VALUES (0, 'ConfiguratorApi', 0, 0, 100, 'API', '', 'input', 'Externe configuratie ID key', 'external_configuration_id_key', '<p>De key naar het ID van een configuratie dat bij een externe API is aangemaakt, gescheiden door een punt.</p><p>Bijvoorbeeld key \"id\" haalt de waarde \"ABC123\" op uit een JSON:</p>{<br />&nbsp; \"id\": \"ABC123\",<br />&nbsp; \"product\": \"Product 1\",<br />&nbsp; \"choices\": []<br />}<br />', 14, '', 0, 0, '', '', NULL, 50, 0, '', '', '', '', '', '', '', '', 'type', 'eq', '3', '', '', 0, 'toggle-visibility', 0, 1, 'normal', '0', 0, '', '', '');
INSERT INTO `wiser_entityproperty` (`module_id`, `entity_name`, `link_type`, `visible_in_overview`, `overview_width`, `tab_name`, `group_name`, `inputtype`, `display_name`, `property_name`, `explanation`, `ordering`, `regex_validation`, `mandatory`, `readonly`, `default_value`, `automation`, `css`, `width`, `height`, `options`, `data_query`, `action_query`, `search_query`, `search_count_query`, `grid_delete_query`, `grid_insert_query`, `grid_update_query`, `depends_on_field`, `depends_on_operator`, `depends_on_value`, `language_code`, `custom_script`, `also_save_seo_value`, `depends_on_action`, `save_on_change`, `extended_explanation`, `label_style`, `label_width`, `enable_aggregation`, `aggregate_options`, `access_key`, `visibility_path_regex`) VALUES (0, 'ConfiguratorApi', 0, 0, 100, 'API', '', 'textbox', 'Request JSON', 'request_json', 'De JSON voor de request naar de API.<br/>\n<br/>\nReplacements worden als eerste uitgevoerd door de GCL met optioneel de \"Query voor request\" resultaten, vervolgens door de configuratie items.', 15, '', 0, 0, '', '', '', 100, 0, '{\"type\":\"json\"}', '', NULL, NULL, NULL, '', '', '', '', NULL, '', '', '', 0, NULL, 0, 1, NULL, NULL, 0, NULL, '', '');
INSERT INTO `wiser_entityproperty` (`module_id`, `entity_name`, `link_type`, `visible_in_overview`, `overview_width`, `tab_name`, `group_name`, `inputtype`, `display_name`, `property_name`, `explanation`, `ordering`, `regex_validation`, `mandatory`, `readonly`, `default_value`, `automation`, `css`, `width`, `height`, `options`, `data_query`, `action_query`, `search_query`, `search_count_query`, `grid_delete_query`, `grid_insert_query`, `grid_update_query`, `depends_on_field`, `depends_on_operator`, `depends_on_value`, `language_code`, `custom_script`, `also_save_seo_value`, `depends_on_action`, `save_on_change`, `extended_explanation`, `label_style`, `label_width`, `enable_aggregation`, `aggregate_options`, `access_key`, `visibility_path_regex`) VALUES (0, 'ConfiguratorApi', 0, 0, 100, 'API', '', 'textbox', 'Query voor request', 'api_query', 'Optioneel een query om informatie uit de database te laden die gebruikt kunnen worden in de \"Endpoint\" en \"Request JSON\".<br/>\n<br/>\nReplacements worden als eerste uitgevoerd door de GCL, vervolgens door de confiruatie items.', 16, '', 0, 0, '', '', '', 100, 0, '{\"type\":\"mysql\"}', '', NULL, NULL, NULL, '', '', '', '', NULL, '', '', '', 0, NULL, 0, 1, NULL, NULL, 0, NULL, '', '');
INSERT INTO `wiser_entityproperty` (`module_id`, `entity_name`, `link_type`, `visible_in_overview`, `overview_width`, `tab_name`, `group_name`, `inputtype`, `display_name`, `property_name`, `explanation`, `ordering`, `regex_validation`, `mandatory`, `readonly`, `default_value`, `automation`, `css`, `width`, `height`, `options`, `data_query`, `action_query`, `search_query`, `search_count_query`, `grid_delete_query`, `grid_insert_query`, `grid_update_query`, `depends_on_field`, `depends_on_operator`, `depends_on_value`, `language_code`, `custom_script`, `also_save_seo_value`, `depends_on_action`, `save_on_change`, `extended_explanation`, `label_style`, `label_width`, `enable_aggregation`, `aggregate_options`, `access_key`, `visibility_path_regex`) VALUES (0, 'ConfiguratorApi', 0, 0, 100, 'API', '', 'checkbox', 'Accept-Language header toevoegen', 'add_accept_language_header', 'Voeg de Accept Language header toe als deze beschikbaar is', 17, '', 0, 0, '1', '', NULL, 33, 0, '', NULL, NULL, NULL, NULL, NULL, NULL, NULL, 'type', 'eq', '4,5', '', NULL, 0, NULL, 0, 0, 'normal', '0', 0, NULL, '', '');
INSERT INTO `wiser_entityproperty` (`module_id`, `entity_name`, `link_type`, `visible_in_overview`, `overview_width`, `tab_name`, `group_name`, `inputtype`, `display_name`, `property_name`, `explanation`, `ordering`, `regex_validation`, `mandatory`, `readonly`, `default_value`, `automation`, `css`, `width`, `height`, `options`, `data_query`, `action_query`, `search_query`, `search_count_query`, `grid_delete_query`, `grid_insert_query`, `grid_update_query`, `depends_on_field`, `depends_on_operator`, `depends_on_value`, `language_code`, `custom_script`, `also_save_seo_value`, `depends_on_action`, `save_on_change`, `extended_explanation`, `label_style`, `label_width`, `enable_aggregation`, `aggregate_options`, `access_key`, `visibility_path_regex`) VALUES (0, 'ConfiguratorApi', 0, 0, 100, 'API', '', 'sub-entities-grid', 'Headers', 'headers', 'Key-value pairs om als headers mee te geven.<br /><br />Replacements op de values worden als eerste uitgevoerd door de GCL met optioneel de "Query voor request" resultaten, vervolgens door de configuratie items.', 18, '', 0, 0, '', '', '', 100, 0, '{"fieldGroupName":"headers","hideCommandColumn":false,"disableInlineEditing":false,"disableOpeningOfItems":false,"deletionOfItems":"off","toolbar":{"hideExportButton":false,"hideCheckAllButton":false,"hideUncheckAllButton":false,"hideCreateButton":false,"customActions":[],"hideLinkButton":false,"hideCount":false,"hideClearFiltersButton":false},"entityType":"","selectable":"","refreshGridAfterInlineEdit":false,"showDeleteConformations":false,"checkboxes":false,"keepFiltersState":true,"showChangedByColumn":false,"showChangedOnColumn":false,"showAddedByColumn":false,"showAddedOnColumn":false,"customQuery":false,"hasCustomDeleteQuery":false,"hasCustomUpdateQuery":false,"hasCustomInsertQuery":false,"hideTitleColumn":false,"hideEnvironmentColumn":false,"hideTypeColumn":false,"hideLinkIdColumn":false,"hideIdColumn":false,"hideTitleFieldInWindow":false}', '', '', '', '', '', '', '', '', '', '', '', '', 0, '', 0, 0, 'normal', 0, 0, '', 	'', '');
INSERT INTO `wiser_entityproperty` (`module_id`, `entity_name`, `link_type`, `visible_in_overview`, `overview_width`, `tab_name`, `group_name`, `inputtype`, `display_name`, `property_name`, `explanation`, `ordering`, `regex_validation`, `mandatory`, `readonly`, `default_value`, `automation`, `css`, `width`, `height`, `options`, `data_query`, `action_query`, `search_query`, `search_count_query`, `grid_delete_query`, `grid_insert_query`, `grid_update_query`, `depends_on_field`, `depends_on_operator`, `depends_on_value`, `language_code`, `custom_script`, `also_save_seo_value`, `depends_on_action`, `save_on_change`, `extended_explanation`, `label_style`, `label_width`, `enable_aggregation`, `aggregate_options`, `access_key`, `visibility_path_regex`) VALUES (0, 'ConfiguratorApi', 0, 0, 100, 'API', '', 'sub-entities-grid', 'Mapping', 'mapping', '<p>Met mapping kunnen properties vanuit de JSON de waardes overschrijven van de stap voor \"id\", \"value\" en \"name\". De key is de property om te overschrijven en de value is de property om te gebruiken uit de JSON.</p><p>&nbsp;</p><p>Bijvoorbeeld:</p><p>key: id, value: id</p><p>key: value, value: id</p><p>key: name, value: title</p>', 19, '', 0, 0, '', '', NULL, 100, 0, '{\"fieldGroupName\":\"mapping\",\"keepFiltersState\":true,\"hideCommandColumn\":false,\"disableInlineEditing\":false,\"disableOpeningOfItems\":false,\"deletionOfItems\":\"off\",\"toolbar\":{\"hideExportButton\":false,\"hideCheckAllButton\":false,\"hideUncheckAllButton\":false,\"hideCreateButton\":false,\"customActions\":[],\"hideLinkButton\":false,\"hideCount\":false,\"hideClearFiltersButton\":false},\"entityType\":\"\",\"selectable\":\"\",\"refreshGridAfterInlineEdit\":false,\"showDeleteConformations\":false,\"checkboxes\":false,\"showChangedByColumn\":false,\"showChangedOnColumn\":false,\"showAddedByColumn\":false,\"showAddedOnColumn\":false,\"customQuery\":false,\"hasCustomDeleteQuery\":false,\"hasCustomUpdateQuery\":false,\"hasCustomInsertQuery\":false,\"hideTitleColumn\":false,\"hideEnvironmentColumn\":false,\"hideTypeColumn\":false,\"hideLinkIdColumn\":false,\"hideIdColumn\":false,\"hideTitleFieldInWindow\":false}', '', '', '', '', '', '', '', 'type', 'eq', '4', '', '', 0, 'toggle-visibility', 0, 1, 'normal', '0', 0, '', '', '');
INSERT INTO `wiser_entityproperty` (`module_id`, `entity_name`, `link_type`, `visible_in_overview`, `overview_width`, `tab_name`, `group_name`, `inputtype`, `display_name`, `property_name`, `explanation`, `ordering`, `regex_validation`, `mandatory`, `readonly`, `default_value`, `automation`, `css`, `width`, `height`, `options`, `data_query`, `action_query`, `search_query`, `search_count_query`, `grid_delete_query`, `grid_insert_query`, `grid_update_query`, `depends_on_field`, `depends_on_operator`, `depends_on_value`, `language_code`, `custom_script`, `also_save_seo_value`, `depends_on_action`, `save_on_change`, `extended_explanation`, `label_style`, `label_width`, `enable_aggregation`, `aggregate_options`, `access_key`, `visibility_path_regex`) VALUES (0, 'ConfiguratorApi', 0, 0, 100, 'API', '', 'sub-entities-grid', 'Extra data', 'external_extra_data', '<p>Extra data om vanuit de API of query op te slaan die onthouden moet worden tussen requests. De key is de naam van de property die in de "externalConfiguration" wordt gezet, en de value is de naam van de kolom uit de query, of de JSON key van de API response.</p>', 20, '', 0, 0, '', '', NULL, 100, 0, '{\"fieldGroupName\":\"extra_data\",\"keepFiltersState\":true,\"hideCommandColumn\":false,\"disableInlineEditing\":false,\"disableOpeningOfItems\":false,\"deletionOfItems\":\"off\",\"toolbar\":{\"hideExportButton\":false,\"hideCheckAllButton\":false,\"hideUncheckAllButton\":false,\"hideCreateButton\":false,\"customActions\":[],\"hideLinkButton\":false,\"hideCount\":false,\"hideClearFiltersButton\":false},\"entityType\":\"\",\"selectable\":\"\",\"refreshGridAfterInlineEdit\":false,\"showDeleteConformations\":false,\"checkboxes\":false,\"showChangedByColumn\":false,\"showChangedOnColumn\":false,\"showAddedByColumn\":false,\"showAddedOnColumn\":false,\"customQuery\":false,\"hasCustomDeleteQuery\":false,\"hasCustomUpdateQuery\":false,\"hasCustomInsertQuery\":false,\"hideTitleColumn\":false,\"hideEnvironmentColumn\":false,\"hideTypeColumn\":false,\"hideLinkIdColumn\":false,\"hideIdColumn\":false,\"hideTitleFieldInWindow\":false}', '', '', '', '', '', '', '', 'type', 'eq', '3', '', '', 0, 'toggle-visibility', 0, 1, 'normal', '0', 0, '', '', '');
INSERT INTO `wiser_entityproperty` (`module_id`, `entity_name`, `link_type`, `visible_in_overview`, `overview_width`, `tab_name`, `group_name`, `inputtype`, `display_name`, `property_name`, `explanation`, `ordering`, `regex_validation`, `mandatory`, `readonly`, `default_value`, `automation`, `css`, `width`, `height`, `options`, `data_query`, `action_query`, `search_query`, `search_count_query`, `grid_delete_query`, `grid_insert_query`, `grid_update_query`, `depends_on_field`, `depends_on_operator`, `depends_on_value`, `language_code`, `custom_script`, `also_save_seo_value`, `depends_on_action`, `save_on_change`, `extended_explanation`, `label_style`, `label_width`, `enable_aggregation`, `aggregate_options`, `access_key`, `visibility_path_regex`) VALUES (0, 'ConfiguratorApi', 0, 0, 100, 'API', '', 'textbox', 'Kortings query', 'discount_query', '<p>Optioneel een query om een korting te berekenen over de prijs die vanuit de API terug komt.</p><p>Wanneer de query wordt ingesteld moet de eerste waarde de korting zijn, de tweede is een boolean of het een percentage is.</p><p>Replacements worden eerst uitgevoerd voor configurator keuzes en daarna de normale replacements.</p>', 21, '', 0, 0, '', '', NULL, 100, 0, '{"type":"mysql"}', '', '', '', '', '', '', '', 'type', 'eq', '1', '', '', 0, NULL, 0, 1, 'normal', '0', 0, '', '', '');
INSERT INTO `wiser_entityproperty` (`module_id`, `entity_name`, `link_type`, `visible_in_overview`, `overview_width`, `tab_name`, `group_name`, `inputtype`, `display_name`, `property_name`, `explanation`, `ordering`, `regex_validation`, `mandatory`, `readonly`, `default_value`, `automation`, `css`, `width`, `height`, `options`, `data_query`, `action_query`, `search_query`, `search_count_query`, `grid_delete_query`, `grid_insert_query`, `grid_update_query`, `depends_on_field`, `depends_on_operator`, `depends_on_value`, `language_code`, `custom_script`, `also_save_seo_value`, `depends_on_action`, `save_on_change`, `extended_explanation`, `label_style`, `label_width`, `enable_aggregation`, `aggregate_options`, `access_key`, `visibility_path_regex`) VALUES (0, 'ConfiguratorApi', 0, 0, 100, 'Authenticatie', '', 'combobox', 'Type', 'authentication_type', '', 22, '', 0, 0, '', '', '', 100, 0, '{\"useDropDownList\":true,\"dataSource\":[{\"id\":\"1\",\"name\":\"OAuth 2.0\"},{\"id\":\"2\",\"name\":\"Token\"}]}', '', NULL, NULL, NULL, '', '', '', '', NULL, '', '', '', 0, NULL, 0, 0, NULL, NULL, 0, NULL, '', '');
INSERT INTO `wiser_entityproperty` (`module_id`, `entity_name`, `link_type`, `visible_in_overview`, `overview_width`, `tab_name`, `group_name`, `inputtype`, `display_name`, `property_name`, `explanation`, `ordering`, `regex_validation`, `mandatory`, `readonly`, `default_value`, `automation`, `css`, `width`, `height`, `options`, `data_query`, `action_query`, `search_query`, `search_count_query`, `grid_delete_query`, `grid_insert_query`, `grid_update_query`, `depends_on_field`, `depends_on_operator`, `depends_on_value`, `language_code`, `custom_script`, `also_save_seo_value`, `depends_on_action`, `save_on_change`, `extended_explanation`, `label_style`, `label_width`, `enable_aggregation`, `aggregate_options`, `access_key`, `visibility_path_regex`) VALUES (0, 'ConfiguratorApi', 0, 0, 100, 'Authenticatie', '', 'input', 'Token', 'token', '', 23, '', 0, 0, '', '', '', 100, 0, '{\"type\":\"text\",\"securityMethod\":\"AES\",\"securityKey\":\"\"}', '', NULL, NULL, NULL, '', '', '', 'authentication_type', 'eq', '2', '', '', 0, NULL, 0, 0, NULL, NULL, 0, NULL, '', '');

-- Entity type: configuration
INSERT INTO `wiser_entityproperty` (`module_id`, `entity_name`, `link_type`, `visible_in_overview`, `overview_width`, `tab_name`, `group_name`, `inputtype`, `display_name`, `property_name`, `explanation`, `ordering`, `regex_validation`, `mandatory`, `readonly`, `default_value`, `automation`, `css`, `width`, `height`, `options`, `data_query`, `action_query`, `search_query`, `search_count_query`, `grid_delete_query`, `grid_insert_query`, `grid_update_query`, `depends_on_field`, `depends_on_operator`, `depends_on_value`, `language_code`, `custom_script`, `also_save_seo_value`, `depends_on_action`, `save_on_change`, `extended_explanation`, `label_style`, `label_width`, `aggregate_options`, `enable_aggregation`, `access_key`, `visibility_path_regex`) VALUES (0, 'configuration', 0, 0, 100, '', '', 'input', 'Barcode', 'barcode', NULL, 1, '', 0, 1, NULL, '', NULL, 50, 0, NULL, NULL, NULL, NULL, NULL, NULL, NULL, NULL, NULL, NULL, NULL, '', NULL, 0, NULL, 0, 0, NULL, NULL, NULL, 0, '', '');
INSERT INTO `wiser_entityproperty` (`module_id`, `entity_name`, `link_type`, `visible_in_overview`, `overview_width`, `tab_name`, `group_name`, `inputtype`, `display_name`, `property_name`, `explanation`, `ordering`, `regex_validation`, `mandatory`, `readonly`, `default_value`, `automation`, `css`, `width`, `height`, `options`, `data_query`, `action_query`, `search_query`, `search_count_query`, `grid_delete_query`, `grid_insert_query`, `grid_update_query`, `depends_on_field`, `depends_on_operator`, `depends_on_value`, `language_code`, `custom_script`, `also_save_seo_value`, `depends_on_action`, `save_on_change`, `extended_explanation`, `label_style`, `label_width`, `aggregate_options`, `enable_aggregation`, `access_key`, `visibility_path_regex`) VALUES (0, 'configuration', 0, 0, 100, '', '', 'input', 'ID leverancier', 'gcl_supplier_id', NULL, 2, '', 0, 1, NULL, '', NULL, 25, 0, NULL, NULL, NULL, NULL, NULL, NULL, NULL, NULL, NULL, NULL, NULL, '', NULL, 0, NULL, 0, 0, NULL, NULL, NULL, 0, '', '');
INSERT INTO `wiser_entityproperty` (`module_id`, `entity_name`, `link_type`, `visible_in_overview`, `overview_width`, `tab_name`, `group_name`, `inputtype`, `display_name`, `property_name`, `explanation`, `ordering`, `regex_validation`, `mandatory`, `readonly`, `default_value`, `automation`, `css`, `width`, `height`, `options`, `data_query`, `action_query`, `search_query`, `search_count_query`, `grid_delete_query`, `grid_insert_query`, `grid_update_query`, `depends_on_field`, `depends_on_operator`, `depends_on_value`, `language_code`, `custom_script`, `also_save_seo_value`, `depends_on_action`, `save_on_change`, `extended_explanation`, `label_style`, `label_width`, `aggregate_options`, `enable_aggregation`, `access_key`, `visibility_path_regex`) VALUES (0, 'configuration', 0, 0, 100, '', '', 'input', 'Afbeelding URL', 'image_url', NULL, 3, '', 0, 1, NULL, '', NULL, 50, 0, NULL, NULL, NULL, NULL, NULL, NULL, NULL, NULL, NULL, NULL, NULL, '', NULL, 0, NULL, 0, 0, NULL, NULL, NULL, 0, '', '');
INSERT INTO `wiser_entityproperty` (`module_id`, `entity_name`, `link_type`, `visible_in_overview`, `overview_width`, `tab_name`, `group_name`, `inputtype`, `display_name`, `property_name`, `explanation`, `ordering`, `regex_validation`, `mandatory`, `readonly`, `default_value`, `automation`, `css`, `width`, `height`, `options`, `data_query`, `action_query`, `search_query`, `search_count_query`, `grid_delete_query`, `grid_insert_query`, `grid_update_query`, `depends_on_field`, `depends_on_operator`, `depends_on_value`, `language_code`, `custom_script`, `also_save_seo_value`, `depends_on_action`, `save_on_change`, `extended_explanation`, `label_style`, `label_width`, `aggregate_options`, `enable_aggregation`, `access_key`, `visibility_path_regex`) VALUES (0, 'configuration', 0, 0, 100, '', '', 'numeric-input', 'Inkooprijs', 'purchase_price', NULL, 4, '', 0, 1, NULL, '', NULL, 33, 0, NULL, NULL, NULL, NULL, NULL, NULL, NULL, NULL, NULL, NULL, NULL, '', NULL, 0, NULL, 0, 0, NULL, NULL, NULL, 0, '', '');
INSERT INTO `wiser_entityproperty` (`module_id`, `entity_name`, `link_type`, `visible_in_overview`, `overview_width`, `tab_name`, `group_name`, `inputtype`, `display_name`, `property_name`, `explanation`, `ordering`, `regex_validation`, `mandatory`, `readonly`, `default_value`, `automation`, `css`, `width`, `height`, `options`, `data_query`, `action_query`, `search_query`, `search_count_query`, `grid_delete_query`, `grid_insert_query`, `grid_update_query`, `depends_on_field`, `depends_on_operator`, `depends_on_value`, `language_code`, `custom_script`, `also_save_seo_value`, `depends_on_action`, `save_on_change`, `extended_explanation`, `label_style`, `label_width`, `aggregate_options`, `enable_aggregation`, `access_key`, `visibility_path_regex`) VALUES (0, 'configuration', 0, 0, 100, '', '', 'numeric-input', 'Vanafprijs', 'from_price', NULL, 5, '', 0, 1, NULL, '', NULL, 33, 0, NULL, NULL, NULL, NULL, NULL, NULL, NULL, NULL, NULL, NULL, NULL, '', NULL, 0, NULL, 0, 0, NULL, NULL, NULL, 0, '', '');
INSERT INTO `wiser_entityproperty` (`module_id`, `entity_name`, `link_type`, `visible_in_overview`, `overview_width`, `tab_name`, `group_name`, `inputtype`, `display_name`, `property_name`, `explanation`, `ordering`, `regex_validation`, `mandatory`, `readonly`, `default_value`, `automation`, `css`, `width`, `height`, `options`, `data_query`, `action_query`, `search_query`, `search_count_query`, `grid_delete_query`, `grid_insert_query`, `grid_update_query`, `depends_on_field`, `depends_on_operator`, `depends_on_value`, `language_code`, `custom_script`, `also_save_seo_value`, `depends_on_action`, `save_on_change`, `extended_explanation`, `label_style`, `label_width`, `aggregate_options`, `enable_aggregation`, `access_key`, `visibility_path_regex`) VALUES (0, 'configuration', 0, 0, 100, '', '', 'numeric-input', 'Verkoopprijs', 'sales_price', NULL, 6, '', 0, 1, NULL, '', NULL, 33, 0, NULL, NULL, NULL, NULL, NULL, NULL, NULL, NULL, NULL, NULL, NULL, '', NULL, 0, NULL, 0, 0, NULL, NULL, NULL, 0, '', '');
INSERT INTO `wiser_entityproperty` (`module_id`, `entity_name`, `link_type`, `visible_in_overview`, `overview_width`, `tab_name`, `group_name`, `inputtype`, `display_name`, `property_name`, `explanation`, `ordering`, `regex_validation`, `mandatory`, `readonly`, `default_value`, `automation`, `css`, `width`, `height`, `options`, `data_query`, `action_query`, `search_query`, `search_count_query`, `grid_delete_query`, `grid_insert_query`, `grid_update_query`, `depends_on_field`, `depends_on_operator`, `depends_on_value`, `language_code`, `custom_script`, `also_save_seo_value`, `depends_on_action`, `save_on_change`, `extended_explanation`, `label_style`, `label_width`, `aggregate_options`, `enable_aggregation`, `access_key`, `visibility_path_regex`) VALUES (0, 'configuration', 0, 0, 100, '', '', 'sub-entities-grid', 'Configuratieregels', 'configuration_lines', NULL, 7, '', 0, 0, NULL, '', NULL, 100, 0, '{\r\n	\"customQuery\": true,\r\n	\"hideIdColumn\": true,\r\n	\"hideLinkIdColumn\": true,\r\n	\"hideTypeColumn\": true,\r\n	\"hideEnvironmentColumn\": true,\r\n	\"deletionOfItems\": \"off\",\r\n\r\n	\"toolbar\": {\r\n		\"hideCreateButton\": true,\r\n		\"hideLinkButton\": true\r\n	},\r\n	\"selectable\": false,\r\n	\"disableInlineEditing\": true,\r\n	\"disableOpeningOfItems\": false\r\n}', 'SELECT \r\n	line.title AS Naam,\r\n	line.id AS `Wiser ID`, \r\n	IFNULL(ean.`value`,\'Onbekend\') AS EAN, \r\n	IFNULL(purchase_price.`value`,\'\') AS Inkoopprijs, \r\n	IFNULL(sales_price.`value`,\'\') AS Verkoopprijs, \r\n	quantity.`value` AS Aantal\r\nFROM configurations_wiser_item AS config\r\nJOIN configurations_wiser_item AS line ON config.id = line.parent_item_id\r\nLEFT JOIN configurations_wiser_itemdetail AS ean ON ean.item_id = config.id AND ean.`key`=\'barcode\'\r\nLEFT JOIN configurations_wiser_itemdetail AS purchase_price ON purchase_price.item_id = line.id AND purchase_price.`key`=\'purchase_price\'\r\nLEFT JOIN configurations_wiser_itemdetail AS sales_price ON sales_price.item_id = line.id AND sales_price.`key`=\'sales_price\'\r\nJOIN configurations_wiser_itemdetail AS quantity ON quantity.item_id = config.id AND quantity.`key`=\'quantity\'\r\nWHERE config.id={itemId}\r\nORDER BY line.id;', NULL, NULL, NULL, NULL, NULL, NULL, NULL, NULL, NULL, '', NULL, 0, NULL, 0, 0, NULL, NULL, NULL, 0, '', '');
INSERT INTO `wiser_entityproperty` (`module_id`, `entity_name`, `link_type`, `visible_in_overview`, `overview_width`, `tab_name`, `group_name`, `inputtype`, `display_name`, `property_name`, `explanation`, `ordering`, `regex_validation`, `mandatory`, `readonly`, `default_value`, `automation`, `css`, `width`, `height`, `options`, `data_query`, `action_query`, `search_query`, `search_count_query`, `grid_delete_query`, `grid_insert_query`, `grid_update_query`, `depends_on_field`, `depends_on_operator`, `depends_on_value`, `language_code`, `custom_script`, `also_save_seo_value`, `depends_on_action`, `save_on_change`, `extended_explanation`, `label_style`, `label_width`, `aggregate_options`, `enable_aggregation`, `access_key`, `visibility_path_regex`) VALUES (0, 'configuration', 0, 0, 100, '', '', 'sub-entities-grid', 'Gekoppelde configuraties', 'linked_configurations', NULL, 8, '', 0, 0, NULL, '', NULL, 100, 0, '{\"linkTypeNumber\":1,\"entityType\":\"configuration\"}', NULL, NULL, NULL, NULL, NULL, NULL, NULL, NULL, NULL, NULL, '', NULL, 0, NULL, 0, 0, NULL, NULL, NULL, 0, '', '');

-- Entity type: configurationline
INSERT INTO `wiser_entityproperty` (`module_id`, `entity_name`, `link_type`, `visible_in_overview`, `overview_width`, `tab_name`, `group_name`, `inputtype`, `display_name`, `property_name`, `explanation`, `ordering`, `regex_validation`, `mandatory`, `readonly`, `default_value`, `automation`, `css`, `width`, `height`, `options`, `data_query`, `action_query`, `search_query`, `search_count_query`, `grid_delete_query`, `grid_insert_query`, `grid_update_query`, `depends_on_field`, `depends_on_operator`, `depends_on_value`, `language_code`, `custom_script`, `also_save_seo_value`, `depends_on_action`, `save_on_change`, `extended_explanation`, `label_style`, `label_width`, `aggregate_options`, `enable_aggregation`, `access_key`, `visibility_path_regex`) VALUES (0, 'configurationline', 0, 0, 100, '', '', 'input', 'Stap', 'step', NULL, 1, '', 33, 1, NULL, '', NULL, 0, 0, NULL, NULL, NULL, NULL, NULL, NULL, NULL, NULL, NULL, NULL, NULL, '', NULL, 0, NULL, 0, 0, NULL, NULL, NULL, 0, '', '');
INSERT INTO `wiser_entityproperty` (`module_id`, `entity_name`, `link_type`, `visible_in_overview`, `overview_width`, `tab_name`, `group_name`, `inputtype`, `display_name`, `property_name`, `explanation`, `ordering`, `regex_validation`, `mandatory`, `readonly`, `default_value`, `automation`, `css`, `width`, `height`, `options`, `data_query`, `action_query`, `search_query`, `search_count_query`, `grid_delete_query`, `grid_insert_query`, `grid_update_query`, `depends_on_field`, `depends_on_operator`, `depends_on_value`, `language_code`, `custom_script`, `also_save_seo_value`, `depends_on_action`, `save_on_change`, `extended_explanation`, `label_style`, `label_width`, `aggregate_options`, `enable_aggregation`, `access_key`, `visibility_path_regex`) VALUES (0, 'configurationline', 0, 0, 100, '', '', 'input', 'Waarde naam', 'value_name', NULL, 2, '', 33, 1, NULL, '', NULL, 0, 0, NULL, NULL, NULL, NULL, NULL, NULL, NULL, NULL, NULL, NULL, NULL, '', NULL, 0, NULL, 0, 0, NULL, NULL, NULL, 0, '', '');
INSERT INTO `wiser_entityproperty` (`module_id`, `entity_name`, `link_type`, `visible_in_overview`, `overview_width`, `tab_name`, `group_name`, `inputtype`, `display_name`, `property_name`, `explanation`, `ordering`, `regex_validation`, `mandatory`, `readonly`, `default_value`, `automation`, `css`, `width`, `height`, `options`, `data_query`, `action_query`, `search_query`, `search_count_query`, `grid_delete_query`, `grid_insert_query`, `grid_update_query`, `depends_on_field`, `depends_on_operator`, `depends_on_value`, `language_code`, `custom_script`, `also_save_seo_value`, `depends_on_action`, `save_on_change`, `extended_explanation`, `label_style`, `label_width`, `aggregate_options`, `enable_aggregation`, `access_key`, `visibility_path_regex`) VALUES (0, 'configurationline', 0, 0, 100, '', '', 'input', 'Naam', 'name', NULL, 3, '', 33, 1, NULL, '', NULL, 0, 0, NULL, NULL, NULL, NULL, NULL, NULL, NULL, NULL, NULL, NULL, NULL, '', NULL, 0, NULL, 0, 0, NULL, NULL, NULL, 0, '', '');
INSERT INTO `wiser_entityproperty` (`module_id`, `entity_name`, `link_type`, `visible_in_overview`, `overview_width`, `tab_name`, `group_name`, `inputtype`, `display_name`, `property_name`, `explanation`, `ordering`, `regex_validation`, `mandatory`, `readonly`, `default_value`, `automation`, `css`, `width`, `height`, `options`, `data_query`, `action_query`, `search_query`, `search_count_query`, `grid_delete_query`, `grid_insert_query`, `grid_update_query`, `depends_on_field`, `depends_on_operator`, `depends_on_value`, `language_code`, `custom_script`, `also_save_seo_value`, `depends_on_action`, `save_on_change`, `extended_explanation`, `label_style`, `label_width`, `aggregate_options`, `enable_aggregation`, `access_key`, `visibility_path_regex`) VALUES (0, 'configurationline', 0, 0, 100, '', '', 'input', 'Waarde', 'value', NULL, 4, '', 33, 1, NULL, '', NULL, 0, 0, NULL, NULL, NULL, NULL, NULL, NULL, NULL, NULL, NULL, NULL, NULL, '', NULL, 0, NULL, 0, 0, NULL, NULL, NULL, 0, '', '');

-- ----------------------------
-- Example configurator
-- ----------------------------
-- Configurator
INSERT INTO `wiser_item` (`entity_type`, `moduleid`, `published_environment`, `title`) VALUES ('configurator', 800, 15, 'ExampleConfigurator');
SET @configuratorId = LAST_INSERT_ID();
INSERT INTO `wiser_itemdetail` (`item_id`, `key`, `value`) VALUES (@configuratorId, 'template',
'<div class="container">
    <h2>Example configurator</h2>{steps}
    <button type="button" class="configurator-button-previous-step"><span>Previous step</span></button>
    <button type="button" class="configurator-button-next-step"><span>Next step</span></button>
</div>');

-- Main step 1
INSERT INTO `wiser_item` (`entity_type`, `moduleid`, `published_environment`, `title`) VALUES ('stap', 800, 15, 'MainStep1');
SET @mainStepOneId = LAST_INSERT_ID();
INSERT INTO `wiser_itemlink` (`item_id`, `destination_item_id`, `type`, `ordering`) VALUES (@mainStepOneId, @configuratorId, 1, 1);
INSERT INTO `wiser_itemdetail` (`item_id`, `key`, `value`) VALUES (@mainStepOneId, 'variable_name', 'mainStepOne');
INSERT INTO `wiser_itemdetail` (`item_id`, `key`, `value`) VALUES (@mainStepOneId, 'datasource', 'customquery');
INSERT INTO `wiser_itemdetail` (`item_id`, `key`, `value`) VALUES (@mainStepOneId, 'step_template', '<h3>Mainstep 1</h3>{steps}');

-- Main step 1 - Step 1
INSERT INTO `wiser_item` (`entity_type`, `moduleid`, `published_environment`, `title`) VALUES ('stap', 800, 15, 'Step1');
SET @stepOneOneId = LAST_INSERT_ID();
INSERT INTO `wiser_itemlink` (`item_id`, `destination_item_id`, `type`, `ordering`) VALUES (@stepOneOneId, @mainStepOneId, 1, 1);
INSERT INTO `wiser_itemdetail` (`item_id`, `key`, `value`) VALUES (@stepOneOneId, 'variable_name', 'stepOne');
INSERT INTO `wiser_itemdetail` (`item_id`, `key`, `value`) VALUES (@stepOneOneId, 'datasource', 'customquery');
INSERT INTO `wiser_itemdetail` (`item_id`, `key`, `value`) VALUES (@stepOneOneId, 'step_template', '<h3>Question 1</h3>{options}');
INSERT INTO `wiser_itemdetail` (`item_id`, `key`, `value`) VALUES (@stepOneOneId, 'values_template', '<input :id="`firstQuestion-${id}`" type="radio" class="toggle configurator-step-option" /><label :for="`firstQuestion-${id}`">{{ name }}</label><br/>');
INSERT INTO `wiser_itemdetail` (`item_id`, `key`, `value`) VALUES (@stepOneOneId, 'custom_query', 'SELECT 1 AS `id`, 1 AS `value`, ''Answer 1'' AS `name` UNION SELECT 2 AS `id`, 2 AS `value`, ''Answer 2'' AS `name`');

-- Main step 1 - Step 2
INSERT INTO `wiser_item` (`entity_type`, `moduleid`, `published_environment`, `title`) VALUES ('stap', 800, 15, 'Step2');
SET @stepOneTwoId = LAST_INSERT_ID();
INSERT INTO `wiser_itemlink` (`item_id`, `destination_item_id`, `type`, `ordering`) VALUES (@stepOneTwoId, @mainStepOneId, 1, 2);
INSERT INTO `wiser_itemdetail` (`item_id`, `key`, `value`) VALUES (@stepOneTwoId, 'variable_name', 'stepTwo');
INSERT INTO `wiser_itemdetail` (`item_id`, `key`, `value`) VALUES (@stepOneTwoId, 'datasource_connectedid', 'stepOne');
INSERT INTO `wiser_itemdetail` (`item_id`, `key`, `value`) VALUES (@stepOneTwoId, 'datasource', 'customquery');
INSERT INTO `wiser_itemdetail` (`item_id`, `key`, `value`) VALUES (@stepOneTwoId, 'step_template', '<h3>Question 2</h3>{options}{steps}');
INSERT INTO `wiser_itemdetail` (`item_id`, `key`, `value`) VALUES (@stepOneTwoId, 'values_template', '<input :id="`secondQuestion-${id}`" type="radio" class="toggle configurator-step-option" /><label :for="`secondQuestion-${id}`">{{ name }}</label><br/>');
INSERT INTO `wiser_itemdetail` (`item_id`, `key`, `value`) VALUES (@stepOneTwoId, 'custom_query', 'SELECT 1 AS `id`, 1 AS `value`, ''Answer 1'' AS `name` UNION SELECT 2 AS `id`, 2 AS `value`, ''Answer 2'' AS `name` WHERE ''{firstQuestion}'' = ''1''');

-- Main step 1 - Step 2 - Sub step 1
INSERT INTO `wiser_item` (`entity_type`, `moduleid`, `published_environment`, `title`) VALUES ('stap', 800, 15, 'Substep1');
SET @subStepOneTwoOneId = LAST_INSERT_ID();
INSERT INTO `wiser_itemlink` (`item_id`, `destination_item_id`, `type`, `ordering`) VALUES (@subStepOneTwoOneId, @stepOneTwoId, 1, 1);
INSERT INTO `wiser_itemdetail` (`item_id`, `key`, `value`) VALUES (@subStepOneTwoOneId, 'variable_name', 'substepOne');
INSERT INTO `wiser_itemdetail` (`item_id`, `key`, `value`) VALUES (@subStepOneTwoOneId, 'datasource_connectedid', 'stepTwo');
INSERT INTO `wiser_itemdetail` (`item_id`, `key`, `value`) VALUES (@subStepOneTwoOneId, 'datasource', 'customquery');
INSERT INTO `wiser_itemdetail` (`item_id`, `key`, `value`) VALUES (@subStepOneTwoOneId, 'step_template', '<h3>Question 2.1</h3>{options}');
INSERT INTO `wiser_itemdetail` (`item_id`, `key`, `value`) VALUES (@subStepOneTwoOneId, 'values_template', '<input :id="`subQuestion-${id}`" type="radio" class="toggle configurator-step-option" /><label :for="`subQuestion-${id}`">{{ name }}</label><br/>');
INSERT INTO `wiser_itemdetail` (`item_id`, `key`, `value`) VALUES (@subStepOneTwoOneId, 'custom_query', 'SELECT 1 AS `id`, 1 AS `value`, ''Answer 1'' AS `name` WHERE ''{secondQuestion}'' = ''1'' UNION SELECT 2 AS `id`, 2 AS `value`, ''Answer 2'' AS `name` WHERE ''{secondQuestion}'' = ''1'' UNION SELECT 2 AS `id`, ''Answer 2'' AS `name` WHERE ''{secondQuestion}'' = ''2'' UNION SELECT 3 AS `id`, ''Answer 3'' AS `name` WHERE ''{secondQuestion}'' = ''2''');

-- Main step 2
INSERT INTO `wiser_item` (`entity_type`, `moduleid`, `published_environment`, `title`) VALUES ('stap', 800, 15, 'MainStep2');
SET @mainStepTwoId = LAST_INSERT_ID();
INSERT INTO `wiser_itemlink` (`item_id`, `destination_item_id`, `type`, `ordering`) VALUES (@mainStepTwoId, @configuratorId, 1, 2);
INSERT INTO `wiser_itemdetail` (`item_id`, `key`, `value`) VALUES (@mainStepTwoId, 'variable_name', 'mainStepTwo');
INSERT INTO `wiser_itemdetail` (`item_id`, `key`, `value`) VALUES (@mainStepTwoId, 'datasource', 'customquery');
INSERT INTO `wiser_itemdetail` (`item_id`, `key`, `value`) VALUES (@mainStepTwoId, 'step_template', '<h3>Mainstep 2</h3>{steps}');

-- Main step 2 - Step 1
INSERT INTO `wiser_item` (`entity_type`, `moduleid`, `published_environment`, `title`) VALUES ('stap', 800, 15, 'Step1');
SET @stepTwoOneId = LAST_INSERT_ID();
INSERT INTO `wiser_itemlink` (`item_id`, `destination_item_id`, `type`, `ordering`) VALUES (@stepTwoOneId, @mainStepTwoId, 1, 1);
INSERT INTO `wiser_itemdetail` (`item_id`, `key`, `value`) VALUES (@stepTwoOneId, 'variable_name', 'stepThree');
INSERT INTO `wiser_itemdetail` (`item_id`, `key`, `value`) VALUES (@stepTwoOneId, 'datasource', 'customquery');
INSERT INTO `wiser_itemdetail` (`item_id`, `key`, `value`) VALUES (@stepTwoOneId, 'step_template', '<h3>Question 3</h3>{options}');
INSERT INTO `wiser_itemdetail` (`item_id`, `key`, `value`) VALUES (@stepTwoOneId, 'values_template', '<input :id="`thirdQuestion-${id}`" type="radio" class="toggle configurator-step-option" /><label :for="`thirdQuestion-${id}`">{{ name }}</label><br/>');
INSERT INTO `wiser_itemdetail` (`item_id`, `key`, `value`) VALUES (@stepTwoOneId, 'custom_query', 'SELECT 1 AS `id`, 1 AS `value`, ''Answer 1'' AS `name` UNION SELECT 2 AS `id`, 2 AS `value`, ''Answer 2'' AS `name`');

-- Templates
-- Configurator dynamic content
SET @newContentId = (SELECT IFNULL(MAX(`content_id`), 0) + 1 FROM `wiser_dynamic_content`);
INSERT INTO `wiser_dynamic_content` (`content_id`, `settings`, `component`, `component_mode`, `version`, `title`, `changed_on`, `changed_by`, `published_environment`, `added_on`, `added_by`) VALUES (@newContentId, '{"ConfiguratorName":"ExampleConfigurator","ValuesCanContainDashes":false,"ProductsApiBaseUrl":"","ProductsApiGetProductsUrl":"","ProductsApiSalesPriceProperty":"","ProductsApiPurchasePriceProperty":"","ProductsApiFromPriceProperty":"","UserNeedsToBeLoggedIn":false,"HandleRequest":false,"EvaluateIfElseInTemplates":true,"RemoveUnknownVariables":true,"CachingMode":"0","CachingLocation":"0","CacheMinutes":0,"ComponentMode":"2"}', 'Configurator', 'Vue', 1, 'ExampleConfigurator', NOW(), 'Wiser', 1, NOW(), 'Wiser');
SET @configuratorDynamicContentId = (SELECT `content_id` FROM `wiser_dynamic_content` WHERE `id` = LAST_INSERT_ID());

-- Configurator scripts folder
SET @scriptsFolderTemplateId = (SELECT `template_id` FROM `wiser_template` WHERE `template_name` = 'JS');
SET @newTemplateId = (SELECT IFNULL(MAX(`template_id`), 0) + 1 FROM `wiser_template`);
INSERT INTO `wiser_template` (`parent_id`, `template_name`, `template_type`, `version`, `template_id`, `changed_on`, `changed_by`, `published_environment`, `added_on`, `added_by`) VALUES (@scriptsFolderTemplateId, 'Configurators', 7, 1, @newTemplateId, NOW(), 'Wiser', 1, NOW(), 'Wiser');
SET @configuratorScriptsFolder = (SELECT `template_id` FROM `wiser_template` WHERE `id` = LAST_INSERT_ID());

-- Configurator script template
SET @newTemplateId = (SELECT IFNULL(MAX(`template_id`), 0) + 1 FROM `wiser_template`);
INSERT INTO `wiser_template` (`parent_id`, `template_name`, `template_data`, `template_type`, `version`, `template_id`, `changed_on`, `changed_by`, `published_environment`, `added_on`, `added_by`) VALUES (@configuratorScriptsFolder, 'ExampleConfigurator', CONCAT(
'class ExampleConfigurator {
    constructor() {
        this.configurator = {};
        document.addEventListener("DOMContentLoaded", this.onPageReady.bind(this));
    }

    async onPageReady() {
        await this.initConfigurator();
    }

    async initConfigurator() {
        if (!window.VueConfigurator) {
            console.error("VueConfigurator library is not loaded");
            return;
        }

        this.configurator = new VueConfigurator.configurator({
            wiserContentId: ', @configuratorDynamicContentId, ',
            configuratorName: "ExampleConfigurator"
        });
        await this.configurator.init();
    }
}

window.configurator = new ExampleConfigurator();'
), 4, 1, @newTemplateId, NOW(), 'Wiser', 1, NOW(), 'Wiser');
SET @configuratorScriptTemplateId = (SELECT `template_id` FROM `wiser_template` WHERE `id` = LAST_INSERT_ID());

-- Configurator HTML folder
SET @htmlFolderTemplateId = (SELECT `template_id` FROM `wiser_template` WHERE `template_name` = 'HTML');
SET @newTemplateId = (SELECT IFNULL(MAX(`template_id`), 0) + 1 FROM `wiser_template`);
INSERT INTO `wiser_template` (`parent_id`, `template_name`, `template_type`, `version`, `template_id`, `changed_on`, `changed_by`, `published_environment`, `added_on`, `added_by`) VALUES (@htmlFolderTemplateId, 'Configurators', 7, 1, @newTemplateId, NOW(), 'Wiser', 1, NOW(), 'Wiser');
SET @configuratorTemplateFolder = (SELECT `template_id` FROM `wiser_template` WHERE `id` = LAST_INSERT_ID());

-- Configurator HTML template
SET @newTemplateId = (SELECT IFNULL(MAX(`template_id`), 0) + 1 FROM `wiser_template`);
INSERT INTO `wiser_template` (`parent_id`, `template_name`, `template_data`, `template_type`, `version`, `template_id`, `changed_on`, `changed_by`, `published_environment`, `linked_templates`, `added_on`, `added_by`) VALUES (@configuratorTemplateFolder, 'ExampleConfigurator', CONCAT('<div class="dynamic-content" content-id="', @configuratorDynamicContentId, '"><h2>ExampleConfigurator</h2></div>'), 1, 1, @newTemplateId, NOW(), 'Wiser', 1, @configuratorScriptTemplateId, NOW(), 'Wiser');
SET @configuratorHtmlTemplateId = (SELECT `template_id` FROM `wiser_template` WHERE `id` = LAST_INSERT_ID());

-- Connect configurator HTML template and dynamic content
INSERT INTO `wiser_template_dynamic_content` (`content_id`, `destination_template_id`, `added_on`, `added_by`) VALUES (@configuratorDynamicContentId, @configuratorHtmlTemplateId, NOW(), 'Wiser');