-- ----------------------------
-- Land entiteit
-- ----------------------------
INSERT IGNORE INTO `wiser_entity`(`name`, `module_id`, `accepted_childtypes`, `icon`, `icon_add`) VALUES ('country', 700, '', 'icon-earth', 'icon-earth');
INSERT IGNORE INTO `wiser_item`(`unique_uuid`, `entity_type`, `moduleid`, `published_environment`, `readonly`, `title`, `added_on`, `added_by`, `changed_on`, `changed_by`) VALUES ('', 'map', 700, 4, 0, 'Landen', NOW(), 'Systeem', NULL, '');
SET @countryDirectoryId  = LAST_INSERT_ID();
INSERT IGNORE INTO `wiser_itemlink` (item_id, destination_item_id, ordering, type) VALUES (@countryDirectoryId, 0, 1, 1);
INSERT IGNORE INTO `wiser_item`(`unique_uuid`, `entity_type`, `moduleid`, `published_environment`, `readonly`, `title`, `added_on`, `added_by`, `changed_on`, `changed_by`) VALUES ('', 'country', 700, 4, 0, 'Nederland', NOW(), 'Systeem', NULL, '');
INSERT IGNORE INTO `wiser_itemlink` (`item_id`, `destination_item_id`, `type`) VALUES (LAST_INSERT_ID(), @countryDirectoryId, 1);

-- ----------------------------
-- Filter functionality
-- ----------------------------
INSERT IGNORE INTO `wiser_entity`(`name`, `module_id`, `accepted_childtypes`, `icon`, `icon_add`,`show_in_tree_view`) VALUES ('filter', 700, '', 'icon-filter', 'icon-filter',1);
INSERT INTO `wiser_entityproperty` (`module_id`, `entity_name`, `link_type`, `visible_in_overview`, `overview_fieldtype`, `overview_width`, `tab_name`, `group_name`, `inputtype`, `display_name`, `property_name`, `explanation`, `ordering`, `regex_validation`, `mandatory`, `readonly`, `default_value`, `automation`, `css`, `width`, `height`, `options`, `data_query`, `action_query`, `search_query`, `search_count_query`, `grid_delete_query`, `grid_insert_query`, `grid_update_query`, `depends_on_field`, `depends_on_operator`, `depends_on_value`, `language_code`, `custom_script`, `also_save_seo_value`, `depends_on_action`, `save_on_change`, `extended_explanation`, `label_style`, `label_width`) VALUES (0, 'filter', 0, 1, '', 100, '', '', 'combobox', 'Filtertype', 'filtertype', NULL, 1, '', 0, 0, NULL, '', '', 20, 0, '{\"dataSource\": [{ \"name\": \"Single select (with summary)\", \"id\": \"1\" }, { \"name\": \"Single select\", \"id\": \"5\" }, { \"name\": \"Multi select\", \"id\": \"2\" }, { \"name\": \"Slider\", \"id\": \"3\" }]}', NULL, NULL, NULL, NULL, NULL, NULL, NULL, NULL, NULL, NULL, '', NULL, 0, NULL, 0, 0, NULL, NULL);
INSERT INTO `wiser_entityproperty` (`module_id`, `entity_name`, `link_type`, `visible_in_overview`, `overview_fieldtype`, `overview_width`, `tab_name`, `group_name`, `inputtype`, `display_name`, `property_name`, `explanation`, `ordering`, `regex_validation`, `mandatory`, `readonly`, `default_value`, `automation`, `css`, `width`, `height`, `options`, `data_query`, `action_query`, `search_query`, `search_count_query`, `grid_delete_query`, `grid_insert_query`, `grid_update_query`, `depends_on_field`, `depends_on_operator`, `depends_on_value`, `language_code`, `custom_script`, `also_save_seo_value`, `depends_on_action`, `save_on_change`, `extended_explanation`, `label_style`, `label_width`) VALUES (0, 'filter', 0, 1, '', 100, '', '', 'combobox', 'Entiteit', 'entity', NULL, 2, '', 0, 0, NULL, '', '', 20, 0, NULL, 'SELECT DISTINCT name FROM wiser_entity WHERE name<>\'\' UNION SELECT DISTINCT name FROM wiser_link WHERE name<>\'\' ORDER BY name', NULL, NULL, NULL, NULL, NULL, NULL, NULL, NULL, NULL, '', NULL, 0, NULL, 0, 0, NULL, NULL);
INSERT INTO `wiser_entityproperty` (`module_id`, `entity_name`, `link_type`, `visible_in_overview`, `overview_fieldtype`, `overview_width`, `tab_name`, `group_name`, `inputtype`, `display_name`, `property_name`, `explanation`, `ordering`, `regex_validation`, `mandatory`, `readonly`, `default_value`, `automation`, `css`, `width`, `height`, `options`, `data_query`, `action_query`, `search_query`, `search_count_query`, `grid_delete_query`, `grid_insert_query`, `grid_update_query`, `depends_on_field`, `depends_on_operator`, `depends_on_value`, `language_code`, `custom_script`, `also_save_seo_value`, `depends_on_action`, `save_on_change`, `extended_explanation`, `label_style`, `label_width`) VALUES (0, 'filter', 0, 1, '', 100, '', '', 'combobox', 'Eigenschap', 'filtername', 'Selecteer de eigenschap waarop gefilterd moet worden en laat \"Eigenschappen-groep\" leeg', 3, '', 0, 0, NULL, '', '', 20, 0, NULL, 'SELECT * FROM (\n SELECT DISTINCT ep.property_name AS id, ep.display_name AS name\n FROM wiser_entityproperty ep\n WHERE ep.entity_name=\'{entity}\'\n	\n UNION ALL\n \n SELECT DISTINCT ep.property_name AS id, ep.display_name AS name\n FROM wiser_link\n JOIN wiser_entityproperty ep ON ep.link_type=wiser_link.type\n WHERE wiser_link.name=\'{entity}\'\n ) AS tbl\n GROUP BY tbl.id\n ORDER BY tbl.id\n', NULL, NULL, NULL, NULL, NULL, NULL, 'entity', NULL, NULL, '', NULL, 0, 'refresh', 0, 0, NULL, NULL);
INSERT INTO `wiser_entityproperty` (`module_id`, `entity_name`, `link_type`, `visible_in_overview`, `overview_fieldtype`, `overview_width`, `tab_name`, `group_name`, `inputtype`, `display_name`, `property_name`, `explanation`, `ordering`, `regex_validation`, `mandatory`, `readonly`, `default_value`, `automation`, `css`, `width`, `height`, `options`, `data_query`, `action_query`, `search_query`, `search_count_query`, `grid_delete_query`, `grid_insert_query`, `grid_update_query`, `depends_on_field`, `depends_on_operator`, `depends_on_value`, `language_code`, `custom_script`, `also_save_seo_value`, `depends_on_action`, `save_on_change`, `extended_explanation`, `label_style`, `label_width`) VALUES (0, 'filter', 0, 0, '', 100, '', '', 'combobox', 'Gekoppelde entiteit', 'connectedentity', 'Selecteer de entiteit op waarnaar verwezen wordt als het detail een id is', 5, '', 0, 0, NULL, '', '', 20, 0, NULL, 'SELECT DISTINCT name AS id, name FROM wiser_entity WHERE name<>\'\'', NULL, NULL, NULL, NULL, NULL, NULL, NULL, NULL, NULL, '', NULL, 0, NULL, 0, 0, NULL, NULL);
INSERT INTO `wiser_entityproperty` (`module_id`, `entity_name`, `link_type`, `visible_in_overview`, `overview_fieldtype`, `overview_width`, `tab_name`, `group_name`, `inputtype`, `display_name`, `property_name`, `explanation`, `ordering`, `regex_validation`, `mandatory`, `readonly`, `default_value`, `automation`, `css`, `width`, `height`, `options`, `data_query`, `action_query`, `search_query`, `search_count_query`, `grid_delete_query`, `grid_insert_query`, `grid_update_query`, `depends_on_field`, `depends_on_operator`, `depends_on_value`, `language_code`, `custom_script`, `also_save_seo_value`, `depends_on_action`, `save_on_change`, `extended_explanation`, `label_style`, `label_width`) VALUES (0, 'filter', 0, 0, '', 100, '', '', 'combobox', 'Gekoppelde entiteit eigenschap', 'connectedentityproperty', 'Selecteer de eigenschap van de gekoppelde entiteit waarop gefilterd wordt. Als je deze leeg laat, dan wordt uitgegaan van de item-title.', 6, '', 0, 0, NULL, '', '', 20, 0, NULL, 'SELECT * FROM (\n SELECT DISTINCT ep.property_name AS id, ep.display_name AS name\n FROM wiser_entityproperty ep\n WHERE ep.entity_name=\'{connectedentity}\'\n	\n UNION ALL\n \n SELECT DISTINCT ep.property_name AS id, ep.display_name AS name\n FROM wiser_link\n JOIN wiser_entityproperty ep ON ep.link_type=wiser_link.type\n WHERE wiser_link.name=\'{connectedentity}\'\n ) AS tbl\n GROUP BY tbl.id\n ORDER BY tbl.id\n', NULL, NULL, NULL, NULL, NULL, NULL, 'connectedentity', NULL, NULL, '', NULL, 0, 'refresh', 0, 0, NULL, NULL);
INSERT INTO `wiser_entityproperty` (`module_id`, `entity_name`, `link_type`, `visible_in_overview`, `overview_fieldtype`, `overview_width`, `tab_name`, `group_name`, `inputtype`, `display_name`, `property_name`, `explanation`, `ordering`, `regex_validation`, `mandatory`, `readonly`, `default_value`, `automation`, `css`, `width`, `height`, `options`, `data_query`, `action_query`, `search_query`, `search_count_query`, `grid_delete_query`, `grid_insert_query`, `grid_update_query`, `depends_on_field`, `depends_on_operator`, `depends_on_value`, `language_code`, `custom_script`, `also_save_seo_value`, `depends_on_action`, `save_on_change`, `extended_explanation`, `label_style`, `label_width`) VALUES (0, 'filter', 0, 0, '', 100, '', '', 'combobox', 'Eigenschappen-groep', 'filtergroupname', 'Selecteer de eigenschappen-groep waarop gefilterd moet worden en laat \"Eigenschap\" leeg', 7, '', 0, 0, NULL, '', '', 20, 0, NULL, 'SELECT DISTINCT details.groupname AS id, IFNULL(ep.display_name, details.groupname) AS name\n FROM wiser_item product\n JOIN wiser_itemdetail details ON details.item_id=product.id AND details.groupname<>\'\'\n LEFT JOIN wiser_entityproperty ep ON ep.options LIKE CONCAT(\'%\', details.groupname, \'%\') AND ep.entity_name=\'{entity}\'\n WHERE product.entity_type=\'{entity}\'\n GROUP BY details.groupname\n ORDER BY details.groupname\n', NULL, NULL, NULL, NULL, NULL, NULL, 'entity', NULL, NULL, '', NULL, 0, 'refresh', 0, 0, NULL, NULL);
INSERT INTO `wiser_entityproperty` (`module_id`, `entity_name`, `link_type`, `visible_in_overview`, `overview_fieldtype`, `overview_width`, `tab_name`, `group_name`, `inputtype`, `display_name`, `property_name`, `explanation`, `ordering`, `regex_validation`, `mandatory`, `readonly`, `default_value`, `automation`, `css`, `width`, `height`, `options`, `data_query`, `action_query`, `search_query`, `search_count_query`, `grid_delete_query`, `grid_insert_query`, `grid_update_query`, `depends_on_field`, `depends_on_operator`, `depends_on_value`, `language_code`, `custom_script`, `also_save_seo_value`, `depends_on_action`, `save_on_change`, `extended_explanation`, `label_style`, `label_width`) VALUES (0, 'filter', 0, 0, '', 100, '', '', 'input', 'Groep', 'group', 'Wanneer filters gegroepeerd moeten worden, vul hier dan bij meerdere filters dezelfde groepnaam in', 8, '', 0, 0, NULL, '', '', 20, 0, NULL, NULL, NULL, NULL, NULL, NULL, NULL, NULL, NULL, NULL, NULL, '', NULL, 0, NULL, 0, 0, NULL, NULL);
INSERT INTO `wiser_entityproperty` (`module_id`, `entity_name`, `link_type`, `visible_in_overview`, `overview_fieldtype`, `overview_width`, `tab_name`, `group_name`, `inputtype`, `display_name`, `property_name`, `explanation`, `ordering`, `regex_validation`, `mandatory`, `readonly`, `default_value`, `automation`, `css`, `width`, `height`, `options`, `data_query`, `action_query`, `search_query`, `search_count_query`, `grid_delete_query`, `grid_insert_query`, `grid_update_query`, `depends_on_field`, `depends_on_operator`, `depends_on_value`, `language_code`, `custom_script`, `also_save_seo_value`, `depends_on_action`, `save_on_change`, `extended_explanation`, `label_style`, `label_width`) VALUES (0, 'filter', 0, 0, '', 100, '', '', 'checkbox', 'Is meertalig', 'ismultilanguage', 'Filter is meertalig', 9, '', 0, 0, NULL, '', '', 20, 0, NULL, NULL, NULL, NULL, NULL, NULL, NULL, NULL, NULL, NULL, NULL, '', NULL, 0, NULL, 0, 0, NULL, NULL);
INSERT INTO `wiser_entityproperty` (`module_id`, `entity_name`, `link_type`, `visible_in_overview`, `overview_fieldtype`, `overview_width`, `tab_name`, `group_name`, `inputtype`, `display_name`, `property_name`, `explanation`, `ordering`, `regex_validation`, `mandatory`, `readonly`, `default_value`, `automation`, `css`, `width`, `height`, `options`, `data_query`, `action_query`, `search_query`, `search_count_query`, `grid_delete_query`, `grid_insert_query`, `grid_update_query`, `depends_on_field`, `depends_on_operator`, `depends_on_value`, `language_code`, `custom_script`, `also_save_seo_value`, `depends_on_action`, `save_on_change`, `extended_explanation`, `label_style`, `label_width`) VALUES (0, 'filter', 0, 0, '', 100, '', '', 'input', 'Querystring', 'querystring', 'Geef optioneel een querystring op. Wanneer deze leeg is, wordt de titel van de filter gebruikt.', 9, '', 0, 0, NULL, '', '', 20, 0, NULL, NULL, NULL, NULL, NULL, NULL, NULL, NULL, NULL, NULL, NULL, '', NULL, 0, NULL, 0, 0, NULL, NULL);
INSERT INTO `wiser_entityproperty` (`module_id`, `entity_name`, `link_type`, `visible_in_overview`, `overview_fieldtype`, `overview_width`, `tab_name`, `group_name`, `inputtype`, `display_name`, `property_name`, `explanation`, `ordering`, `regex_validation`, `mandatory`, `readonly`, `default_value`, `automation`, `css`, `width`, `height`, `options`, `data_query`, `action_query`, `search_query`, `search_count_query`, `grid_delete_query`, `grid_insert_query`, `grid_update_query`, `depends_on_field`, `depends_on_operator`, `depends_on_value`, `language_code`, `custom_script`, `also_save_seo_value`, `depends_on_action`, `save_on_change`, `extended_explanation`, `label_style`, `label_width`) VALUES (0, 'filter', 0, 0, '', 100, '', '', 'input', 'Match waarde', 'matchvalue', 'De waarde waar de eigenschap op moet matchen wanneer de betreffende filter gekozen wordt. Default is dit \"niet leeg\" EN \"ongelijk aan 0\". Voeg meerdere waardes toe door ze te scheiden met een golfje.', 11, '', 0, 0, NULL, '', '', 20, 0, NULL, NULL, NULL, NULL, NULL, NULL, NULL, NULL, 'filtergroupname', 'isnotempty', NULL, '', NULL, 0, NULL, 0, 0, NULL, NULL);
INSERT INTO `wiser_entityproperty` (`module_id`, `entity_name`, `link_type`, `visible_in_overview`, `overview_fieldtype`, `overview_width`, `tab_name`, `group_name`, `inputtype`, `display_name`, `property_name`, `explanation`, `ordering`, `regex_validation`, `mandatory`, `readonly`, `default_value`, `automation`, `css`, `width`, `height`, `options`, `data_query`, `action_query`, `search_query`, `search_count_query`, `grid_delete_query`, `grid_insert_query`, `grid_update_query`, `depends_on_field`, `depends_on_operator`, `depends_on_value`, `language_code`, `custom_script`, `also_save_seo_value`, `depends_on_action`, `save_on_change`, `extended_explanation`, `label_style`, `label_width`) VALUES (0, 'filter', 0, 0, '', 100, '', '', 'checkbox', 'Verbergen in overzicht', 'hideinsummary', 'Filter niet in overzicht actieve filters tonen', 12, '', 0, 0, NULL, '', NULL, 20, 0, NULL, NULL, NULL, NULL, NULL, NULL, NULL, NULL, NULL, NULL, NULL, '', NULL, 0, NULL, 0, 0, NULL, NULL);
INSERT INTO `wiser_entityproperty` (`module_id`, `entity_name`, `link_type`, `visible_in_overview`, `overview_fieldtype`, `overview_width`, `tab_name`, `group_name`, `inputtype`, `display_name`, `property_name`, `explanation`, `ordering`, `regex_validation`, `mandatory`, `readonly`, `default_value`, `automation`, `css`, `width`, `height`, `options`, `data_query`, `action_query`, `search_query`, `search_count_query`, `grid_delete_query`, `grid_insert_query`, `grid_update_query`, `depends_on_field`, `depends_on_operator`, `depends_on_value`, `language_code`, `custom_script`, `also_save_seo_value`, `depends_on_action`, `save_on_change`, `extended_explanation`, `label_style`, `label_width`) VALUES (0, 'filter', 0, 0, '', 100, '', '', 'combobox', 'Link type', 'connectedentitylinktype', 'Kies de link-type als de gekoppelde entiteit via een links is gekoppeld i.p.v. via detail.', 13, '', 0, 0, NULL, '', NULL, 40, 0, NULL, 'SELECT type AS id, CONCAT_WS(\' - \',type,name) AS name FROM wiser_link WHERE destination_entity_type=\'{entity}\' AND connected_entity_type=\'{connectedentity}\';', NULL, NULL, NULL, NULL, NULL, NULL, 'connectedentity', 'isnotempty', NULL, '', NULL, 0, 'refresh', 0, 0, NULL, NULL);
INSERT INTO `wiser_entityproperty` (`module_id`, `entity_name`, `link_type`, `visible_in_overview`, `overview_fieldtype`, `overview_width`, `tab_name`, `group_name`, `inputtype`, `display_name`, `property_name`, `explanation`, `ordering`, `regex_validation`, `mandatory`, `readonly`, `default_value`, `automation`, `css`, `width`, `height`, `options`, `data_query`, `action_query`, `search_query`, `search_count_query`, `grid_delete_query`, `grid_insert_query`, `grid_update_query`, `depends_on_field`, `depends_on_operator`, `depends_on_value`, `language_code`, `custom_script`, `also_save_seo_value`, `depends_on_action`, `save_on_change`, `extended_explanation`, `label_style`, `label_width`) VALUES (0, 'filter', 0, 0, '', 100, '', '', 'checkbox', 'Single connected item', 'singleconnecteditem', 'Zet dit vinkje aan als er maar 1 connected item kan zijn (geen multiselect input)', 14, '', 0, 0, '1', '', NULL, 40, 0, NULL, NULL, NULL, NULL, NULL, NULL, NULL, NULL, 'connectedentity', 'isnotempty', NULL, '', NULL, 0, NULL, 0, 0, NULL, NULL);
INSERT INTO `wiser_entityproperty` (`module_id`, `entity_name`, `link_type`, `visible_in_overview`, `overview_fieldtype`, `overview_width`, `tab_name`, `group_name`, `inputtype`, `display_name`, `property_name`, `explanation`, `ordering`, `regex_validation`, `mandatory`, `readonly`, `default_value`, `automation`, `css`, `width`, `height`, `options`, `data_query`, `action_query`, `search_query`, `search_count_query`, `grid_delete_query`, `grid_insert_query`, `grid_update_query`, `depends_on_field`, `depends_on_operator`, `depends_on_value`, `language_code`, `custom_script`, `also_save_seo_value`, `depends_on_action`, `save_on_change`, `extended_explanation`, `label_style`, `label_width`) VALUES (0, 'filter', 0, 0, '', 100, '', '', 'checkbox', 'Filter op SEO waarde', 'filteronseovalue', 'Zet dit vinkje aan als je op de SEO waarde van de eigenschap of gekoppelde entiteit eigenschap wilt filteren.', 15, '', 0, 0, NULL, '', NULL, 40, 0, NULL, NULL, NULL, NULL, NULL, NULL, NULL, NULL, NULL, NULL, NULL, '', NULL, 0, NULL, 0, 0, NULL, NULL);
INSERT INTO `wiser_entityproperty` (`module_id`, `entity_name`, `link_type`, `visible_in_overview`, `overview_fieldtype`, `overview_width`, `tab_name`, `group_name`, `inputtype`, `display_name`, `property_name`, `explanation`, `ordering`, `regex_validation`, `mandatory`, `readonly`, `default_value`, `automation`, `css`, `width`, `height`, `options`, `data_query`, `action_query`, `search_query`, `search_count_query`, `grid_delete_query`, `grid_insert_query`, `grid_update_query`, `depends_on_field`, `depends_on_operator`, `depends_on_value`, `language_code`, `custom_script`, `also_save_seo_value`, `depends_on_action`, `save_on_change`, `extended_explanation`, `label_style`, `label_width`) VALUES (0, 'filter', 0, 0, '', 100, 'Advanced', '', 'textbox', 'Custom SELECT', 'customselect', 'Geef een custom SELECT part voor de query op, wanneer deze gevuld is, wordt het SELECT part niet automatisch bepaald', 17, '', 0, 0, NULL, '', '', 100, 0, '{\"type\": \"mysql\"}', NULL, NULL, NULL, NULL, NULL, NULL, NULL, NULL, NULL, NULL, '', NULL, 0, NULL, 0, 0, NULL, NULL);
INSERT INTO `wiser_entityproperty` (`module_id`, `entity_name`, `link_type`, `visible_in_overview`, `overview_fieldtype`, `overview_width`, `tab_name`, `group_name`, `inputtype`, `display_name`, `property_name`, `explanation`, `ordering`, `regex_validation`, `mandatory`, `readonly`, `default_value`, `automation`, `css`, `width`, `height`, `options`, `data_query`, `action_query`, `search_query`, `search_count_query`, `grid_delete_query`, `grid_insert_query`, `grid_update_query`, `depends_on_field`, `depends_on_operator`, `depends_on_value`, `language_code`, `custom_script`, `also_save_seo_value`, `depends_on_action`, `save_on_change`, `extended_explanation`, `label_style`, `label_width`) VALUES (0, 'filter', 0, 0, '', 100, 'Advanced', '', 'textbox', 'Custom JOIN', 'customjoin', 'Geef een custom JOIN part voor de query op, wanneer deze gevuld is, wordt het JOIN part niet automatisch bepaald', 18, '', 0, 0, NULL, '', '', 100, 0, '{\"type\": \"mysql\"}', NULL, NULL, NULL, NULL, NULL, NULL, NULL, NULL, NULL, NULL, '', NULL, 0, NULL, 0, 0, NULL, NULL);
INSERT INTO `wiser_entityproperty` (`module_id`, `entity_name`, `link_type`, `visible_in_overview`, `overview_fieldtype`, `overview_width`, `tab_name`, `group_name`, `inputtype`, `display_name`, `property_name`, `explanation`, `ordering`, `regex_validation`, `mandatory`, `readonly`, `default_value`, `automation`, `css`, `width`, `height`, `options`, `data_query`, `action_query`, `search_query`, `search_count_query`, `grid_delete_query`, `grid_insert_query`, `grid_update_query`, `depends_on_field`, `depends_on_operator`, `depends_on_value`, `language_code`, `custom_script`, `also_save_seo_value`, `depends_on_action`, `save_on_change`, `extended_explanation`, `label_style`, `label_width`) VALUES (0, 'filter', 0, 0, '', 100, 'Advanced', '', 'textbox', 'Advanced filter', 'advancedfilter', 'Geef enter gescheiden de filterwaardes op en zet achter iedere waarde een golfje met daarachter de join die toegevoegd moet worden aan de query. Alle overige eigenschappen hoeven dan niet gevuld te worden.', 19, '', 0, 0, NULL, '', '', 100, 0, NULL, NULL, NULL, NULL, NULL, NULL, NULL, NULL, NULL, NULL, NULL, '', NULL, 0, NULL, 0, 0, NULL, NULL);
INSERT INTO `wiser_entityproperty` (`module_id`, `entity_name`, `link_type`, `visible_in_overview`, `overview_fieldtype`, `overview_width`, `tab_name`, `group_name`, `inputtype`, `display_name`, `property_name`, `explanation`, `ordering`, `regex_validation`, `mandatory`, `readonly`, `default_value`, `automation`, `css`, `width`, `height`, `options`, `data_query`, `action_query`, `search_query`, `search_count_query`, `grid_delete_query`, `grid_insert_query`, `grid_update_query`, `depends_on_field`, `depends_on_operator`, `depends_on_value`, `language_code`, `custom_script`, `also_save_seo_value`, `depends_on_action`, `save_on_change`, `extended_explanation`, `label_style`, `label_width`) VALUES (0, 'filter', 0, 0, '', 100, '', '', 'checkbox', 'Gebruik aggregatietabel', 'useaggregationtable', 'Zet dit vinkje aan als de standaard aggregatietabel gebruikt moet worden voor het uitvoeren van querys', 4, '', 0, 0, '1', '', '', 40, 0, NULL, NULL, NULL, NULL, NULL, NULL, NULL, NULL, NULL, NULL, NULL, '', NULL, 0, NULL, 0, 0, NULL, NULL);
INSERT INTO `wiser_entityproperty` (`module_id`, `entity_name`, `link_type`, `visible_in_overview`, `overview_fieldtype`, `overview_width`, `tab_name`, `group_name`, `inputtype`, `display_name`, `property_name`, `explanation`, `ordering`, `regex_validation`, `mandatory`, `readonly`, `default_value`, `automation`, `css`, `width`, `height`, `options`, `data_query`, `action_query`, `search_query`, `search_count_query`, `grid_delete_query`, `grid_insert_query`, `grid_update_query`, `depends_on_field`, `depends_on_operator`, `depends_on_value`, `language_code`, `custom_script`, `also_save_seo_value`, `depends_on_action`, `save_on_change`, `extended_explanation`, `label_style`, `label_width`) VALUES (0, 'filter', 0, 0, '', 100, '', '', 'input', 'URL regular expression', 'urlregex', 'Regular expression waar de URL aan moet voldoen voordat de filter getoond wordt.', 16, '', 0, 0, NULL, '', '', 40, 0, NULL, NULL, NULL, NULL, NULL, NULL, NULL, NULL, NULL, NULL, NULL, '', NULL, 0, NULL, 0, 0, NULL, NULL);
INSERT INTO `wiser_entityproperty` (`module_id`, `entity_name`, `link_type`, `visible_in_overview`, `overview_fieldtype`, `overview_width`, `tab_name`, `group_name`, `inputtype`, `display_name`, `property_name`, `explanation`, `ordering`, `regex_validation`, `mandatory`, `readonly`, `default_value`, `automation`, `css`, `width`, `height`, `options`, `data_query`, `action_query`, `search_query`, `search_count_query`, `grid_delete_query`, `grid_insert_query`, `grid_update_query`, `depends_on_field`, `depends_on_operator`, `depends_on_value`, `language_code`, `custom_script`, `also_save_seo_value`, `depends_on_action`, `save_on_change`, `extended_explanation`, `label_style`, `label_width`) VALUES (0, 'filter', 0, 0, '', 100, 'Afwijkende templates', '', 'textbox', 'Afwijkende group template', 'grouptemplate', 'Als hier een template wordt opgegeven, dat wordt die gebruikt in plaats van de template die op het filtercomponent ingesteld staat.', 20, '', 0, 0, NULL, '', '', 50, 0, '{\"type\": \"html\"}', NULL, NULL, NULL, NULL, NULL, NULL, NULL, NULL, NULL, NULL, '', NULL, 0, NULL, 0, 0, NULL, NULL);
INSERT INTO `wiser_entityproperty` (`module_id`, `entity_name`, `link_type`, `visible_in_overview`, `overview_fieldtype`, `overview_width`, `tab_name`, `group_name`, `inputtype`, `display_name`, `property_name`, `explanation`, `ordering`, `regex_validation`, `mandatory`, `readonly`, `default_value`, `automation`, `css`, `width`, `height`, `options`, `data_query`, `action_query`, `search_query`, `search_count_query`, `grid_delete_query`, `grid_insert_query`, `grid_update_query`, `depends_on_field`, `depends_on_operator`, `depends_on_value`, `language_code`, `custom_script`, `also_save_seo_value`, `depends_on_action`, `save_on_change`, `extended_explanation`, `label_style`, `label_width`) VALUES (0, 'filter', 0, 0, '', 100, 'Afwijkende templates', '', 'textbox', 'Afwijkende item template', 'itemtemplate', 'Als hier een template wordt opgegeven, dat wordt die gebruikt in plaats van de template die op het filtercomponent ingesteld staat.', 21, '', 0, 0, NULL, '', '', 50, 0, '{\"type\": \"html\"}', NULL, NULL, NULL, NULL, NULL, NULL, NULL, NULL, NULL, NULL, '', NULL, 0, NULL, 0, 0, NULL, NULL);
INSERT INTO `wiser_entityproperty` (`module_id`, `entity_name`, `link_type`, `visible_in_overview`, `overview_fieldtype`, `overview_width`, `tab_name`, `group_name`, `inputtype`, `display_name`, `property_name`, `explanation`, `ordering`, `regex_validation`, `mandatory`, `readonly`, `default_value`, `automation`, `css`, `width`, `height`, `options`, `data_query`, `action_query`, `search_query`, `search_count_query`, `grid_delete_query`, `grid_insert_query`, `grid_update_query`, `depends_on_field`, `depends_on_operator`, `depends_on_value`, `language_code`, `custom_script`, `also_save_seo_value`, `depends_on_action`, `save_on_change`, `extended_explanation`, `label_style`, `label_width`) VALUES (0, 'filter', 0, 0, '', 100, 'Afwijkende templates', '', 'textbox', 'Afwijkende selected item template', 'selecteditemtemplate', 'Als hier een template wordt opgegeven, dat wordt die gebruikt in plaats van de template die op het filtercomponent ingesteld staat. Voor sliders heeft een afwijkende selected item template geen zin.', 22, '', 0, 0, NULL, '', '', 50, 0, '{\"type\": \"html\"}', NULL, NULL, NULL, NULL, NULL, NULL, NULL, NULL, NULL, NULL, '', NULL, 0, NULL, 0, 0, NULL, NULL);
INSERT IGNORE INTO `wiser_item`(`unique_uuid`, `entity_type`, `moduleid`, `published_environment`, `readonly`, `title`, `added_on`, `added_by`, `changed_on`, `changed_by`) VALUES ('', 'map', 700, 4, 0, 'Filters', NOW(), 'Systeem', NULL, '');
INSERT IGNORE INTO `wiser_itemlink` (item_id, destination_item_id, ordering, type) VALUES (LAST_INSERT_ID(), 0, 1, 1);
INSERT IGNORE INTO `easy_objects` (typenr, `key`, `value`) VALUES (-1,'filtertoitemtype','6001');
INSERT IGNORE INTO `easy_objects` (typenr, `key`, `value`) VALUES (-1,'filterconnectionpart','');
INSERT IGNORE INTO `easy_objects` (typenr, `key`, `value`) VALUES (-1,'filterparameterstoexclude','templateid,pagenr,gclid,_ga');
INSERT IGNORE INTO `easy_objects` (typenr, `key`, `value`) VALUES (-1,'filtervaluesplit',',');

-- ----------------------------
-- Shipping costs
-- ----------------------------
INSERT IGNORE INTO `wiser_entity`(`name`, `module_id`, `accepted_childtypes`, `icon`, `icon_add`) VALUES ('shippingcost', 700, '', '', '');
INSERT INTO `wiser_entityproperty` (`module_id`, `entity_name`, `link_type`, `visible_in_overview`, `overview_fieldtype`, `overview_width`, `tab_name`, `group_name`, `inputtype`, `display_name`, `property_name`, `explanation`, `ordering`, `regex_validation`, `mandatory`, `readonly`, `default_value`, `automation`, `css`, `width`, `height`, `options`, `data_query`, `action_query`, `search_query`, `search_count_query`, `grid_delete_query`, `grid_insert_query`, `grid_update_query`, `depends_on_field`, `depends_on_operator`, `depends_on_value`, `language_code`, `custom_script`, `also_save_seo_value`, `depends_on_action`, `save_on_change`, `extended_explanation`, `label_style`, `label_width`) VALUES (0, 'shippingcost', 0, 1, '', 100, '', '', 'numeric-input', 'Kosten', 'costs', NULL, 1, '', 0, 0, NULL, '', '', 25, 0, NULL, NULL, NULL, NULL, NULL, NULL, NULL, NULL, NULL, NULL, NULL, '', NULL, 0, NULL, 0, 0, NULL, NULL);
INSERT INTO `wiser_entityproperty` (`module_id`, `entity_name`, `link_type`, `visible_in_overview`, `overview_fieldtype`, `overview_width`, `tab_name`, `group_name`, `inputtype`, `display_name`, `property_name`, `explanation`, `ordering`, `regex_validation`, `mandatory`, `readonly`, `default_value`, `automation`, `css`, `width`, `height`, `options`, `data_query`, `action_query`, `search_query`, `search_count_query`, `grid_delete_query`, `grid_insert_query`, `grid_update_query`, `depends_on_field`, `depends_on_operator`, `depends_on_value`, `language_code`, `custom_script`, `also_save_seo_value`, `depends_on_action`, `save_on_change`, `extended_explanation`, `label_style`, `label_width`) VALUES (0, 'shippingcost', 0, 1, '', 100, '', '', 'combobox', 'Type', 'type', NULL, 2, '', 0, 0, NULL, '', '', 25, 0, '{\"useDropDownList\":true,\"dataSource\":[{\"id\":\"fixedvalue\",\"name\":\"Vaste waarde\"},{\"id\":\"fixedpercentage\",\"name\":\"Vast percentage\"},{\"id\":\"highestproductshipping\",\"name\":\"Hoogste verzendkosten\"},{\"id\":\"lowestproductshipping\",\"name\":\"Laagste verzendkosten\"},{\"id\":\"averageproductshipping\",\"name\":\"Gemiddelde van verzendkosten\"},{\"id\":\"sumproductshipping\",\"name\":\"Totaal van verzendkosten\"},{\"id\":\"highestproductshippingwithfixedvalue\",\"name\":\"Hoogste verzendkosten met vaste waarde\"},{\"id\":\"fixedvaluepluslowestproductshipping\",\"name\":\"Vaste waarde met laagste verzendkosten\"}]}', NULL, NULL, NULL, NULL, NULL, NULL, NULL, NULL, NULL, NULL, '', NULL, 0, NULL, 0, 0, NULL, NULL);
INSERT INTO `wiser_entityproperty` (`module_id`, `entity_name`, `link_type`, `visible_in_overview`, `overview_fieldtype`, `overview_width`, `tab_name`, `group_name`, `inputtype`, `display_name`, `property_name`, `explanation`, `ordering`, `regex_validation`, `mandatory`, `readonly`, `default_value`, `automation`, `css`, `width`, `height`, `options`, `data_query`, `action_query`, `search_query`, `search_count_query`, `grid_delete_query`, `grid_insert_query`, `grid_update_query`, `depends_on_field`, `depends_on_operator`, `depends_on_value`, `language_code`, `custom_script`, `also_save_seo_value`, `depends_on_action`, `save_on_change`, `extended_explanation`, `label_style`, `label_width`) VALUES (0, 'shippingcost', 0, 1, '', 100, '', '', 'checkbox', 'Inclusief BTW', 'includesvat', NULL, 3, '', 0, 0, NULL, '', '', 25, 0, NULL, NULL, NULL, NULL, NULL, NULL, NULL, NULL, NULL, NULL, NULL, '', NULL, 0, NULL, 0, 0, NULL, NULL);
INSERT INTO `wiser_entityproperty` (`module_id`, `entity_name`, `link_type`, `visible_in_overview`, `overview_fieldtype`, `overview_width`, `tab_name`, `group_name`, `inputtype`, `display_name`, `property_name`, `explanation`, `ordering`, `regex_validation`, `mandatory`, `readonly`, `default_value`, `automation`, `css`, `width`, `height`, `options`, `data_query`, `action_query`, `search_query`, `search_count_query`, `grid_delete_query`, `grid_insert_query`, `grid_update_query`, `depends_on_field`, `depends_on_operator`, `depends_on_value`, `language_code`, `custom_script`, `also_save_seo_value`, `depends_on_action`, `save_on_change`, `extended_explanation`, `label_style`, `label_width`) VALUES (0, 'shippingcost', 0, 1, '', 100, '', '', 'combobox', 'BTW tarief', 'vatrate', NULL, 4, '', 0, 0, NULL, '', '', 25, 0, '{\"searchFields\":[],\"useDropDownList\":true,\"entityType\":\"vatrate\",\"searchInTitle\":true,\"searchEverywhere\":true}', NULL, NULL, NULL, NULL, NULL, NULL, NULL, NULL, NULL, NULL, '', NULL, 0, NULL, 0, 0, NULL, NULL);
INSERT INTO `wiser_entityproperty` (`module_id`, `entity_name`, `link_type`, `visible_in_overview`, `overview_fieldtype`, `overview_width`, `tab_name`, `group_name`, `inputtype`, `display_name`, `property_name`, `explanation`, `ordering`, `regex_validation`, `mandatory`, `readonly`, `default_value`, `automation`, `css`, `width`, `height`, `options`, `data_query`, `action_query`, `search_query`, `search_count_query`, `grid_delete_query`, `grid_insert_query`, `grid_update_query`, `depends_on_field`, `depends_on_operator`, `depends_on_value`, `language_code`, `custom_script`, `also_save_seo_value`, `depends_on_action`, `save_on_change`, `extended_explanation`, `label_style`, `label_width`) VALUES (0, 'shippingcost', 0, 1, '', 100, '', '', 'combobox', 'Land', 'country', NULL, 5, '', 0, 0, NULL, '', '', 25, 0, '{\"entityType\": \"country\", \"searchEverywhere\": true, \"searchInTitle\": true, \"useDropDownList\": true}', NULL, NULL, NULL, NULL, NULL, NULL, NULL, NULL, NULL, NULL, '', NULL, 0, NULL, 0, 0, NULL, NULL);
INSERT INTO `wiser_entityproperty` (`module_id`, `entity_name`, `link_type`, `visible_in_overview`, `overview_fieldtype`, `overview_width`, `tab_name`, `group_name`, `inputtype`, `display_name`, `property_name`, `explanation`, `ordering`, `regex_validation`, `mandatory`, `readonly`, `default_value`, `automation`, `css`, `width`, `height`, `options`, `data_query`, `action_query`, `search_query`, `search_count_query`, `grid_delete_query`, `grid_insert_query`, `grid_update_query`, `depends_on_field`, `depends_on_operator`, `depends_on_value`, `language_code`, `custom_script`, `also_save_seo_value`, `depends_on_action`, `save_on_change`, `extended_explanation`, `label_style`, `label_width`) VALUES (0, 'shippingcost', 0, 1, '', 100, '', '', 'numeric-input', 'Minimaal orderbedrag', 'orderamountstart', NULL, 6, '', 0, 0, NULL, '', '', 25, 0, '{\"decimals\":2,\"format\":\"c\",\"round\":false,\"step\":1,\"factor\":1}', NULL, NULL, NULL, NULL, NULL, NULL, NULL, NULL, NULL, NULL, '', NULL, 0, NULL, 0, 0, NULL, NULL);
INSERT INTO `wiser_entityproperty` (`module_id`, `entity_name`, `link_type`, `visible_in_overview`, `overview_fieldtype`, `overview_width`, `tab_name`, `group_name`, `inputtype`, `display_name`, `property_name`, `explanation`, `ordering`, `regex_validation`, `mandatory`, `readonly`, `default_value`, `automation`, `css`, `width`, `height`, `options`, `data_query`, `action_query`, `search_query`, `search_count_query`, `grid_delete_query`, `grid_insert_query`, `grid_update_query`, `depends_on_field`, `depends_on_operator`, `depends_on_value`, `language_code`, `custom_script`, `also_save_seo_value`, `depends_on_action`, `save_on_change`, `extended_explanation`, `label_style`, `label_width`) VALUES (0, 'shippingcost', 0, 1, '', 100, '', '', 'numeric-input', 'Maximaal orderbedrag', 'orderamountend', NULL, 7, '', 0, 0, NULL, '', '', 25, 0, '{\"decimals\":2,\"format\":\"c\",\"round\":false,\"step\":1,\"factor\":1}', NULL, NULL, NULL, NULL, NULL, NULL, NULL, NULL, NULL, NULL, '', NULL, 0, NULL, 0, 0, NULL, NULL);
INSERT INTO `wiser_entityproperty` (`module_id`, `entity_name`, `link_type`, `visible_in_overview`, `overview_fieldtype`, `overview_width`, `tab_name`, `group_name`, `inputtype`, `display_name`, `property_name`, `explanation`, `ordering`, `regex_validation`, `mandatory`, `readonly`, `default_value`, `automation`, `css`, `width`, `height`, `options`, `data_query`, `action_query`, `search_query`, `search_count_query`, `grid_delete_query`, `grid_insert_query`, `grid_update_query`, `depends_on_field`, `depends_on_operator`, `depends_on_value`, `language_code`, `custom_script`, `also_save_seo_value`, `depends_on_action`, `save_on_change`, `extended_explanation`, `label_style`, `label_width`) VALUES (0, 'shippingcost', 0, 1, '', 100, '', '', 'combobox', 'Levermethode', 'deliverymethod', NULL, 8, '', 0, 0, NULL, '', '', 25, 0, '{\"searchFields\":[],\"useDropDownList\":true,\"entityType\":\"deliverymethod\",\"searchInTitle\":true,\"searchEverywhere\":true}', NULL, NULL, NULL, NULL, NULL, NULL, NULL, NULL, NULL, NULL, '', NULL, 0, NULL, 0, 0, NULL, NULL);
INSERT INTO `wiser_entityproperty` (`module_id`, `entity_name`, `link_type`, `visible_in_overview`, `overview_fieldtype`, `overview_width`, `tab_name`, `group_name`, `inputtype`, `display_name`, `property_name`, `explanation`, `ordering`, `regex_validation`, `mandatory`, `readonly`, `default_value`, `automation`, `css`, `width`, `height`, `options`, `data_query`, `action_query`, `search_query`, `search_count_query`, `grid_delete_query`, `grid_insert_query`, `grid_update_query`, `depends_on_field`, `depends_on_operator`, `depends_on_value`, `language_code`, `custom_script`, `also_save_seo_value`, `depends_on_action`, `save_on_change`, `extended_explanation`, `label_style`, `label_width`) VALUES (0, 'shippingcost', 0, 1, '', 100, '', '', 'input', 'Verzendkosten eigenschap', 'propertyname', NULL, 9, '', 0, 0, NULL, '', '', 25, 0, NULL, NULL, NULL, NULL, NULL, NULL, NULL, NULL, 'type', 'contains', 'highestproductshipping,lowestproductshipping,averageproductshipping,sumproductshipping', '', NULL, 0, NULL, 0, 0, NULL, NULL);
INSERT INTO `wiser_entityproperty` (`module_id`, `entity_name`, `link_type`, `visible_in_overview`, `overview_fieldtype`, `overview_width`, `tab_name`, `group_name`, `inputtype`, `display_name`, `property_name`, `explanation`, `ordering`, `regex_validation`, `mandatory`, `readonly`, `default_value`, `automation`, `css`, `width`, `height`, `options`, `data_query`, `action_query`, `search_query`, `search_count_query`, `grid_delete_query`, `grid_insert_query`, `grid_update_query`, `depends_on_field`, `depends_on_operator`, `depends_on_value`, `language_code`, `custom_script`, `also_save_seo_value`, `depends_on_action`, `save_on_change`, `extended_explanation`, `label_style`, `label_width`) VALUES (0, 'shippingcost', 0, 0, '', 100, '', '', 'input', 'Postcode van', 'postalcode_from', NULL, 10, '', 0, 0, NULL, '', '', 25, 0, NULL, NULL, NULL, NULL, NULL, NULL, NULL, NULL, NULL, NULL, NULL, '', NULL, 0, NULL, 0, 0, NULL, NULL);
INSERT INTO `wiser_entityproperty` (`module_id`, `entity_name`, `link_type`, `visible_in_overview`, `overview_fieldtype`, `overview_width`, `tab_name`, `group_name`, `inputtype`, `display_name`, `property_name`, `explanation`, `ordering`, `regex_validation`, `mandatory`, `readonly`, `default_value`, `automation`, `css`, `width`, `height`, `options`, `data_query`, `action_query`, `search_query`, `search_count_query`, `grid_delete_query`, `grid_insert_query`, `grid_update_query`, `depends_on_field`, `depends_on_operator`, `depends_on_value`, `language_code`, `custom_script`, `also_save_seo_value`, `depends_on_action`, `save_on_change`, `extended_explanation`, `label_style`, `label_width`) VALUES (0, 'shippingcost', 0, 0, '', 100, '', '', 'input', 'Postcode tot', 'postalcode_to', NULL, 11, '', 0, 0, NULL, '', '', 25, 0, NULL, NULL, NULL, NULL, NULL, NULL, NULL, NULL, NULL, NULL, NULL, '', NULL, 0, NULL, 0, 0, NULL, NULL);
INSERT INTO `wiser_entityproperty` (`module_id`, `entity_name`, `link_type`, `visible_in_overview`, `overview_fieldtype`, `overview_width`, `tab_name`, `group_name`, `inputtype`, `display_name`, `property_name`, `explanation`, `ordering`, `regex_validation`, `mandatory`, `readonly`, `default_value`, `automation`, `css`, `width`, `height`, `options`, `data_query`, `action_query`, `search_query`, `search_count_query`, `grid_delete_query`, `grid_insert_query`, `grid_update_query`, `depends_on_field`, `depends_on_operator`, `depends_on_value`, `language_code`, `custom_script`, `also_save_seo_value`, `depends_on_action`, `save_on_change`, `extended_explanation`, `label_style`, `label_width`) VALUES (0, 'shippingcost', 0, 0, '', 100, '', '', 'input', 'Gewicht van', 'weight_from', NULL, 12, '', 0, 0, NULL, '', '', 25, 0, NULL, NULL, NULL, NULL, NULL, NULL, NULL, NULL, NULL, NULL, NULL, '', NULL, 0, NULL, 0, 0, NULL, NULL);
INSERT INTO `wiser_entityproperty` (`module_id`, `entity_name`, `link_type`, `visible_in_overview`, `overview_fieldtype`, `overview_width`, `tab_name`, `group_name`, `inputtype`, `display_name`, `property_name`, `explanation`, `ordering`, `regex_validation`, `mandatory`, `readonly`, `default_value`, `automation`, `css`, `width`, `height`, `options`, `data_query`, `action_query`, `search_query`, `search_count_query`, `grid_delete_query`, `grid_insert_query`, `grid_update_query`, `depends_on_field`, `depends_on_operator`, `depends_on_value`, `language_code`, `custom_script`, `also_save_seo_value`, `depends_on_action`, `save_on_change`, `extended_explanation`, `label_style`, `label_width`) VALUES (0, 'shippingcost', 0, 0, '', 100, '', '', 'input', 'Gewicht tot', 'weight_to', NULL, 13, '', 0, 0, NULL, '', '', 25, 0, NULL, NULL, NULL, NULL, NULL, NULL, NULL, NULL, NULL, NULL, NULL, '', NULL, 0, NULL, 0, 0, NULL, NULL);

INSERT IGNORE INTO `wiser_item`(`unique_uuid`, `entity_type`, `moduleid`, `published_environment`, `readonly`, `title`, `added_on`, `added_by`, `changed_on`, `changed_by`) VALUES ('', 'map', 700, 4, 0, 'Verzendkosten', NOW(), 'Systeem', NULL, '');
SET @shippingCostDirectoryId = LAST_INSERT_ID();
INSERT IGNORE INTO `wiser_itemlink` (item_id, destination_item_id, ordering, type) VALUES (@shippingCostDirectoryId, 0, 1, 1);
INSERT IGNORE INTO `easy_objects` (typenr, `key`, `value`) VALUES (-1,'W2CHECKOUT_ShippingCostsQuery',REPLACE('SET @orderamount = {price~product~In_VAT_In_Discount~0.00~en-US};\n SET @deliverymethod = \'{shippingMethod}\';\n SET @country = \'{land}\';\n SET @postalcode = SUBSTRING(TRIM(\'{postcode}\'),1,4);\n SET @weight = \'{weight}\';\n \n SELECT\n costs.id,\n costs.`value` AS costs,\n type.`value` AS type,\n includesvat.`value` AS includesvat,\n vatrate.`value` AS vatrate,\n propertyname.`value` AS propertyname,\n shippingcost.title AS title,\n country.id AS country,\n postalcodefrom.id AS postalcodefrom,\n postalcodeto.id AS postalcodeto,\n weightfrom.id AS weightfrom,\n weightto.id AS weightto,\n orderamountstart.id AS orderamountstart,\n orderamountend.id AS orderamountend,\n deliverymethod.id AS deliverymethod \n \n FROM wiser_item shippingcost\n INNER JOIN wiser_itemlink AS shippingcost_to_folder ON shippingcost_to_folder.item_id=shippingcost.id AND shippingcost_to_folder.destination_item_id=<shippingCostDirectoryId>\n \n # Beperkingen\n LEFT JOIN wiser_itemdetail orderamountstart ON orderamountstart.item_id=shippingcost.id AND orderamountstart.`key`=\'orderamountstart\'\n LEFT JOIN wiser_itemdetail orderamountend ON orderamountend.item_id=shippingcost.id AND orderamountend.`key`=\'orderamountend\'\n LEFT JOIN wiser_itemdetail deliverymethod ON deliverymethod.item_id=shippingcost.id AND deliverymethod.`key`=\'deliverymethod\'\n LEFT JOIN wiser_itemdetail country ON country.item_id=shippingcost.id AND country.`key`=\'country\'\n LEFT JOIN wiser_itemdetail postalcodefrom ON postalcodefrom.item_id=shippingcost.id AND postalcodefrom.`key`=\'postalcode_from\'\n LEFT JOIN wiser_itemdetail postalcodeto ON postalcodeto.item_id=shippingcost.id AND postalcodeto.`key`=\'postalcode_to\'\n LEFT JOIN wiser_itemdetail weightfrom ON weightfrom.item_id=shippingcost.id AND weightfrom.`key`=\'weight_from\'\n LEFT JOIN wiser_itemdetail weightto ON weightto.item_id=shippingcost.id AND weightto.`key`=\'weight_to\'\n \n # Gevens die geselecteerd moeten worden\n LEFT JOIN wiser_itemdetail costs ON costs.item_id=shippingcost.id AND costs.`key`=\'costs\'\n LEFT JOIN wiser_itemdetail type ON type.item_id=shippingcost.id AND type.`key`=\'type\'\n LEFT JOIN wiser_itemdetail includesvat ON includesvat.item_id=shippingcost.id AND includesvat.`key`=\'includesvat\'\n LEFT JOIN wiser_itemdetail vatrate ON vatrate.item_id=shippingcost.id AND vatrate.`key`=\'vatrate\'\n LEFT JOIN wiser_itemdetail propertyname ON propertyname.item_id=shippingcost.id AND propertyname.`key`=\'propertyname\'\n \n WHERE shippingcost.entity_type=\'shippingcost\'\n \n AND IF(IFNULL(orderamountstart.`value`,\'\')=\'\',1=1, REPLACE(orderamountstart.`value`,\',\',\'.\')<=@orderamount)\n AND IF(IFNULL(orderamountend.`value`,\'\')=\'\',1=1,REPLACE(orderamountend.`value`,\',\',\'.\')>@orderamount)\n AND IF(IFNULL(deliverymethod.`value`,\'\')=\'\',1=1, deliverymethod.`value`=@deliverymethod)\n AND IF(IFNULL(country.`value`,\'\')=\'\',1=1, country.`value`=@country)\n AND IF(IFNULL(postalcodefrom.`value`,\'\')=\'\',1=1, postalcodefrom.`value`<=@postalcode)\n AND IF(IFNULL(postalcodeto.`value`,\'\')=\'\',1=1, postalcodeto.`value`>=@postalcode)\n AND IF(IFNULL(weightfrom.`value`,\'\')=\'\',1=1, weightfrom.`value`<=REPLACE(@weight,\',\',\'.\')*1)\n AND IF(IFNULL(weightto.`value`,\'\')=\'\',1=1, weightto.`value`>=REPLACE(@weight,\',\',\'.\')*1)\n \n ORDER BY country.id DESC, postalcodefrom.id DESC, postalcodeto.id DESC, weightfrom.id DESC, weightto.id DESC, orderamountstart.id DESC, orderamountend.id DESC, deliverymethod.id DESC\n \n LIMIT 1;\n','<shippingCostDirectoryId>',@shippingCostDirectoryId));

-- ----------------------------
-- Delivery methods
-- ----------------------------
INSERT IGNORE INTO `wiser_entity`(`name`, `module_id`, `accepted_childtypes`, `icon`, `icon_add`) VALUES ('deliverymethod', 700, '', '', '');
INSERT INTO `wiser_entityproperty` (`module_id`, `entity_name`, `link_type`, `visible_in_overview`, `overview_fieldtype`, `overview_width`, `tab_name`, `group_name`, `inputtype`, `display_name`, `property_name`, `explanation`, `ordering`, `regex_validation`, `mandatory`, `readonly`, `default_value`, `automation`, `css`, `width`, `height`, `options`, `data_query`, `action_query`, `search_query`, `search_count_query`, `grid_delete_query`, `grid_insert_query`, `grid_update_query`, `depends_on_field`, `depends_on_operator`, `depends_on_value`, `language_code`, `custom_script`, `also_save_seo_value`, `depends_on_action`, `save_on_change`, `extended_explanation`, `label_style`, `label_width`) VALUES (0, 'deliverymethod', 0, 0, '', 100, '', '', 'input', 'Vriendelijke naam', 'name', NULL, 1, '', 0, 0, NULL, '', '', 100, 0, NULL, NULL, NULL, NULL, NULL, NULL, NULL, NULL, NULL, NULL, NULL, '', NULL, 0, NULL, 0, 0, NULL, NULL);
INSERT INTO `wiser_entityproperty` (`module_id`, `entity_name`, `link_type`, `visible_in_overview`, `overview_fieldtype`, `overview_width`, `tab_name`, `group_name`, `inputtype`, `display_name`, `property_name`, `explanation`, `ordering`, `regex_validation`, `mandatory`, `readonly`, `default_value`, `automation`, `css`, `width`, `height`, `options`, `data_query`, `action_query`, `search_query`, `search_count_query`, `grid_delete_query`, `grid_insert_query`, `grid_update_query`, `depends_on_field`, `depends_on_operator`, `depends_on_value`, `language_code`, `custom_script`, `also_save_seo_value`, `depends_on_action`, `save_on_change`, `extended_explanation`, `label_style`, `label_width`) VALUES (0, 'deliverymethod', 0, 1, '', 100, '', '', 'textbox', 'Omschrijving', 'description', NULL, 2, '', 0, 0, NULL, '', '', 100, 0, NULL, NULL, NULL, NULL, NULL, NULL, NULL, NULL, NULL, NULL, NULL, '', NULL, 0, NULL, 0, 0, NULL, NULL);
INSERT INTO `wiser_entityproperty` (`module_id`, `entity_name`, `link_type`, `visible_in_overview`, `overview_fieldtype`, `overview_width`, `tab_name`, `group_name`, `inputtype`, `display_name`, `property_name`, `explanation`, `ordering`, `regex_validation`, `mandatory`, `readonly`, `default_value`, `automation`, `css`, `width`, `height`, `options`, `data_query`, `action_query`, `search_query`, `search_count_query`, `grid_delete_query`, `grid_insert_query`, `grid_update_query`, `depends_on_field`, `depends_on_operator`, `depends_on_value`, `language_code`, `custom_script`, `also_save_seo_value`, `depends_on_action`, `save_on_change`, `extended_explanation`, `label_style`, `label_width`) VALUES (0, 'deliverymethod', 0, 0, '', 100, '', '', 'HTMLeditor', 'Omschrijving na selecteren', 'subdescription', NULL, 3, '', 0, 0, NULL, '', '', 100, 0, NULL, NULL, NULL, NULL, NULL, NULL, NULL, NULL, NULL, NULL, NULL, '', NULL, 0, NULL, 0, 0, NULL, NULL);
INSERT IGNORE INTO `wiser_item`(`unique_uuid`, `entity_type`, `moduleid`, `published_environment`, `readonly`, `title`, `added_on`, `added_by`, `changed_on`, `changed_by`) VALUES ('', 'map', 700, 4, 0, 'Leveringsmethodes', NOW(), 'Systeem', NULL, '');
INSERT IGNORE INTO `wiser_itemlink` (item_id, destination_item_id, ordering, type) VALUES (LAST_INSERT_ID(), 0, 1, 1);
INSERT IGNORE INTO `easy_objects` (typenr, `key`, `value`) VALUES (-1,'W2CHECKOUT_DeliveryMethodsQuery',REPLACE('SET @orderamount = {price~product~In_VAT_In_Discount~0.00~en-US};\n SET @country = \'{land}\';\n SET @postalcode = SUBSTRING(TRIM(\'{postcode}\'),1,4);\n SET @weight = \'{weight}\';\n \n SELECT\n deliverymethod.id,\n deliverymethod.title,\n description.`value` AS description,\n subdescription.`value` AS subdescription,\n REPLACE(ROUND(REPLACE(costs.`value`,\',\',\'.\')*1.21,2),\'.\',\',\') AS costs\n \n
FROM wiser_item shippingcost\n JOIN wiser_itemdetail deliverymethodid ON deliverymethodid.item_id=shippingcost.id AND deliverymethodid.`key`=\'deliverymethod\'\n JOIN wiser_item deliverymethod ON deliverymethod.id=deliverymethodid.`value`  JOIN wiser_itemlink AS shippingcost_to_folder ON shippingcost_to_folder.item_id=shippingcost.id AND shippingcost_to_folder.type=1 AND shippingcost_to_folder.destination_item_id=<shippingCostDirectoryId> \n \n # Beperkingen\n LEFT JOIN wiser_itemdetail orderamountstart ON orderamountstart.item_id=shippingcost.id AND orderamountstart.`key`=\'orderamountstart\'\n LEFT JOIN wiser_itemdetail orderamountend ON orderamountend.item_id=shippingcost.id AND orderamountend.`key`=\'orderamountend\'\n LEFT JOIN wiser_itemdetail country ON country.item_id=shippingcost.id AND country.`key`=\'country\'\n LEFT JOIN wiser_itemdetail postalcodefrom ON postalcodefrom.item_id=shippingcost.id AND postalcodefrom.`key`=\'postalcode_from\'\n LEFT JOIN wiser_itemdetail postalcodeto ON postalcodeto.item_id=shippingcost.id AND postalcodeto.`key`=\'postalcode_to\'\n LEFT JOIN wiser_itemdetail weightfrom ON weightfrom.item_id=shippingcost.id AND weightfrom.`key`=\'weight_from\'\n LEFT JOIN wiser_itemdetail weightto ON weightto.item_id=shippingcost.id AND weightto.`key`=\'weight_to\'\n \n # Gevens die geselecteerd moeten worden\n LEFT JOIN wiser_itemdetail description ON description.item_id=deliverymethod.id AND description.`key`=\'description\'\n LEFT JOIN wiser_itemdetail subdescription ON subdescription.item_id=deliverymethod.id AND subdescription.`key`=\'subdescription\'\n LEFT JOIN wiser_itemdetail costs ON costs.item_id=shippingcost.id AND costs.`key`=\'costs\'\n \n WHERE shippingcost.entity_type=\'shippingcost\'\n AND IF(IFNULL(orderamountstart.`value`,\'\')=\'\',1=1, REPLACE(orderamountstart.`value`,\',\',\'.\')<=@orderamount)\n AND IF(IFNULL(orderamountend.`value`,\'\')=\'\',1=1,REPLACE(orderamountend.`value`,\',\',\'.\')>@orderamount)\n AND IF(IFNULL(country.`value`,\'\')=\'\',1=1, country.`value`=@country)\n AND IF(IFNULL(postalcodefrom.`value`,\'\')=\'\',1=1, postalcodefrom.`value`<=@postalcode)\n AND IF(IFNULL(postalcodeto.`value`,\'\')=\'\',1=1, postalcodeto.`value`>=@postalcode)\n AND IF(IFNULL(weightfrom.`value`,\'\')=\'\',1=1, weightfrom.`value`<=REPLACE(@weight,\',\',\'.\')*1)\n AND IF(IFNULL(weightto.`value`,\'\')=\'\',1=1, weightto.`value`>=REPLACE(@weight,\',\',\'.\')*1)\n \n ORDER BY country.id DESC, postalcodefrom.id DESC, postalcodeto.id DESC, weightfrom.id DESC, weightto.id DESC, orderamountstart.id DESC, orderamountend.id DESC, deliverymethod.id DESC\n','<shippingCostDirectoryId>',@shippingCostDirectoryId));


-- ----------------------------
-- VAT rate
-- ----------------------------
INSERT IGNORE INTO `wiser_entity`(`name`, `module_id`, `accepted_childtypes`, `icon`, `icon_add`) VALUES ('vatrate', 700, '', '', '');
INSERT IGNORE INTO `wiser_entityproperty`(`module_id`, `entity_name`, `link_type`, `visible_in_overview`, `overview_fieldtype`, `overview_width`, `tab_name`, `group_name`, `inputtype`, `display_name`, `property_name`, `explanation`, `ordering`, `regex_validation`, `mandatory`, `readonly`, `default_value`, `css`, `width`, `height`, `options`, `data_query`, `action_query`, `search_query`, `search_count_query`, `grid_delete_query`, `grid_insert_query`, `grid_update_query`, `depends_on_field`, `depends_on_operator`, `depends_on_value`, `language_code`, `custom_script`, `also_save_seo_value`, `depends_on_action`) VALUES (0, 'vatrate', 0, 1, '', 100, '', '', 'input', 'Omschrijving', 'description', NULL, 2, '', 0, 0, NULL, '', 0, 0, NULL, NULL, NULL, NULL, NULL, NULL, NULL, NULL, NULL, NULL, NULL, '', NULL, 0, NULL);
INSERT IGNORE INTO `wiser_item`(`unique_uuid`, `entity_type`, `moduleid`, `published_environment`, `readonly`, `title`, `added_on`, `added_by`, `changed_on`, `changed_by`) VALUES ('', 'map', 700, 4, 0, 'BTW tarieven', NOW(), 'Systeem', NULL, '');
SET @vatRateDirectoryId  = LAST_INSERT_ID();
INSERT IGNORE INTO `wiser_itemlink` (item_id, destination_item_id, ordering, type) VALUES (@vatRateDirectoryId, 0, 1, 1);
INSERT IGNORE INTO `wiser_item`(`unique_uuid`, `entity_type`, `moduleid`, `published_environment`, `readonly`, `title`, `added_on`, `added_by`, `changed_on`, `changed_by`) VALUES ('', 'vatrate', 700, 4, 0, 'Nul tarief', NOW(), 'Systeem', NULL, '');
SET @vatRateId  = LAST_INSERT_ID();
INSERT IGNORE INTO `wiser_itemlink` (`item_id`, `destination_item_id`, `type`) VALUES (@vatRateid, @vatRateDirectoryId, 1);
INSERT IGNORE INTO `wiser_itemdetail`(`item_id`, `key`, `value`) VALUES (@vatRateId, 'description', 'zerorate');
INSERT IGNORE INTO `wiser_item`(`unique_uuid`, `entity_type`, `moduleid`, `published_environment`, `readonly`, `title`, `added_on`, `added_by`, `changed_on`, `changed_by`) VALUES ('', 'vatrate', 700, 4, 0, 'Verlaagd tarief', NOW(), 'Systeem', NULL, '');
SET @vatRateId  = LAST_INSERT_ID();
INSERT IGNORE INTO `wiser_itemlink` (`item_id`, `destination_item_id`, `type`) VALUES (@vatRateid, @vatRateDirectoryId, 1);
INSERT IGNORE INTO `wiser_itemdetail`(`item_id`, `key`, `value`) VALUES (@vatRateId, 'description', 'reducedrate');
INSERT IGNORE INTO `wiser_item`(`unique_uuid`, `entity_type`, `moduleid`, `published_environment`, `readonly`, `title`, `added_on`, `added_by`, `changed_on`, `changed_by`) VALUES ('', 'vatrate', 700, 4, 0, 'Extra verlaagd tarief', NOW(), 'Systeem', NULL, '');
SET @vatRateId  = LAST_INSERT_ID();
INSERT IGNORE INTO `wiser_itemlink` (`item_id`, `destination_item_id`, `type`) VALUES (@vatRateid, @vatRateDirectoryId, 1);
INSERT IGNORE INTO `wiser_itemdetail`(`item_id`, `key`, `value`) VALUES (@vatRateId, 'description', 'superreducedrate');
INSERT IGNORE INTO `wiser_item`(`unique_uuid`, `entity_type`, `moduleid`, `published_environment`, `readonly`, `title`, `added_on`, `added_by`, `changed_on`, `changed_by`) VALUES ('', 'vatrate', 700, 4, 0, 'Standaard tarief', NOW(), 'Systeem', NULL, '');
SET @vatRateId  = LAST_INSERT_ID();
INSERT IGNORE INTO `wiser_itemlink` (`item_id`, `destination_item_id`, `type`) VALUES (@vatRateid, @vatRateDirectoryId, 1);
INSERT IGNORE INTO `wiser_itemdetail`(`item_id`, `key`, `value`) VALUES (@vatRateId, 'description', 'standardrate');

-- ----------------------------
-- VAT rules
-- ----------------------------
INSERT IGNORE INTO `wiser_entity`(`name`, `module_id`, `accepted_childtypes`, `icon`, `icon_add`) VALUES ('vatrule', 700, '', '', '');
INSERT INTO `wiser_entityproperty` (`module_id`, `entity_name`, `link_type`, `visible_in_overview`, `overview_fieldtype`, `overview_width`, `tab_name`, `group_name`, `inputtype`, `display_name`, `property_name`, `explanation`, `ordering`, `regex_validation`, `mandatory`, `readonly`, `default_value`, `automation`, `css`, `width`, `height`, `options`, `data_query`, `action_query`, `search_query`, `search_count_query`, `grid_delete_query`, `grid_insert_query`, `grid_update_query`, `depends_on_field`, `depends_on_operator`, `depends_on_value`, `language_code`, `custom_script`, `also_save_seo_value`, `depends_on_action`, `save_on_change`, `extended_explanation`, `label_style`, `label_width`) VALUES (0, 'vatrule', 0, 1, '', 100, '', '', 'combobox', 'Land', 'country', NULL, 1, '', 0, 0, NULL, '', '', 0, 0, '{\"entityType\": \"country\", \"searchEverywhere\": true, \"searchInTitle\": true, \"useDropDownList\": true}', NULL, NULL, NULL, NULL, NULL, NULL, NULL, NULL, NULL, NULL, '', NULL, 0, NULL, 0, 0, NULL, NULL);
INSERT INTO `wiser_entityproperty` (`module_id`, `entity_name`, `link_type`, `visible_in_overview`, `overview_fieldtype`, `overview_width`, `tab_name`, `group_name`, `inputtype`, `display_name`, `property_name`, `explanation`, `ordering`, `regex_validation`, `mandatory`, `readonly`, `default_value`, `automation`, `css`, `width`, `height`, `options`, `data_query`, `action_query`, `search_query`, `search_count_query`, `grid_delete_query`, `grid_insert_query`, `grid_update_query`, `depends_on_field`, `depends_on_operator`, `depends_on_value`, `language_code`, `custom_script`, `also_save_seo_value`, `depends_on_action`, `save_on_change`, `extended_explanation`, `label_style`, `label_width`) VALUES (0, 'vatrule', 0, 1, '', 100, '', '', 'input', 'B2B', 'b2b', NULL, 2, '', 0, 0, NULL, '', '', 0, 0, NULL, NULL, NULL, NULL, NULL, NULL, NULL, NULL, NULL, NULL, NULL, '', NULL, 0, NULL, 0, 0, NULL, NULL);
INSERT INTO `wiser_entityproperty` (`module_id`, `entity_name`, `link_type`, `visible_in_overview`, `overview_fieldtype`, `overview_width`, `tab_name`, `group_name`, `inputtype`, `display_name`, `property_name`, `explanation`, `ordering`, `regex_validation`, `mandatory`, `readonly`, `default_value`, `automation`, `css`, `width`, `height`, `options`, `data_query`, `action_query`, `search_query`, `search_count_query`, `grid_delete_query`, `grid_insert_query`, `grid_update_query`, `depends_on_field`, `depends_on_operator`, `depends_on_value`, `language_code`, `custom_script`, `also_save_seo_value`, `depends_on_action`, `save_on_change`, `extended_explanation`, `label_style`, `label_width`) VALUES (0, 'vatrule', 0, 1, '', 100, '', '', 'combobox', 'BTW tarief', 'vatrate', NULL, 3, '', 0, 0, NULL, '', '', 0, 0, '{\"searchFields\":[],\"useDropDownList\":true,\"entityType\":\"vatrate\",\"searchInTitle\":true,\"searchEverywhere\":true}', NULL, NULL, NULL, NULL, NULL, NULL, NULL, NULL, NULL, NULL, '', NULL, 0, NULL, 0, 0, NULL, NULL);
INSERT INTO `wiser_entityproperty` (`module_id`, `entity_name`, `link_type`, `visible_in_overview`, `overview_fieldtype`, `overview_width`, `tab_name`, `group_name`, `inputtype`, `display_name`, `property_name`, `explanation`, `ordering`, `regex_validation`, `mandatory`, `readonly`, `default_value`, `automation`, `css`, `width`, `height`, `options`, `data_query`, `action_query`, `search_query`, `search_count_query`, `grid_delete_query`, `grid_insert_query`, `grid_update_query`, `depends_on_field`, `depends_on_operator`, `depends_on_value`, `language_code`, `custom_script`, `also_save_seo_value`, `depends_on_action`, `save_on_change`, `extended_explanation`, `label_style`, `label_width`) VALUES (0, 'vatrule', 0, 1, '', 100, '', '', 'numeric-input', 'Percentage', 'percentage', NULL, 4, '', 0, 0, NULL, '', '', 0, 0, NULL, NULL, NULL, NULL, NULL, NULL, NULL, NULL, NULL, NULL, NULL, '', NULL, 0, NULL, 0, 0, NULL, NULL);
INSERT IGNORE INTO `wiser_item`(`unique_uuid`, `entity_type`, `moduleid`, `published_environment`, `readonly`, `title`, `added_on`, `added_by`, `changed_on`, `changed_by`) VALUES ('', 'map', 700, 4, 0, 'BTW regels', NOW(), 'Systeem', NULL, '');
SET @vatRuleDirectoryId  = LAST_INSERT_ID();
INSERT IGNORE INTO `wiser_itemlink` (item_id, destination_item_id, ordering, type) VALUES (@vatRuleDirectoryId, 0, 1, 1);
INSERT IGNORE INTO `wiser_item`(`unique_uuid`, `entity_type`, `moduleid`, `published_environment`, `readonly`, `title`, `added_on`, `added_by`, `changed_on`, `changed_by`) VALUES ('', 'vatrule', 700, 4, 0, 'Standaard regel', NOW(), 'Systeem', NULL, '');
SET @vatRuleId  = LAST_INSERT_ID();
INSERT IGNORE INTO `wiser_itemlink` (`item_id`, `destination_item_id`, `type`) VALUES (@vatRuleId, @vatRuleDirectoryId, 1);
INSERT IGNORE INTO `wiser_itemdetail`(`item_id`, `key`, `value`) VALUES (@vatRuleId, 'vatrate', @vatRateId);
INSERT IGNORE INTO `wiser_itemdetail`(`item_id`, `key`, `value`) VALUES (@vatRuleId, 'percentage', '21');

-- ----------------------------
-- Payment methods
-- ----------------------------
INSERT IGNORE INTO `wiser_entity`(`name`, `module_id`, `accepted_childtypes`, `icon`, `icon_add`) VALUES ('paymentmethod', 700, '', '', '');
INSERT INTO `wiser_entityproperty` (`module_id`, `entity_name`, `link_type`, `visible_in_overview`, `overview_fieldtype`, `overview_width`, `tab_name`, `group_name`, `inputtype`, `display_name`, `property_name`, `explanation`, `ordering`, `regex_validation`, `mandatory`, `readonly`, `default_value`, `automation`, `css`, `width`, `height`, `options`, `data_query`, `action_query`, `search_query`, `search_count_query`, `grid_delete_query`, `grid_insert_query`, `grid_update_query`, `depends_on_field`, `depends_on_operator`, `depends_on_value`, `language_code`, `custom_script`, `also_save_seo_value`, `depends_on_action`, `save_on_change`, `extended_explanation`, `label_style`, `label_width`) VALUES (0, 'paymentmethod', 0, 1, '', 100, '', '', 'input', 'Class t.b.v. afbeelding', 'class', NULL, 3, '', 0, 0, NULL, '', '', 25, 0, NULL, NULL, NULL, NULL, NULL, NULL, NULL, NULL, NULL, NULL, NULL, '', NULL, 0, NULL, 0, 0, NULL, NULL);
INSERT INTO `wiser_entityproperty` (`module_id`, `entity_name`, `link_type`, `visible_in_overview`, `overview_fieldtype`, `overview_width`, `tab_name`, `group_name`, `inputtype`, `display_name`, `property_name`, `explanation`, `ordering`, `regex_validation`, `mandatory`, `readonly`, `default_value`, `automation`, `css`, `width`, `height`, `options`, `data_query`, `action_query`, `search_query`, `search_count_query`, `grid_delete_query`, `grid_insert_query`, `grid_update_query`, `depends_on_field`, `depends_on_operator`, `depends_on_value`, `language_code`, `custom_script`, `also_save_seo_value`, `depends_on_action`, `save_on_change`, `extended_explanation`, `label_style`, `label_width`) VALUES (0, 'paymentmethod', 0, 1, '', 100, '', '', 'input', 'Code', 'code', NULL, 2, '', 0, 0, NULL, '', '', 25, 0, NULL, NULL, NULL, NULL, NULL, NULL, NULL, NULL, NULL, NULL, NULL, '', NULL, 0, NULL, 0, 0, NULL, NULL);
INSERT INTO `wiser_entityproperty` (`module_id`, `entity_name`, `link_type`, `visible_in_overview`, `overview_fieldtype`, `overview_width`, `tab_name`, `group_name`, `inputtype`, `display_name`, `property_name`, `explanation`, `ordering`, `regex_validation`, `mandatory`, `readonly`, `default_value`, `automation`, `css`, `width`, `height`, `options`, `data_query`, `action_query`, `search_query`, `search_count_query`, `grid_delete_query`, `grid_insert_query`, `grid_update_query`, `depends_on_field`, `depends_on_operator`, `depends_on_value`, `language_code`, `custom_script`, `also_save_seo_value`, `depends_on_action`, `save_on_change`, `extended_explanation`, `label_style`, `label_width`) VALUES (0, 'paymentmethod', 0, 1, '', 100, '', '', 'input', 'Vriendelijke naam', 'name', NULL, 1, '', 0, 0, NULL, '', '', 25, 0, NULL, NULL, NULL, NULL, NULL, NULL, NULL, NULL, NULL, NULL, NULL, '', NULL, 0, NULL, 0, 0, NULL, NULL);
INSERT INTO `wiser_entityproperty` (`module_id`, `entity_name`, `link_type`, `visible_in_overview`, `overview_fieldtype`, `overview_width`, `tab_name`, `group_name`, `inputtype`, `display_name`, `property_name`, `explanation`, `ordering`, `regex_validation`, `mandatory`, `readonly`, `default_value`, `automation`, `css`, `width`, `height`, `options`, `data_query`, `action_query`, `search_query`, `search_count_query`, `grid_delete_query`, `grid_insert_query`, `grid_update_query`, `depends_on_field`, `depends_on_operator`, `depends_on_value`, `language_code`, `custom_script`, `also_save_seo_value`, `depends_on_action`, `save_on_change`, `extended_explanation`, `label_style`, `label_width`) VALUES (0, 'paymentmethod', 0, 0, '', 100, '', '', 'textbox', 'Omschrijving', 'description', NULL, 12, '', 0, 0, NULL, '', '', 50, 0, NULL, NULL, NULL, NULL, NULL, NULL, NULL, NULL, NULL, NULL, NULL, '', NULL, 0, NULL, 0, 0, NULL, NULL);
INSERT INTO `wiser_entityproperty` (`module_id`, `entity_name`, `link_type`, `visible_in_overview`, `overview_fieldtype`, `overview_width`, `tab_name`, `group_name`, `inputtype`, `display_name`, `property_name`, `explanation`, `ordering`, `regex_validation`, `mandatory`, `readonly`, `default_value`, `automation`, `css`, `width`, `height`, `options`, `data_query`, `action_query`, `search_query`, `search_count_query`, `grid_delete_query`, `grid_insert_query`, `grid_update_query`, `depends_on_field`, `depends_on_operator`, `depends_on_value`, `language_code`, `custom_script`, `also_save_seo_value`, `depends_on_action`, `save_on_change`, `extended_explanation`, `label_style`, `label_width`) VALUES (0, 'paymentmethod', 0, 0, '', 100, 'Kosten', '', 'numeric-input', 'Kosten', 'costs', NULL, 5, '', 0, 0, NULL, '', '', 20, 0, NULL, NULL, NULL, NULL, NULL, NULL, NULL, NULL, NULL, NULL, NULL, '', NULL, 0, NULL, 0, 0, NULL, NULL);
INSERT INTO `wiser_entityproperty` (`module_id`, `entity_name`, `link_type`, `visible_in_overview`, `overview_fieldtype`, `overview_width`, `tab_name`, `group_name`, `inputtype`, `display_name`, `property_name`, `explanation`, `ordering`, `regex_validation`, `mandatory`, `readonly`, `default_value`, `automation`, `css`, `width`, `height`, `options`, `data_query`, `action_query`, `search_query`, `search_count_query`, `grid_delete_query`, `grid_insert_query`, `grid_update_query`, `depends_on_field`, `depends_on_operator`, `depends_on_value`, `language_code`, `custom_script`, `also_save_seo_value`, `depends_on_action`, `save_on_change`, `extended_explanation`, `label_style`, `label_width`) VALUES (0, 'paymentmethod', 0, 0, '', 100, 'Kosten', '', 'checkbox', 'Is percentage', 'ispercentage', NULL, 6, '', 0, 0, NULL, '', '', 10, 0, NULL, NULL, NULL, NULL, NULL, NULL, NULL, NULL, NULL, NULL, NULL, '', NULL, 0, NULL, 0, 0, NULL, NULL);
INSERT INTO `wiser_entityproperty` (`module_id`, `entity_name`, `link_type`, `visible_in_overview`, `overview_fieldtype`, `overview_width`, `tab_name`, `group_name`, `inputtype`, `display_name`, `property_name`, `explanation`, `ordering`, `regex_validation`, `mandatory`, `readonly`, `default_value`, `automation`, `css`, `width`, `height`, `options`, `data_query`, `action_query`, `search_query`, `search_count_query`, `grid_delete_query`, `grid_insert_query`, `grid_update_query`, `depends_on_field`, `depends_on_operator`, `depends_on_value`, `language_code`, `custom_script`, `also_save_seo_value`, `depends_on_action`, `save_on_change`, `extended_explanation`, `label_style`, `label_width`) VALUES (0, 'paymentmethod', 0, 0, '', 100, 'Beperkingen', '', 'numeric-input', 'Minimaal orderbedrag', 'orderamountstart', 'Incl. BTW', 10, '', 0, 0, NULL, '', '', 20, 0, '{\"decimals\":2,\"format\":\"c\",\"round\":false,\"step\":1,\"factor\":1}', NULL, NULL, NULL, NULL, NULL, NULL, NULL, NULL, NULL, NULL, '', NULL, 0, NULL, 0, 0, NULL, NULL);
INSERT INTO `wiser_entityproperty` (`module_id`, `entity_name`, `link_type`, `visible_in_overview`, `overview_fieldtype`, `overview_width`, `tab_name`, `group_name`, `inputtype`, `display_name`, `property_name`, `explanation`, `ordering`, `regex_validation`, `mandatory`, `readonly`, `default_value`, `automation`, `css`, `width`, `height`, `options`, `data_query`, `action_query`, `search_query`, `search_count_query`, `grid_delete_query`, `grid_insert_query`, `grid_update_query`, `depends_on_field`, `depends_on_operator`, `depends_on_value`, `language_code`, `custom_script`, `also_save_seo_value`, `depends_on_action`, `save_on_change`, `extended_explanation`, `label_style`, `label_width`) VALUES (0, 'paymentmethod', 0, 0, '', 100, 'Beperkingen', '', 'numeric-input', 'Maximaal orderbedrag', 'orderamountend', 'Incl. BTW', 11, '', 0, 0, NULL, '', '', 20, 0, '{\"decimals\":2,\"format\":\"c\",\"round\":false,\"step\":1,\"factor\":1}', NULL, NULL, NULL, NULL, NULL, NULL, NULL, NULL, NULL, NULL, '', NULL, 0, NULL, 0, 0, NULL, NULL);
INSERT INTO `wiser_entityproperty` (`module_id`, `entity_name`, `link_type`, `visible_in_overview`, `overview_fieldtype`, `overview_width`, `tab_name`, `group_name`, `inputtype`, `display_name`, `property_name`, `explanation`, `ordering`, `regex_validation`, `mandatory`, `readonly`, `default_value`, `automation`, `css`, `width`, `height`, `options`, `data_query`, `action_query`, `search_query`, `search_count_query`, `grid_delete_query`, `grid_insert_query`, `grid_update_query`, `depends_on_field`, `depends_on_operator`, `depends_on_value`, `language_code`, `custom_script`, `also_save_seo_value`, `depends_on_action`, `save_on_change`, `extended_explanation`, `label_style`, `label_width`) VALUES (0, 'paymentmethod', 0, 0, '', 100, 'Kosten', '', 'combobox', 'BTW tarief', 'vatrate', NULL, 9, '', 0, 0, NULL, '', '', 20, 0, '{\"searchFields\":[],\"useDropDownList\":true,\"entityType\":\"vatrate\",\"searchInTitle\":true,\"searchEverywhere\":true}', NULL, NULL, NULL, NULL, NULL, NULL, NULL, NULL, NULL, NULL, '', NULL, 0, NULL, 0, 0, NULL, NULL);
INSERT INTO `wiser_entityproperty` (`module_id`, `entity_name`, `link_type`, `visible_in_overview`, `overview_fieldtype`, `overview_width`, `tab_name`, `group_name`, `inputtype`, `display_name`, `property_name`, `explanation`, `ordering`, `regex_validation`, `mandatory`, `readonly`, `default_value`, `automation`, `css`, `width`, `height`, `options`, `data_query`, `action_query`, `search_query`, `search_count_query`, `grid_delete_query`, `grid_insert_query`, `grid_update_query`, `depends_on_field`, `depends_on_operator`, `depends_on_value`, `language_code`, `custom_script`, `also_save_seo_value`, `depends_on_action`, `save_on_change`, `extended_explanation`, `label_style`, `label_width`) VALUES (0, 'paymentmethod', 0, 0, '', 100, 'Beperkingen', '', 'multiselect', 'Landen', 'country', NULL, 4, '', 0, 0, NULL, '', '', 25, 0, '{\"entityType\": \"country\", \"searchEverywhere\": true, \"searchInTitle\": true, \"useDropDownList\": true}', NULL, NULL, NULL, NULL, NULL, NULL, NULL, NULL, NULL, NULL, '', NULL, 0, NULL, 0, 0, NULL, NULL);
INSERT INTO `wiser_entityproperty` (`module_id`, `entity_name`, `link_type`, `visible_in_overview`, `overview_fieldtype`, `overview_width`, `tab_name`, `group_name`, `inputtype`, `display_name`, `property_name`, `explanation`, `ordering`, `regex_validation`, `mandatory`, `readonly`, `default_value`, `automation`, `css`, `width`, `height`, `options`, `data_query`, `action_query`, `search_query`, `search_count_query`, `grid_delete_query`, `grid_insert_query`, `grid_update_query`, `depends_on_field`, `depends_on_operator`, `depends_on_value`, `language_code`, `custom_script`, `also_save_seo_value`, `depends_on_action`, `save_on_change`, `extended_explanation`, `label_style`, `label_width`) VALUES (0, 'paymentmethod', 0, 0, '', 100, 'Kosten', '', 'checkbox', 'Inclusief BTW', 'includesvat', NULL, 8, '', 0, 0, NULL, '', '', 10, 0, NULL, NULL, NULL, NULL, NULL, NULL, NULL, NULL, NULL, NULL, NULL, '', NULL, 0, NULL, 0, 0, NULL, NULL);
INSERT IGNORE INTO `wiser_item`(`unique_uuid`, `entity_type`, `moduleid`, `published_environment`, `readonly`, `title`, `added_on`, `added_by`, `changed_on`, `changed_by`) VALUES ('', 'map', 700, 4, 0, 'Betaalmethodes', NOW(), 'Systeem', NULL, '');
INSERT IGNORE INTO `wiser_itemlink` (item_id, destination_item_id, ordering, type) VALUES (LAST_INSERT_ID(), 0, 1, 1);
INSERT IGNORE INTO `easy_objects` (typenr, `key`, `value`) VALUES (-1,'W2CHECKOUT_PaymentMethodsQuery','SET @orderamount = {price~product~In_VAT_In_Discount~0.00~en-US};\n SET @country = \'{land}\';\n \n SELECT\n  paymentmethod.id,\n  friendlyname.`value` AS friendlyname,\n  paymentcode.`value` AS paymentcode,\n  class.`value` AS class,\n  description.`value` AS description,\n  REPLACE(ROUND(REPLACE(IFNULL(costs.`value`,\'0\'),\',\',\'.\')*1.21,2),\'.\',\',\') AS costs\n FROM wiser_item paymentmethod\n JOIN wiser_itemlink paymentorder ON paymentorder.item_id=paymentmethod.id AND paymentorder.type=1\n \n # Beperkingen\n LEFT JOIN wiser_itemdetail orderamountstart ON orderamountstart.item_id=paymentmethod.id AND orderamountstart.`key`=\'orderamountstart\'\n LEFT JOIN wiser_itemdetail orderamountend ON orderamountend.item_id=paymentmethod.id AND orderamountend.`key`=\'orderamountend\'\n LEFT JOIN wiser_itemdetail country ON country.item_id=paymentmethod.id AND country.`key`=\'country\'\n \n # Gevens die geselecteerd moeten worden\n LEFT JOIN wiser_itemdetail friendlyname ON friendlyname.item_id=paymentmethod.id AND friendlyname.`key`=\'name\'\n LEFT JOIN wiser_itemdetail paymentcode ON paymentcode.item_id=paymentmethod.id AND paymentcode.`key`=\'code\'\n LEFT JOIN wiser_itemdetail class ON class.item_id=paymentmethod.id AND class.`key`=\'class\'\n LEFT JOIN wiser_itemdetail costs ON costs.item_id=paymentmethod.id AND costs.`key`=\'costs\'\n LEFT JOIN wiser_itemdetail ispercentage ON ispercentage.item_id=paymentmethod.id AND ispercentage.`key`=\'ispercentage\'\n LEFT JOIN wiser_itemdetail includesvat ON includesvat.item_id=paymentmethod.id AND includesvat.`key`=\'includesvat\'\n LEFT JOIN wiser_itemdetail vatrate ON vatrate.item_id=paymentmethod.id AND vatrate.`key`=\'vatrate\'\n LEFT JOIN wiser_itemdetail description ON description.item_id=paymentmethod.id AND description.`key`=\'description\'\n \n WHERE paymentmethod.entity_type=\'paymentmethod\' AND paymentmethod.published_environment>0\n AND IF(IFNULL(orderamountstart.`value`,\'\')=\'\',1=1, REPLACE(orderamountstart.`value`,\',\',\'.\')<=@orderamount)\n AND IF(IFNULL(orderamountend.`value`,\'\')=\'\',1=1,REPLACE(orderamountend.`value`,\',\',\'.\')>@orderamount)\n AND IF(IFNULL(country.`value`,\'\')=\'\',1=1, country.`value`=@country)\n \n ORDER BY paymentorder.ordering\n');
INSERT IGNORE INTO `easy_objects` (typenr, `key`, `value`) VALUES (-1,'W2CHECKOUT_PaymentCostsQuery','SET @paymentMethod = \'{paymentmethod}\';\n \n SELECT\n  paymentmethod.id,\n  friendlyname.`value` AS friendlyname,\n  costs.`value` AS costs,\n  ispercentage.`value` AS ispercentage,\n  includesvat.`value` AS includesvat,\n	  vatrate.`value` AS vatrate\n FROM wiser_item paymentmethod\n JOIN wiser_itemdetail paymentcode ON paymentcode.item_id=paymentmethod.id AND paymentcode.`key`=\'code\' AND paymentcode.`value`=@paymentMethod\n \n  # Beperkingen\n LEFT JOIN wiser_itemdetail orderamountstart ON orderamountstart.item_id=paymentmethod.id AND orderamountstart.`key`=\'orderamountstart\'\n LEFT JOIN wiser_itemdetail orderamountend ON orderamountend.item_id=paymentmethod.id AND orderamountend.`key`=\'orderamountend\'\n LEFT JOIN wiser_itemdetail country ON country.item_id=paymentmethod.id AND country.`key`=\'country\'\n \n # Gevens die geselecteerd moeten worden\n LEFT JOIN wiser_itemdetail friendlyname ON friendlyname.item_id=paymentmethod.id AND friendlyname.`key`=\'name\'\n LEFT JOIN wiser_itemdetail costs ON costs.item_id=paymentmethod.id AND costs.`key`=\'costs\'\n LEFT JOIN wiser_itemdetail ispercentage ON ispercentage.item_id=paymentmethod.id AND ispercentage.`key`=\'ispercentage\'\n LEFT JOIN wiser_itemdetail includesvat ON includesvat.item_id=paymentmethod.id AND includesvat.`key`=\'includesvat\'\n LEFT JOIN wiser_itemdetail vatrate ON vatrate.item_id=paymentmethod.id AND vatrate.`key`=\'vatrate\'\n \n WHERE paymentmethod.entity_type=\'paymentmethod\' AND paymentmethod.published_environment>0\n');

-- ----------------------------
-- Baskets
-- ----------------------------
INSERT IGNORE INTO `wiser_entity`(`name`, `module_id`, `accepted_childtypes`, `icon`, `icon_add`, `dedicated_table_prefix`,`save_history`) VALUES ('basket', 5000, '', '', '','basket', 0);
INSERT IGNORE INTO `wiser_entity`(`name`, `module_id`, `accepted_childtypes`, `icon`, `icon_add`, `dedicated_table_prefix`,`save_history`) VALUES ('basketline', 5000, '', '', '','basket', 0);
INSERT INTO `wiser_link` (`type`, `destination_entity_type`, `connected_entity_type`, `name`, `show_in_tree_view`, `show_in_data_selector`, `relationship`, `duplication`, `use_item_parent_id`) VALUES (5002, 'basket', 'basketline', 'Shopping cart line', 0, 0, 'one-to-one', 'none', 1);

-- ----------------------------
-- Orders
-- ----------------------------
INSERT IGNORE INTO `wiser_entity`(`name`, `module_id`, `accepted_childtypes`, `icon`, `icon_add`, `dedicated_table_prefix`) VALUES ('order', 5007, '', '', '','');
INSERT IGNORE INTO `wiser_entity`(`name`, `module_id`, `accepted_childtypes`, `icon`, `icon_add`, `dedicated_table_prefix`) VALUES ('orderline', 5007, '', '', '','');
INSERT INTO `wiser_link` (`type`, `destination_entity_type`, `connected_entity_type`, `name`, `show_in_tree_view`, `show_in_data_selector`, `relationship`, `duplication`, `use_item_parent_id`) VALUES (5002, 'order', 'orderline', 'Orderline to order', 0, 0, 'one-to-one', 'none', 1);

-- ----------------------------
-- Mailtemplate
-- ----------------------------
INSERT IGNORE INTO `wiser_entity`(`name`, `module_id`, `accepted_childtypes`, `icon`, `icon_add`) VALUES ('mailtemplate', 700, '', '', '');
INSERT INTO `wiser_entityproperty` (`module_id`, `entity_name`, `link_type`, `visible_in_overview`, `overview_fieldtype`, `overview_width`, `tab_name`, `group_name`, `inputtype`, `display_name`, `property_name`, `explanation`, `ordering`, `regex_validation`, `mandatory`, `readonly`, `default_value`, `automation`, `css`, `width`, `height`, `options`, `data_query`, `action_query`, `search_query`, `search_count_query`, `grid_delete_query`, `grid_insert_query`, `grid_update_query`, `depends_on_field`, `depends_on_operator`, `depends_on_value`, `language_code`, `custom_script`, `also_save_seo_value`, `depends_on_action`, `save_on_change`, `extended_explanation`, `label_style`, `label_width`) VALUES (0, 'mailtemplate', 0, 0, '', 100, '', '', 'input', 'Verzenden naar', 'mailto', NULL, 1, '', 0, 0, NULL, '', '', 100, 0, NULL, NULL, NULL, NULL, NULL, NULL, NULL, NULL, NULL, NULL, NULL, '', NULL, 0, NULL, 0, 0, NULL, NULL);
INSERT INTO `wiser_entityproperty` (`module_id`, `entity_name`, `link_type`, `visible_in_overview`, `overview_fieldtype`, `overview_width`, `tab_name`, `group_name`, `inputtype`, `display_name`, `property_name`, `explanation`, `ordering`, `regex_validation`, `mandatory`, `readonly`, `default_value`, `automation`, `css`, `width`, `height`, `options`, `data_query`, `action_query`, `search_query`, `search_count_query`, `grid_delete_query`, `grid_insert_query`, `grid_update_query`, `depends_on_field`, `depends_on_operator`, `depends_on_value`, `language_code`, `custom_script`, `also_save_seo_value`, `depends_on_action`, `save_on_change`, `extended_explanation`, `label_style`, `label_width`) VALUES (0, 'mailtemplate', 0, 0, '', 100, '', '', 'input', 'Onderwerp', 'subject', NULL, 2, '', 0, 0, NULL, '', '', 100, 0, NULL, NULL, NULL, NULL, NULL, NULL, NULL, NULL, NULL, NULL, NULL, '', NULL, 0, NULL, 0, 0, NULL, NULL);
INSERT INTO `wiser_entityproperty` (`module_id`, `entity_name`, `link_type`, `visible_in_overview`, `overview_fieldtype`, `overview_width`, `tab_name`, `group_name`, `inputtype`, `display_name`, `property_name`, `explanation`, `ordering`, `regex_validation`, `mandatory`, `readonly`, `default_value`, `automation`, `css`, `width`, `height`, `options`, `data_query`, `action_query`, `search_query`, `search_count_query`, `grid_delete_query`, `grid_insert_query`, `grid_update_query`, `depends_on_field`, `depends_on_operator`, `depends_on_value`, `language_code`, `custom_script`, `also_save_seo_value`, `depends_on_action`, `save_on_change`, `extended_explanation`, `label_style`, `label_width`) VALUES (0, 'mailtemplate', 0, 0, '', 100, '', '', 'HTMLeditor', 'Template', 'template', NULL, 3, '', 0, 0, NULL, '', '', 100, 600, '{ "allowAbsoluteImageUrls": true }', NULL, NULL, NULL, NULL, NULL, NULL, NULL, NULL, NULL, NULL, '', NULL, 0, NULL, 0, 0, NULL, NULL);
INSERT IGNORE INTO `wiser_item`(`unique_uuid`, `entity_type`, `moduleid`, `published_environment`, `readonly`, `title`, `added_on`, `added_by`, `changed_on`, `changed_by`) VALUES ('', 'map', 700, 4, 0, 'Templates', NOW(), 'Systeem', NULL, '');
SET @templatesDirectoryId = LAST_INSERT_ID();
INSERT IGNORE INTO `wiser_itemlink` (item_id, destination_item_id, ordering, type) VALUES (@templatesDirectoryId, 0, 1, 1);
INSERT IGNORE INTO `wiser_item`(`unique_uuid`, `entity_type`, `moduleid`, `published_environment`, `readonly`, `title`, `added_on`, `added_by`, `changed_on`, `changed_by`) VALUES ('', 'mailtemplate', 700, 4, 0, 'Bestelmail', NOW(), 'Systeem', NULL, '');
INSERT IGNORE INTO `wiser_itemlink` (item_id, destination_item_id, ordering, type) VALUES (LAST_INSERT_ID(), @templatesDirectoryId, 1, 1);

-- ----------------------------
-- Coupon and coupon module
-- ----------------------------
INSERT INTO `wiser_module` (`id`, `name`, `icon`, `type`) VALUES (5009,'Coupons','pricelabel','DynamicItems');
INSERT INTO `wiser_permission`(`role_id`, `entity_name`, `item_id`, `entity_property_id`, `permissions`, `module_id`) VALUES (1, '', 0, 0, 15, 5009);
INSERT INTO `wiser_entity`(`name`, `module_id`, `accepted_childtypes`, `icon`, `icon_add`) VALUES ('', 5009, 'map', '', '');
INSERT INTO `wiser_entity`(`name`, `module_id`, `accepted_childtypes`, `icon`, `icon_add`, `icon_expanded`) VALUES ('map', 5009, 'coupon', 'icon-folder-closed', 'icon-folder-add', 'icon-folder');
INSERT INTO `wiser_entity`(`name`, `module_id`, `accepted_childtypes`, `icon`, `icon_add`) VALUES ('coupon', 5009, '', 'icon-label', 'icon-label');
INSERT INTO `wiser_entityproperty` (`module_id`, `entity_name`, `link_type`, `visible_in_overview`, `overview_fieldtype`, `overview_width`, `tab_name`, `group_name`, `inputtype`, `display_name`, `property_name`, `explanation`, `ordering`, `regex_validation`, `mandatory`, `readonly`, `default_value`, `automation`, `css`, `width`, `height`, `options`, `data_query`, `action_query`, `search_query`, `search_count_query`, `grid_delete_query`, `grid_insert_query`, `grid_update_query`, `depends_on_field`, `depends_on_operator`, `depends_on_value`, `language_code`, `custom_script`, `also_save_seo_value`, `depends_on_action`, `save_on_change`, `extended_explanation`, `label_style`, `label_width`) VALUES (0, 'coupon', 0, 0, '', 100, '', '', 'input', 'Code', 'code', NULL, 1, '', 1, 0, NULL, '', '', 20, 0, NULL, NULL, NULL, NULL, NULL, NULL, NULL, NULL, NULL, NULL, NULL, '', NULL, 0, NULL, 0, 0, NULL, NULL);
INSERT INTO `wiser_entityproperty` (`module_id`, `entity_name`, `link_type`, `visible_in_overview`, `overview_fieldtype`, `overview_width`, `tab_name`, `group_name`, `inputtype`, `display_name`, `property_name`, `explanation`, `ordering`, `regex_validation`, `mandatory`, `readonly`, `default_value`, `automation`, `css`, `width`, `height`, `options`, `data_query`, `action_query`, `search_query`, `search_count_query`, `grid_delete_query`, `grid_insert_query`, `grid_update_query`, `depends_on_field`, `depends_on_operator`, `depends_on_value`, `language_code`, `custom_script`, `also_save_seo_value`, `depends_on_action`, `save_on_change`, `extended_explanation`, `label_style`, `label_width`) VALUES (0, 'coupon', 0, 0, '', 100, '', '', 'date-time picker', 'Geldig vanaf', 'validfrom', NULL, 2, '', 1, 0, NULL, '', '', 20, 0, '{ \"type\": \"date\" }', NULL, NULL, NULL, NULL, NULL, NULL, NULL, NULL, NULL, NULL, '', NULL, 0, NULL, 0, 0, NULL, NULL);
INSERT INTO `wiser_entityproperty` (`module_id`, `entity_name`, `link_type`, `visible_in_overview`, `overview_fieldtype`, `overview_width`, `tab_name`, `group_name`, `inputtype`, `display_name`, `property_name`, `explanation`, `ordering`, `regex_validation`, `mandatory`, `readonly`, `default_value`, `automation`, `css`, `width`, `height`, `options`, `data_query`, `action_query`, `search_query`, `search_count_query`, `grid_delete_query`, `grid_insert_query`, `grid_update_query`, `depends_on_field`, `depends_on_operator`, `depends_on_value`, `language_code`, `custom_script`, `also_save_seo_value`, `depends_on_action`, `save_on_change`, `extended_explanation`, `label_style`, `label_width`) VALUES (0, 'coupon', 0, 0, '', 100, '', '', 'date-time picker', 'Geldig tot', 'validuntil', NULL, 3, '', 1, 0, NULL, '', '', 20, 0, '{ \"type\": \"date\" }', NULL, NULL, NULL, NULL, NULL, NULL, NULL, NULL, NULL, NULL, '', NULL, 0, NULL, 0, 0, NULL, NULL);
INSERT INTO `wiser_entityproperty` (`module_id`, `entity_name`, `link_type`, `visible_in_overview`, `overview_fieldtype`, `overview_width`, `tab_name`, `group_name`, `inputtype`, `display_name`, `property_name`, `explanation`, `ordering`, `regex_validation`, `mandatory`, `readonly`, `default_value`, `automation`, `css`, `width`, `height`, `options`, `data_query`, `action_query`, `search_query`, `search_count_query`, `grid_delete_query`, `grid_insert_query`, `grid_update_query`, `depends_on_field`, `depends_on_operator`, `depends_on_value`, `language_code`, `custom_script`, `also_save_seo_value`, `depends_on_action`, `save_on_change`, `extended_explanation`, `label_style`, `label_width`) VALUES (0, 'coupon', 0, 0, '', 100, '', '', 'numeric-input', 'Aantal x te gebruiken', 'maxusecount', '0 = oneindig', 4, '', 0, 0, NULL, '', '', 20, 0, '{\"decimals\": 0, \"format\": \"0\"}', NULL, NULL, NULL, NULL, NULL, NULL, NULL, NULL, NULL, NULL, '', NULL, 0, NULL, 0, 0, NULL, NULL);
INSERT INTO `wiser_entityproperty` (`module_id`, `entity_name`, `link_type`, `visible_in_overview`, `overview_fieldtype`, `overview_width`, `tab_name`, `group_name`, `inputtype`, `display_name`, `property_name`, `explanation`, `ordering`, `regex_validation`, `mandatory`, `readonly`, `default_value`, `automation`, `css`, `width`, `height`, `options`, `data_query`, `action_query`, `search_query`, `search_count_query`, `grid_delete_query`, `grid_insert_query`, `grid_update_query`, `depends_on_field`, `depends_on_operator`, `depends_on_value`, `language_code`, `custom_script`, `also_save_seo_value`, `depends_on_action`, `save_on_change`, `extended_explanation`, `label_style`, `label_width`) VALUES (0, 'coupon', 0, 0, '', 100, '', '', 'numeric-input', 'Aantal x gebruikt', 'usedcount', NULL, 5, '', 0, 1, NULL, '', '', 20, 0, '{\"decimals\": 0, \"format\": \"0\"}', NULL, NULL, NULL, NULL, NULL, NULL, NULL, NULL, NULL, NULL, '', NULL, 0, NULL, 0, 0, NULL, NULL);
INSERT INTO `wiser_entityproperty` (`module_id`, `entity_name`, `link_type`, `visible_in_overview`, `overview_fieldtype`, `overview_width`, `tab_name`, `group_name`, `inputtype`, `display_name`, `property_name`, `explanation`, `ordering`, `regex_validation`, `mandatory`, `readonly`, `default_value`, `automation`, `css`, `width`, `height`, `options`, `data_query`, `action_query`, `search_query`, `search_count_query`, `grid_delete_query`, `grid_insert_query`, `grid_update_query`, `depends_on_field`, `depends_on_operator`, `depends_on_value`, `language_code`, `custom_script`, `also_save_seo_value`, `depends_on_action`, `save_on_change`, `extended_explanation`, `label_style`, `label_width`) VALUES (0, 'coupon', 0, 0, '', 100, '', '', 'numeric-input', '% korting', 'discountpercentage', NULL, 6, '', 0, 0, NULL, '', '', 20, 0, '{ \"decimals\": 2, \"format\": \"0.00\" }', NULL, NULL, NULL, NULL, NULL, NULL, NULL, NULL, NULL, NULL, '', NULL, 0, NULL, 0, 0, NULL, NULL);
INSERT INTO `wiser_entityproperty` (`module_id`, `entity_name`, `link_type`, `visible_in_overview`, `overview_fieldtype`, `overview_width`, `tab_name`, `group_name`, `inputtype`, `display_name`, `property_name`, `explanation`, `ordering`, `regex_validation`, `mandatory`, `readonly`, `default_value`, `automation`, `css`, `width`, `height`, `options`, `data_query`, `action_query`, `search_query`, `search_count_query`, `grid_delete_query`, `grid_insert_query`, `grid_update_query`, `depends_on_field`, `depends_on_operator`, `depends_on_value`, `language_code`, `custom_script`, `also_save_seo_value`, `depends_on_action`, `save_on_change`, `extended_explanation`, `label_style`, `label_width`) VALUES (0, 'coupon', 0, 0, '', 100, '', '', 'numeric-input', 'Vaste waarde', 'discountamount', NULL, 7, '', 0, 0, NULL, '', '', 20, 0, '{ \"decimals\": 2, \"format\": \"c\" }', NULL, NULL, NULL, NULL, NULL, NULL, NULL, NULL, NULL, NULL, '', NULL, 0, NULL, 0, 0, NULL, NULL);
INSERT INTO `wiser_entityproperty` (`module_id`, `entity_name`, `link_type`, `visible_in_overview`, `overview_fieldtype`, `overview_width`, `tab_name`, `group_name`, `inputtype`, `display_name`, `property_name`, `explanation`, `ordering`, `regex_validation`, `mandatory`, `readonly`, `default_value`, `automation`, `css`, `width`, `height`, `options`, `data_query`, `action_query`, `search_query`, `search_count_query`, `grid_delete_query`, `grid_insert_query`, `grid_update_query`, `depends_on_field`, `depends_on_operator`, `depends_on_value`, `language_code`, `custom_script`, `also_save_seo_value`, `depends_on_action`, `save_on_change`, `extended_explanation`, `label_style`, `label_width`) VALUES (0, 'coupon', 0, 0, '', 100, '', '', 'checkbox', 'Korting alleen op producten', 'discountonlyonproducts', NULL, 8, '', 0, 0, NULL, '', '', 20, 0, NULL, NULL, NULL, NULL, NULL, NULL, NULL, NULL, NULL, NULL, NULL, '', NULL, 0, NULL, 0, 0, NULL, NULL);
INSERT INTO `wiser_entityproperty` (`module_id`, `entity_name`, `link_type`, `visible_in_overview`, `overview_fieldtype`, `overview_width`, `tab_name`, `group_name`, `inputtype`, `display_name`, `property_name`, `explanation`, `ordering`, `regex_validation`, `mandatory`, `readonly`, `default_value`, `automation`, `css`, `width`, `height`, `options`, `data_query`, `action_query`, `search_query`, `search_count_query`, `grid_delete_query`, `grid_insert_query`, `grid_update_query`, `depends_on_field`, `depends_on_operator`, `depends_on_value`, `language_code`, `custom_script`, `also_save_seo_value`, `depends_on_action`, `save_on_change`, `extended_explanation`, `label_style`, `label_width`) VALUES (0, 'coupon', 0, 0, '', 100, '', '', 'numeric-input', 'Minimaal orderbedrag', 'minpurchaseprice', NULL, 9, '', 0, 0, NULL, '', '', 20, 0, '{ \"decimals\": 2, \"format\": \"c\" }', NULL, NULL, NULL, NULL, NULL, NULL, NULL, NULL, NULL, NULL, '', NULL, 0, NULL, 0, 0, NULL, NULL);
INSERT INTO `wiser_entityproperty` (`module_id`, `entity_name`, `link_type`, `visible_in_overview`, `overview_fieldtype`, `overview_width`, `tab_name`, `group_name`, `inputtype`, `display_name`, `property_name`, `explanation`, `ordering`, `regex_validation`, `mandatory`, `readonly`, `default_value`, `automation`, `css`, `width`, `height`, `options`, `data_query`, `action_query`, `search_query`, `search_count_query`, `grid_delete_query`, `grid_insert_query`, `grid_update_query`, `depends_on_field`, `depends_on_operator`, `depends_on_value`, `language_code`, `custom_script`, `also_save_seo_value`, `depends_on_action`, `save_on_change`, `extended_explanation`, `label_style`, `label_width`) VALUES (0, 'coupon', 0, 0, '', 100, '', '', 'input', 'Domein', 'domain', NULL, 10, '', 0, 0, NULL, '', '', 20, 0, NULL, NULL, NULL, NULL, NULL, NULL, NULL, NULL, NULL, NULL, NULL, '', NULL, 0, NULL, 0, 0, NULL, NULL);
INSERT IGNORE INTO `easy_objects` (typenr, `key`, `value`) VALUES (-1,'BASKET_coupon_maxdiscountistotalamountproducts','true');